criptoativo,mes,ano,num_operacoes,valor_total_operacoes,valor_medio_operacao
AAVE,8,2020,1,59638.94,59638.94
AAVE,1,2021,32,296891.77,9277.87
AAVE,2,2021,129,974326.69,7552.92
AAVE,3,2021,103,64072.39,622.06
AAVE,4,2021,2858,2948448.27,1031.65
AAVE,5,2021,59255,61859222.22,1043.95
AAVE,6,2021,25401,18010101.16,709.03
AAVE,7,2021,26930,20536073.53,762.57
AAVE,8,2021,28661,22763849.69,794.24
AAVE,9,2021,20999,16247672.88,773.74
AAVE,10,2021,23243,20454895.56,880.05
AAVE,11,2021,20521,13956242.73,680.1
AAVE,12,2021,14111,9001406.05,637.9
AAVE,1,2022,10788,7027490.85,651.42
AAVE,2,2022,5828,3025437.63,519.12
AAVE,3,2022,10743,7271146.68,676.83
AAVE,4,2022,9442,7126368.92,754.75
AAVE,5,2022,9636,35073104.59,3639.8
AAVE,6,2022,9318,5628916.79,604.09
AAVE,7,2022,10091,5621278.94,557.06
AAVE,8,2022,7852,3920630.8,499.32
AAVE,9,2022,5129,2930971.56,571.45
AAVE,10,2022,4653,1962271.27,421.72
AAVE,11,2022,12685,2640025.39,208.12
AAVE,12,2022,28229,1514105.72,53.64
AAVE,1,2023,50329,4705243.2,93.49
AAVE,2,2023,33996,4716632.8,138.74
AAVE,3,2023,22591,3122750.22,138.23
AAVE,4,2023,20279,2247310.0,110.82
AAVE,5,2023,14249,1324898.94,92.98
AAVE,6,2023,20202,3436567.48,170.11
AAVE,7,2023,27737,5062978.92,182.54
AAVE,8,2023,20272,3890261.32,191.9
AAVE,9,2023,32936,3615978.51,109.79
AAVE,10,2023,104103,13077108.66,125.62
AAVE,11,2023,109536,20713225.78,189.1
AAVE,12,2023,120468,29946010.19,248.58
AAVE,1,2024,15159,7972867.55,525.95
AAVE,2,2024,57179,25729576.63,449.98
AAVE,3,2024,112730,53578068.27,475.28
AAVE,4,2024,65549,27685461.53,422.36
AAVE,5,2024,49196,21455935.14,436.13
AAVE,6,2024,49152,24149328.42,491.32
AAVE,7,2024,89316,41086437.88,460.01
AAVE,8,2024,144286,78936532.53,547.08
AAVE,9,2024,151200,82404631.93,545.0
AAVE,10,2024,108544,66788192.26,615.31
AAVE,11,2024,283018,241094978.65,851.87
AAVE,12,2024,503422,508557155.18,1010.2
AAVE,1,2025,299770,329018233.63,1097.57
AAVE,2,2025,154313,154931245.19,1004.01
AAVE,3,2025,199345,197010595.1,988.29
AAVE,4,2025,120087,76067236.46,633.43
AAVE,5,2025,185301,198507258.21,1071.27
AAVE,6,2025,133566,141713409.13,1061.0
ADA,8,2019,1089,268153.02,246.24
ADA,9,2019,1005,352891.51,351.14
ADA,10,2019,1231,449362.85,365.04
ADA,11,2019,1583,544227.49,343.8
ADA,12,2019,685,153358.65,223.88
ADA,1,2020,2448,670268.85,273.8
ADA,2,2020,2103,843999.55,401.33
ADA,3,2020,1375,666906.46,485.02
ADA,4,2020,1960,1190848.14,607.58
ADA,5,2020,4501,3383610.2,751.75
ADA,6,2020,6100,6373308.8,1044.8
ADA,7,2020,10762,9880544.62,918.1
ADA,8,2020,8288,7015136.19,846.42
ADA,9,2020,3747,3108455.16,829.59
ADA,10,2020,3067,1955869.49,637.71
ADA,11,2020,6904,6005406.74,869.84
ADA,12,2020,6866,5074100.62,739.02
ADA,1,2021,30935,28837820.87,932.21
ADA,2,2021,107397,159876669.17,1488.65
ADA,3,2021,80948,112502505.51,1389.81
ADA,4,2021,107702,94508840.8,877.5
ADA,5,2021,231717,255876068.06,1104.26
ADA,6,2021,80369,77326519.21,962.14
ADA,7,2021,40738,34833960.34,855.07
ADA,8,2021,285698,240872543.16,843.1
ADA,9,2021,230593,182424448.17,791.11
ADA,10,2021,273005,211005429.29,772.9
ADA,11,2021,254662,203739027.59,800.04
ADA,12,2021,135470,81440273.42,601.17
ADA,1,2022,115007,73836141.97,642.01
ADA,2,2022,71470,60523902.24,846.84
ADA,3,2022,74292,32238427.57,433.94
ADA,4,2022,57323,19543352.61,340.93
ADA,5,2022,79820,44878756.26,562.25
ADA,6,2022,74792,34818328.84,465.54
ADA,7,2022,52658,20858309.76,396.11
ADA,8,2022,51880,14646770.55,282.32
ADA,9,2022,58403,13211955.73,226.22
ADA,10,2022,47153,13257961.69,281.17
ADA,11,2022,59103,22049303.15,373.07
ADA,12,2022,29922,11953908.84,399.5
ADA,1,2023,54358,14159664.05,260.49
ADA,2,2023,52602,19418334.08,369.16
ADA,3,2023,65720,18080181.91,275.11
ADA,4,2023,38543,14485984.77,375.84
ADA,5,2023,41509,10254535.44,247.04
ADA,6,2023,50711,15740427.06,310.39
ADA,7,2023,38308,10721847.59,279.89
ADA,8,2023,30736,6851191.78,222.9
ADA,9,2023,19470,5233747.58,268.81
ADA,10,2023,26390,8930946.35,338.42
ADA,11,2023,77770,19834461.91,255.04
ADA,12,2023,148294,51737340.46,348.88
ADA,1,2024,110770,28946392.43,261.32
ADA,2,2024,105251,37205841.41,353.5
ADA,3,2024,143021,67135757.75,469.41
ADA,4,2024,100575,35920077.31,357.15
ADA,5,2024,81800,25502746.32,311.77
ADA,6,2024,71504,25467024.77,356.16
ADA,7,2024,84333,39766952.48,471.55
ADA,8,2024,81746,94112956.52,1151.29
ADA,9,2024,69171,20743704.76,299.89
ADA,10,2024,76400,24031445.92,314.55
ADA,11,2024,301233,226911931.52,753.28
ADA,12,2024,274390,169949160.67,619.37
ADA,1,2025,192358,101738214.67,528.9
ADA,2,2025,101472,62528266.85,616.21
ADA,3,2025,203823,102180303.9,501.32
ADA,4,2025,190757,59578986.2,312.33
ADA,5,2025,142940,60909389.61,426.12
ADA,6,2025,75644,35424965.55,468.31
ADA,7,2025,5,7889.52,1577.9
BCH,8,2019,57610,27731957.14,481.37
BCH,9,2019,45577,17916807.19,393.11
BCH,10,2019,43785,21539850.99,491.95
BCH,11,2019,40279,19261112.62,478.19
BCH,12,2019,21021,7395494.3,351.81
BCH,1,2020,81230,56837869.83,699.72
BCH,2,2020,75931,64964706.69,855.58
BCH,3,2020,63706,55936739.6,878.05
BCH,4,2020,48649,43473179.84,893.61
BCH,5,2020,42236,37548951.31,889.03
BCH,6,2020,19054,12904153.34,677.24
BCH,7,2020,29284,32856428.65,1121.99
BCH,8,2020,44894,37626616.47,838.12
BCH,9,2020,27986,15988606.84,571.31
BCH,10,2020,23931,15965016.47,667.13
BCH,11,2020,60979,55994613.93,918.26
BCH,12,2020,67877,55976510.9,824.68
BCH,1,2021,157763,145803503.15,924.19
BCH,2,2021,177554,201622291.07,1135.55
BCH,3,2021,106123,100354632.61,945.64
BCH,4,2021,229227,286483685.91,1249.78
BCH,5,2021,235273,359317427.12,1527.24
BCH,6,2021,46635,37538809.76,804.95
BCH,7,2021,34212,24465903.14,715.13
BCH,8,2021,58809,42183095.43,717.29
BCH,9,2021,48134,33342211.52,692.7
BCH,10,2021,56549,37984720.93,671.71
BCH,11,2021,46421,32202890.53,693.71
BCH,12,2021,23337,13286944.31,569.35
BCH,1,2022,16741,9081970.38,542.5
BCH,2,2022,15347,7525020.6,490.33
BCH,3,2022,18525,8618201.43,465.22
BCH,4,2022,15135,7933659.0,524.19
BCH,5,2022,19588,89487718.23,4568.5
BCH,6,2022,17710,5274614.81,297.83
BCH,7,2022,18057,6550946.54,362.79
BCH,8,2022,16363,6565608.18,401.25
BCH,9,2022,11546,4715958.93,408.45
BCH,10,2022,7625,2869415.21,376.32
BCH,11,2022,17113,5159405.35,301.49
BCH,12,2022,28206,1570826.04,55.69
BCH,1,2023,51266,5159703.56,100.65
BCH,2,2023,43197,3554750.19,82.29
BCH,3,2023,40226,5191101.22,129.05
BCH,4,2023,31015,2556461.69,82.43
BCH,5,2023,30242,2983162.77,98.64
BCH,6,2023,73555,19958332.35,271.34
BCH,7,2023,70300,17704973.91,251.85
BCH,8,2023,45711,7214598.48,157.83
BCH,9,2023,61123,7123705.3,116.55
BCH,10,2023,178115,15884202.18,89.18
BCH,11,2023,138504,12654153.82,91.36
BCH,12,2023,152576,20415649.15,133.81
BCH,1,2024,23614,9244665.9,391.49
BCH,2,2024,94669,19515591.28,206.15
BCH,3,2024,267206,131750935.62,493.07
BCH,4,2024,204227,128716195.87,630.26
BCH,5,2024,112207,42851815.68,381.9
BCH,6,2024,88311,28555917.15,323.36
BCH,7,2024,124037,42380060.62,341.67
BCH,8,2024,104364,31968498.19,306.32
BCH,9,2024,85016,24428600.53,287.34
BCH,10,2024,116684,38230454.57,327.64
BCH,11,2024,280857,170983723.78,608.79
BCH,12,2024,283202,171399309.42,605.22
BCH,1,2025,151669,68955461.62,454.64
BCH,2,2025,81946,34978745.36,426.85
BCH,3,2025,148889,84663504.81,568.64
BCH,4,2025,105864,59806648.07,564.94
BCH,5,2025,117293,73572233.48,627.25
BCH,6,2025,95614,42898558.51,448.66
BNB,8,2019,1,100.21,100.21
BNB,9,2019,18,8131.09,451.73
BNB,10,2019,10,5161.74,516.17
BNB,11,2019,26,64010.74,2461.95
BNB,12,2019,188,1648.06,8.77
BNB,1,2020,1976,326976.84,165.47
BNB,2,2020,3990,1497228.01,375.25
BNB,3,2020,1139,622838.63,546.83
BNB,4,2020,1210,871098.17,719.92
BNB,5,2020,1467,829162.11,565.21
BNB,6,2020,699,323603.14,462.95
BNB,7,2020,1513,686854.16,453.97
BNB,8,2020,2496,1433026.82,574.13
BNB,9,2020,2713,2263305.4,834.24
BNB,10,2020,4755,1312853.35,276.1
BNB,11,2020,3096,1118140.84,361.16
BNB,12,2020,2227,1087823.93,488.47
BNB,1,2021,5694,2660675.61,467.28
BNB,2,2021,54565,83870887.54,1537.08
BNB,3,2021,26031,44788154.06,1720.57
BNB,4,2021,49348,79064758.86,1602.19
BNB,5,2021,31534,42695399.37,1353.95
BNB,6,2021,16717,15265727.52,913.19
BNB,7,2021,18300,9027869.28,493.33
BNB,8,2021,19323,16950737.79,877.23
BNB,9,2021,18016,156601389.1,8692.35
BNB,10,2021,30304,19947103.3,658.23
BNB,11,2021,36591,26783665.21,731.97
BNB,12,2021,25299,18358601.0,725.67
BNB,1,2022,19198,14260599.75,742.82
BNB,2,2022,20083,10214602.57,508.62
BNB,3,2022,21193,8557179.35,403.77
BNB,4,2022,21231,9715356.01,457.6
BNB,5,2022,27670,9067882.29,327.72
BNB,6,2022,36603,13077492.01,357.28
BNB,7,2022,34170,10303848.95,301.55
BNB,8,2022,34386,7779379.9,226.24
BNB,9,2022,43746,6882023.4,157.32
BNB,10,2022,66075,6600414.39,99.89
BNB,11,2022,16670,11753129.4,705.05
BNB,12,2022,11169,6107585.83,546.83
BNB,1,2023,11707,6917592.92,590.89
BNB,2,2023,16476,6459409.75,392.05
BNB,3,2023,14425,5358135.49,371.45
BNB,4,2023,15281,4417800.73,289.1
BNB,5,2023,11033,5528697.05,501.11
BNB,6,2023,8500,4346054.57,511.3
BNB,7,2023,9933,3524975.21,354.88
BNB,8,2023,10041,19768824.33,1968.81
BNB,9,2023,10864,4858965.57,447.25
BNB,10,2023,10530,5541861.54,526.29
BNB,11,2023,12551,6905314.69,550.18
BNB,12,2023,15095,7468451.06,494.76
BNB,1,2024,12000,9247880.9,770.66
BNB,2,2024,17519,7114971.03,406.13
BNB,3,2024,23966,16397869.59,684.21
BNB,4,2024,14087,9370460.87,665.18
BNB,5,2024,11235,5826356.0,518.59
BNB,6,2024,12705,8346090.54,656.91
BNB,7,2024,18865,6505329.16,344.84
BNB,8,2024,23365,5800465.28,248.25
BNB,9,2024,18073,4668692.41,258.32
BNB,10,2024,22284,5963984.22,267.64
BNB,11,2024,36375,8891552.73,244.44
BNB,12,2024,40151,15229250.01,379.3
BNB,1,2025,26964,7886390.53,292.48
BNB,2,2025,26313,7676620.25,291.74
BNB,3,2025,23910,6239116.05,260.94
BNB,4,2025,19156,5235842.82,273.33
BNB,5,2025,14296,5888986.15,411.93
BNB,6,2025,15811,4595805.54,290.67
BNB,7,2025,5294,165512.38,31.26
BRLT,8,2020,1,3000000.0,3000000.0
BRZ,8,2019,58,3835538.43,66129.97
BRZ,9,2019,50,1854402.22,37088.04
BRZ,10,2019,181,41550173.52,229558.97
BRZ,11,2019,149,52138654.96,349923.86
BRZ,12,2019,230,120533411.56,524058.31
BRZ,1,2020,258,112661452.48,436672.3
BRZ,2,2020,156,54899904.94,351922.47
BRZ,3,2020,148,34941946.44,236094.23
BRZ,4,2020,51,2704506.98,53029.55
BRZ,5,2020,1387,11251028.3,8111.77
BRZ,6,2020,1382,34926638.13,25272.53
BRZ,7,2020,1277,75136076.69,58837.96
BRZ,8,2020,10194,115166718.02,11297.5
BRZ,9,2020,8393,157407914.71,18754.67
BRZ,10,2020,7772,327521563.09,42141.22
BRZ,11,2020,7145,248875819.7,34832.17
BRZ,12,2020,10247,347504280.35,33912.78
BRZ,1,2021,12535,220230600.79,17569.25
BRZ,2,2021,12974,392635430.79,30263.25
BRZ,3,2021,17124,416595097.94,24328.14
BRZ,4,2021,26931,946370520.91,35140.56
BRZ,5,2021,59077,1098969646.73,18602.33
BRZ,6,2021,37138,892552284.77,24033.4
BRZ,7,2021,34953,832567076.85,23819.62
BRZ,8,2021,47754,570361375.79,11943.74
BRZ,9,2021,51587,807513782.6,15653.44
BRZ,10,2021,55071,1068300354.03,19398.6
BRZ,11,2021,71839,1000956035.99,13933.32
BRZ,12,2021,87506,1059696870.3,12109.99
BRZ,1,2022,66156,854041808.19,12909.51
BRZ,2,2022,49379,566477936.11,11472.04
BRZ,3,2022,55687,1241334242.25,22291.28
BRZ,4,2022,37179,725491614.85,19513.48
BRZ,5,2022,33487,521110079.71,15561.56
BRZ,6,2022,54595,653950938.18,11978.22
BRZ,7,2022,93786,1119591325.62,11937.72
BRZ,8,2022,415596,557104693.09,1340.5
BRZ,9,2022,549075,624411517.7,1137.21
BRZ,10,2022,935747,655889030.37,700.93
BRZ,11,2022,959712,447706554.66,466.5
BRZ,12,2022,1753261,346236623.2,197.48
BRZ,1,2023,2178776,254547904.21,116.83
BRZ,2,2023,1212020,179582600.1,148.17
BRZ,3,2023,1330516,274490425.32,206.3
BRZ,4,2023,2232983,420746786.69,188.42
BRZ,5,2023,1899677,451042872.89,237.43
BRZ,6,2023,1911614,448028445.34,234.37
BRZ,7,2023,2482482,464780698.9,187.22
BRZ,8,2023,2954232,552297070.27,186.95
BRZ,9,2023,2378920,490004897.52,205.98
BRZ,10,2023,1707300,535865958.51,313.87
BRZ,11,2023,1173363,629219578.41,536.25
BRZ,12,2023,835641,572913904.82,685.6
BRZ,1,2024,892648,659874617.61,739.23
BRZ,2,2024,1219198,849783873.61,697.0
BRZ,3,2024,3838701,1283026069.98,334.23
BRZ,4,2024,3841330,1164494149.42,303.15
BRZ,5,2024,4072859,719779616.68,176.73
BRZ,6,2024,4332377,674425048.27,155.67
BRZ,7,2024,4029752,655379348.18,162.64
BRZ,8,2024,4999123,749087456.7,149.84
BRZ,9,2024,4258830,710433505.8,166.81
BRZ,10,2024,8062327,927758362.24,115.07
BRZ,11,2024,15585053,1262838032.8,81.03
BRZ,12,2024,5437529,1062953844.89,195.48
BRZ,1,2025,1372185,716849269.04,522.41
BRZ,2,2025,276878,388916077.47,1404.65
BRZ,3,2025,268913,275127949.94,1023.11
BRZ,4,2025,176812,319662212.39,1807.92
BRZ,5,2025,178385,224073921.34,1256.13
BRZ,6,2025,140471,117829459.23,838.82
BRZX,11,2019,185,12625.78,68.25
BRZX,12,2019,399,32215.9,80.74
BRZX,1,2020,388,73346.63,189.04
BRZX,2,2020,435,32089.96,73.77
BRZX,3,2020,696,23220.48,33.36
BRZX,4,2020,758,33321.71,43.96
BRZX,5,2020,1132,66185.1,58.47
BRZX,6,2020,5622,500803.18,89.08
BRZX,7,2020,4328,549113.69,126.87
BRZX,8,2020,4717,944550.69,200.24
BRZX,9,2020,1309,138299.53,105.65
BRZX,10,2020,2745,860302.37,313.41
BRZX,11,2020,2035,581065.61,285.54
BRZX,12,2020,1731,481774.4,278.32
BRZX,2,2021,1945,445940.34,229.28
BRZX,3,2021,1310,221757.57,169.28
BRZX,4,2021,1649,356047.64,215.92
BRZX,5,2021,1983,343550.45,173.25
BSV,8,2019,72,60528.53,840.67
BSV,9,2019,70,33557.93,479.4
BSV,10,2019,1,39.26,39.26
BSV,11,2019,2,260.19,130.1
BSV,12,2019,1,26.14,26.14
BSV,1,2020,4,1512.31,378.08
BSV,2,2020,3,2963.66,987.89
BSV,3,2020,4091,3243390.03,792.81
BSV,4,2020,3205,2610704.39,814.57
BSV,5,2020,3226,3061045.66,948.87
BSV,6,2020,1397,1021219.82,731.01
BSV,7,2020,2112,1560785.1,739.01
BSV,8,2020,2470,1781550.69,721.28
BSV,9,2020,1493,1261194.6,844.74
BSV,10,2020,779,435097.52,558.53
BSV,11,2020,1521,995115.29,654.25
BSV,12,2020,1380,1109592.86,804.05
BSV,1,2021,7595,6095455.7,802.56
BSV,2,2021,9724,7563558.41,777.82
BSV,3,2021,6618,4993861.06,754.59
BSV,4,2021,13634,9989284.4,732.67
BSV,5,2021,12061,10761572.29,892.26
BSV,6,2021,2207,1617697.32,732.98
BSV,7,2021,1416,996165.49,703.51
BSV,8,2021,2020,898094.09,444.6
BSV,9,2021,1597,828531.21,518.8
BSV,10,2021,1441,830796.06,576.54
BSV,11,2021,882,583894.54,662.01
BSV,12,2021,1065,833864.66,782.97
BSV,1,2022,306,218810.21,715.07
BSV,2,2022,180,87632.79,486.85
BSV,3,2022,178,98581.39,553.83
BSV,4,2022,184,85519.77,464.78
BSV,5,2022,250,45839.12,183.36
BSV,6,2022,488,128773.7,263.88
BSV,7,2022,144,47375.07,328.99
BSV,8,2022,137,47728.03,348.38
BSV,9,2022,82,20195.84,246.29
BSV,10,2022,66,17326.06,262.52
BSV,11,2022,169,41637.07,246.37
BSV,12,2022,87,19683.91,226.25
BSV,1,2023,466,60293.66,129.39
BSV,2,2023,717,97099.11,135.42
BSV,3,2023,286,73367.71,256.53
BSV,4,2023,71,11836.66,166.71
BSV,5,2023,712,94835.43,133.2
BSV,6,2023,881,41492.43,47.1
BSV,7,2023,450,38265.53,85.03
BSV,8,2023,155,8763.26,56.54
BSV,9,2023,70,4435.97,63.37
BSV,10,2023,457,49786.16,108.94
BSV,11,2023,232,25862.55,111.48
BSV,12,2023,744,83074.63,111.66
BSV,1,2024,363,70035.51,192.94
BSV,2,2024,70,10385.13,148.36
BSV,3,2024,326,64509.22,197.88
BSV,4,2024,175,24346.11,139.12
BSV,5,2024,121,12200.09,100.83
BSV,6,2024,175,25536.61,145.92
BSV,7,2024,270,55418.96,205.26
BSV,8,2024,247,73684.37,298.32
BSV,9,2024,107,16036.65,149.88
BSV,10,2024,144,21688.61,150.62
BSV,11,2024,175,47297.69,270.27
BSV,12,2024,242,109911.09,454.18
BSV,1,2025,90,18740.34,208.23
BSV,2,2025,64,5635.06,88.05
BSV,3,2025,102,19998.76,196.07
BSV,4,2025,150,33141.65,220.94
BSV,5,2025,56,11158.65,199.26
BSV,6,2025,115,18047.38,156.93
BTC,8,2019,1042290,3798560371.34,3644.44
BTC,9,2019,680737,4081007229.95,5994.98
BTC,10,2019,637261,5485975137.03,8608.68
BTC,11,2019,455909,4238625347.73,9297.09
BTC,12,2019,351873,4779770064.24,13583.79
BTC,1,2020,552969,4677494968.68,8458.87
BTC,2,2020,477526,2817969187.45,5901.18
BTC,3,2020,712117,3360131690.96,4718.51
BTC,4,2020,684783,1902912407.06,2778.85
BTC,5,2020,962448,2957612233.34,3073.01
BTC,6,2020,536579,2687492628.6,5008.57
BTC,7,2020,591223,3454560962.88,5843.08
BTC,8,2020,637278,3434250887.51,5388.94
BTC,9,2020,518359,3097060432.34,5974.74
BTC,10,2020,509958,2372646050.67,4652.63
BTC,11,2020,820406,3358559785.34,4093.78
BTC,12,2020,1031275,3813728974.18,3698.07
BTC,1,2021,2553499,8228346399.84,3222.38
BTC,2,2021,2082620,7745156211.21,3718.95
BTC,3,2021,1778993,7358191127.59,4136.16
BTC,4,2021,1895556,7632114992.11,4026.32
BTC,5,2021,1955665,7758682094.86,3967.29
BTC,6,2021,1303423,4173350647.68,3201.84
BTC,7,2021,1066204,2816602227.76,2641.71
BTC,8,2021,1346128,5590803403.03,4153.25
BTC,9,2021,1280107,3430352461.3,2679.74
BTC,10,2021,1817062,5176088114.79,2848.6
BTC,11,2021,1419775,4669388198.82,3288.82
BTC,12,2021,2834060,3297894718.74,1163.66
BTC,1,2022,2009455,2295795666.5,1142.5
BTC,2,2022,1802137,1988842130.69,1103.6
BTC,3,2022,1835579,1914046694.23,1042.75
BTC,4,2022,1678283,1882599494.74,1121.74
BTC,5,2022,1855009,2592185147.3,1397.4
BTC,6,2022,2308813,2439886381.93,1056.77
BTC,7,2022,3395596,1843587805.34,542.93
BTC,8,2022,2586821,1510944135.97,584.09
BTC,9,2022,2418481,1455311823.82,601.75
BTC,10,2022,1813269,1097137647.74,605.06
BTC,11,2022,1892536,1442480223.54,762.19
BTC,12,2022,1447252,1008800408.97,697.05
BTC,1,2023,1978674,1060947488.84,536.19
BTC,2,2023,1628277,1084929203.33,666.31
BTC,3,2023,2247171,1626477383.09,723.79
BTC,4,2023,1671711,1244926724.51,744.7
BTC,5,2023,1454391,997895429.82,686.13
BTC,6,2023,1438782,1113206878.61,773.71
BTC,7,2023,1242586,794537528.57,639.42
BTC,8,2023,1481533,1072560496.61,723.95
BTC,9,2023,1146584,732982579.32,639.28
BTC,10,2023,1675477,1201833720.19,717.31
BTC,11,2023,1566950,1189910965.19,759.38
BTC,12,2023,2515548,1670853909.32,664.21
BTC,1,2024,2273567,1933344735.0,850.36
BTC,2,2024,2592469,3251303092.8,1254.13
BTC,3,2024,4363662,7421430384.03,1700.73
BTC,4,2024,3027426,6224923488.68,2056.18
BTC,5,2024,2182412,3416657239.45,1565.54
BTC,6,2024,2172142,3388173481.34,1559.83
BTC,7,2024,2630506,4293934882.94,1632.36
BTC,8,2024,2389229,5271093528.02,2206.19
BTC,9,2024,2023043,3114640818.75,1539.58
BTC,10,2024,2367345,3860215466.75,1630.61
BTC,11,2024,5691570,7349524162.5,1291.3
BTC,12,2024,6925495,7864959042.02,1135.65
BTC,1,2025,5026234,5808741628.07,1155.68
BTC,2,2025,2913836,4090913836.76,1403.96
BTC,3,2025,3309599,3929968382.33,1187.45
BTC,4,2025,2358438,3037871160.62,1288.09
BTC,5,2025,2806916,3710827250.51,1322.03
BTC,6,2025,2223407,3693347666.69,1661.12
BTC,7,2025,4022,7559479.53,1879.53
BTG,8,2019,8202,19355.58,2.36
BTG,9,2019,5791,9786.23,1.69
BTG,10,2019,3,5.65,1.88
BTG,11,2019,6,11.01,1.84
BTG,5,2020,2,802.89,401.44
BTG,5,2021,1,10.71,10.71
BTG,2,2022,26,1694.97,65.19
BTG,3,2022,27,1625.49,60.2
BTG,4,2022,9,332.72,36.97
BTG,5,2022,13,558.59,42.97
BTG,6,2022,5,177.83,35.57
BTG,7,2022,4,176.15,44.04
BTG,8,2022,3,195.48,65.16
BTG,4,2023,2261,46273915.67,20466.13
BTG,5,2023,1671,7643210.5,4574.03
BTG,6,2023,3704,45247251.29,12215.78
BTG,7,2023,1232,10391981.74,8435.05
BTG,8,2023,1019,14931706.76,14653.29
BTG,9,2023,569,5989262.75,10525.95
BTG,10,2023,605,3730826.84,6166.66
BTG,11,2023,1779,30850698.81,17341.6
BTG,12,2023,1778,88658836.59,49864.36
BTG,1,2024,1468,29711569.47,20239.49
BTG,2,2024,1626,59611868.2,36661.67
BTG,3,2024,2062,10485785.64,5085.25
BTG,4,2024,1559,18304493.45,11741.18
BTG,5,2024,1042,4631644.06,4444.96
BTG,6,2024,951,5513592.22,5797.68
BTG,7,2024,956,6710853.04,7019.72
BTG,8,2024,805,107303438.47,133296.2
BTG,9,2024,584,52358163.28,89654.39
BTG,10,2024,772,23533916.56,30484.35
BTG,11,2024,1652,24121977.24,14601.68
BTG,12,2024,896,10818213.56,12073.9
BTG,1,2025,2734,24664207.19,9021.29
BTG,2,2025,1890,9874908.23,5224.82
BTG,3,2025,1100,3793044.92,3448.22
BTG,4,2025,1000,5105698.21,5105.7
BTG,5,2025,1081,3790592.41,3506.56
BTG,6,2025,928,3381583.51,3643.95
BTT,8,2019,479,84097.38,175.57
BTT,9,2019,653,165321.2,253.17
BTT,10,2019,825,123075.58,149.18
BTT,11,2019,854,132092.92,154.68
BTT,12,2019,673,119355.55,177.35
BTT,1,2020,1381,743607.14,538.46
BTT,2,2020,1533,749913.34,489.18
BTT,3,2020,940,358769.06,381.67
BTT,4,2020,1349,522753.28,387.51
BTT,5,2020,2505,1011558.78,403.82
BTT,6,2020,1695,437220.04,257.95
BTT,7,2020,3419,1382339.87,404.31
BTT,8,2020,4787,2109308.71,440.63
BTT,9,2020,2530,1055438.52,417.17
BTT,10,2020,2280,961994.65,421.93
BTT,11,2020,2234,760980.91,340.64
BTT,12,2020,2422,716578.01,295.86
BTT,1,2021,10206,3634576.57,356.12
BTT,2,2021,63606,53689154.38,844.09
BTT,3,2021,82734,108019391.0,1305.62
BTT,4,2021,180283,284350723.22,1577.25
BTT,5,2021,94873,93513635.27,985.67
BTT,6,2021,30347,23717714.51,781.55
BTT,7,2021,16743,13356538.99,797.74
BTT,8,2021,37365,42537798.61,1138.44
BTT,9,2021,18794,15957916.66,849.1
BTT,10,2021,20584,15785605.88,766.89
BTT,11,2021,12063,8890508.95,737.01
BTT,12,2021,13299,10328807.08,776.66
BTT,1,2022,3080,1579873.05,512.95
BTT,11,2022,1,0.01,0.01
BTT,11,2023,1,0.01,0.01
BTT,1,2024,9003,703570.9,78.15
BTT,2,2024,16272,1098699.43,67.52
BTT,3,2024,35382,4745309.79,134.12
BTT,4,2024,16316,1319989.34,80.9
BTT,5,2024,13650,997953.59,73.11
BTT,6,2024,10813,653647.79,60.45
BTT,7,2024,8630,405603.45,47.0
BTT,8,2024,6770,355207.71,52.47
BTT,9,2024,5900,363581.54,61.62
BTT,10,2024,5997,258163.08,43.05
BTT,11,2024,18934,1812337.6,95.72
BTT,12,2024,21178,3176939.04,150.01
BTT,1,2025,11827,614640.22,51.97
BTT,2,2025,4015,251921.89,62.75
BTT,3,2025,3231,138769.44,42.95
BTT,4,2025,3162,297839.63,94.19
BTT,5,2025,3615,242670.37,67.13
BTT,6,2025,3366,306443.29,91.04
BUSD,3,2020,6,150188.8,25031.47
BUSD,6,2020,1,100.0,100.0
BUSD,8,2020,2,0.37,0.18
BUSD,9,2020,1,10062.0,10062.0
BUSD,11,2020,17,2204552.62,129679.57
BUSD,12,2020,923,70709075.88,76607.88
BUSD,1,2021,644,69787626.94,108365.88
BUSD,2,2021,1876,105118051.52,56033.08
BUSD,3,2021,1008,181770936.67,180328.31
BUSD,4,2021,832,509160192.33,611971.39
BUSD,5,2021,2966,797738681.26,268961.12
BUSD,6,2021,1548,274935724.82,177607.06
BUSD,7,2021,2006,28071786.59,13993.91
BUSD,8,2021,4887,46858111.22,9588.32
BUSD,9,2021,4240,98699783.98,23278.25
BUSD,10,2021,4584,28848718.59,6293.35
BUSD,11,2021,6306,59788521.1,9481.21
BUSD,12,2021,5913,101593273.83,17181.34
BUSD,1,2022,4096,49298514.54,12035.77
BUSD,2,2022,4087,19844159.46,4855.43
BUSD,3,2022,3841,43673295.66,11370.29
BUSD,4,2022,4821,51730735.55,10730.29
BUSD,5,2022,5567,63742534.27,11450.07
BUSD,6,2022,9474,49238504.66,5197.22
BUSD,7,2022,9959,59840600.89,6008.7
BUSD,8,2022,6680,24432250.01,3657.52
BUSD,9,2022,6791,37930154.31,5585.36
BUSD,10,2022,4388,34450981.99,7851.18
BUSD,11,2022,8481,28246828.08,3330.6
BUSD,12,2022,7869,31673535.47,4025.1
BUSD,1,2023,8540,28666238.86,3356.7
BUSD,2,2023,8476,44951859.99,5303.43
BUSD,3,2023,5382,18726185.64,3479.41
BUSD,4,2023,6618,24055398.21,3634.84
BUSD,5,2023,8433,32356468.16,3836.89
BUSD,6,2023,7260,40290239.9,5549.62
BUSD,7,2023,4828,17678647.12,3661.69
BUSD,8,2023,3705,19454580.08,5250.9
BUSD,9,2023,5081,5249264.78,1033.12
BUSD,10,2023,7754,7210770.4,929.94
BUSD,11,2023,545,406264.56,745.44
BUSD,12,2023,287,247296.18,861.66
BUSD,1,2024,22,660708.69,30032.21
BUSD,2,2024,16,595402.19,37212.64
BUSD,3,2024,28,25990600.99,928235.75
BUSD,4,2024,45,133022303.86,2956051.2
BUSD,5,2024,100,228699464.25,2286994.64
BUSD,6,2024,227,214346789.31,944258.98
BUSD,7,2024,455,413796101.05,909441.98
BUSD,8,2024,514,342166903.95,665694.37
BUSD,9,2024,539,449473941.32,833903.42
BUSD,10,2024,590,596673897.3,1011311.69
BUSD,11,2024,2576,700659237.46,271995.05
BUSD,12,2024,529,646705208.96,1222505.12
BUSD,1,2025,775,658523781.03,849708.1
BUSD,2,2025,362,275940426.52,762266.37
BUSD,3,2025,21,33107614.98,1576553.09
BUSD,4,2025,76,243655281.32,3205990.54
BUSD,5,2025,35,508912574.92,14540359.28
BUSD,6,2025,14,728532.1,52038.01
CBRL,12,2019,13,1305.02,100.39
CBRL,1,2020,10,1009.0,100.9
CBRL,2,2020,49,40423.42,824.97
CBRL,3,2020,40,63838.48,1595.96
CBRL,4,2020,320,433273.04,1353.98
CBRL,5,2020,3797,2415956.72,636.28
CBRL,6,2020,3130,1667454.98,532.73
CBRL,7,2020,6887,5005166.98,726.76
CBRL,8,2020,14029,76477097.41,5451.36
CBRL,9,2020,6390,112642115.35,17627.87
CBRL,10,2020,8141,6124671.09,752.32
CBRL,11,2020,11383,27849633.21,2446.6
CBRL,12,2020,8947,9005709.24,1006.56
CBRL,1,2021,22819,16043443.82,703.07
CBRL,2,2021,9674,15901168.86,1643.7
CBRL,3,2021,13932,21392651.91,1535.5
CBRL,4,2021,10380,15936157.64,1535.28
CBRL,5,2021,9447,12626430.16,1336.55
CBRL,6,2021,14115,7221874.93,511.65
CBRL,7,2021,7375,6171239.02,836.78
CBRL,8,2021,11206,12262211.29,1094.25
CBRL,9,2021,7575,7196893.43,950.08
CBRL,10,2021,5196,6755744.06,1300.18
CBRL,11,2021,4253,6473493.08,1522.1
CBRL,12,2021,2113,2338989.68,1106.95
CBRL,1,2022,1539,3707194.4,2408.83
CBRL,2,2022,1171,1204863.91,1028.92
CBRL,3,2022,1100,1185248.09,1077.5
CBRL,4,2022,1046,1126174.63,1076.65
CBRL,5,2022,942,971439.52,1031.25
CBRL,6,2022,635,632851.28,996.62
CBRL,7,2022,106,110038.82,1038.1
CBRL,8,2022,1,33117.22,33117.22
CBRL,10,2022,4,240409.74,60102.44
CBRL,6,2023,1,530.0,530.0
CBRL,8,2023,1,30000.0,30000.0
CHZ,11,2019,4,1353.18,338.29
CHZ,6,2020,1,5066.35,5066.35
CHZ,7,2020,22123,9472376.1,428.17
CHZ,8,2020,39503,20672908.65,523.33
CHZ,9,2020,18868,7031757.88,372.68
CHZ,10,2020,11173,3286101.04,294.11
CHZ,11,2020,25106,9229272.36,367.61
CHZ,12,2020,91911,56948108.38,619.6
CHZ,1,2021,96102,49828000.07,518.49
CHZ,2,2021,178585,229037776.81,1282.51
CHZ,3,2021,1093514,2695210256.52,2464.72
CHZ,4,2021,534199,1009498757.6,1889.74
CHZ,5,2021,397783,1006162396.18,2529.43
CHZ,6,2021,242131,728986425.34,3010.71
CHZ,7,2021,148810,805810159.05,5415.03
CHZ,8,2021,202891,404524693.35,1993.8
CHZ,9,2021,137741,163304516.69,1185.59
CHZ,10,2021,170868,259533868.08,1518.91
CHZ,11,2021,191848,351469843.9,1832.02
CHZ,12,2021,73145,81703903.08,1117.01
CHZ,1,2022,51346,51618521.74,1005.31
CHZ,2,2022,41836,30833742.22,737.01
CHZ,3,2022,50425,50696307.9,1005.38
CHZ,4,2022,34212,25910776.36,757.36
CHZ,5,2022,40403,67170931.25,1662.52
CHZ,6,2022,24435,18640167.34,762.85
CHZ,7,2022,21347,13769212.72,645.02
CHZ,8,2022,49421,44512941.02,900.69
CHZ,9,2022,39457,40627018.48,1029.65
CHZ,10,2022,35514,29375657.36,827.16
CHZ,11,2022,96107,94102904.69,979.15
CHZ,12,2022,31231,19115650.52,612.07
CHZ,1,2023,29905,15789643.26,527.99
CHZ,2,2023,28221,16273593.7,576.65
CHZ,3,2023,21445,11955436.53,557.49
CHZ,4,2023,16323,10186196.53,624.04
CHZ,5,2023,27333,6129510.76,224.25
CHZ,6,2023,20335,5381564.44,264.65
CHZ,7,2023,12524,3968194.0,316.85
CHZ,8,2023,11512,3170426.1,275.4
CHZ,9,2023,8049,2018621.42,250.79
CHZ,10,2023,12049,4664501.89,387.13
CHZ,11,2023,15641,6766033.97,432.58
CHZ,12,2023,15958,5594003.29,350.55
CHZ,1,2024,23816,10309774.41,432.89
CHZ,2,2024,18670,10137664.49,542.99
CHZ,3,2024,40543,17020802.44,419.82
CHZ,4,2024,22986,10592619.98,460.83
CHZ,5,2024,17934,10658083.98,594.29
CHZ,6,2024,18027,9555153.19,530.05
CHZ,7,2024,12610,6391413.88,506.85
CHZ,8,2024,11206,5686299.44,507.43
CHZ,9,2024,8764,3507624.09,400.23
CHZ,10,2024,14681,9725757.33,662.47
CHZ,11,2024,26912,15492244.88,575.66
CHZ,12,2024,49499,27941829.5,564.49
CHZ,1,2025,42061,13464265.39,320.11
CHZ,2,2025,24839,9761928.29,393.01
CHZ,3,2025,20668,6887851.46,333.26
CHZ,4,2025,19305,5276807.66,273.34
CHZ,5,2025,23916,8109809.84,339.1
CHZ,6,2025,16906,6695654.43,396.05
CHZ,7,2025,1,957.86,957.86
COMP,7,2020,1,5293.59,5293.59
COMP,8,2020,1,613.23,613.23
COMP,1,2021,5,1322.74,264.55
COMP,2,2021,21,56796.46,2704.59
COMP,3,2021,8,6416.12,802.02
COMP,4,2021,29,32060.15,1105.52
COMP,5,2021,12733,10083383.65,791.91
COMP,6,2021,8574,5012286.99,584.59
COMP,7,2021,21646,23304915.07,1076.64
COMP,8,2021,13541,13854987.57,1023.19
COMP,9,2021,7663,8129463.77,1060.87
COMP,10,2021,9734,9898193.56,1016.87
COMP,11,2021,5381,4310056.42,800.98
COMP,12,2021,3868,1970389.13,509.41
COMP,1,2022,2989,1640484.86,548.84
COMP,2,2022,1775,728578.02,410.47
COMP,3,2022,2780,1151542.19,414.22
COMP,4,2022,3052,1514184.1,496.13
COMP,5,2022,1718,508684.86,296.09
COMP,6,2022,4069,898422.03,220.8
COMP,7,2022,3264,867785.38,265.87
COMP,8,2022,2062,895357.74,434.22
COMP,9,2022,1903,626915.4,329.44
COMP,10,2022,1315,235874.14,179.37
COMP,11,2022,1494,411236.8,275.26
COMP,12,2022,1015,157694.58,155.36
COMP,1,2023,1817,365768.87,201.3
COMP,2,2023,1655,407244.05,246.07
COMP,3,2023,1554,544071.83,350.11
COMP,4,2023,1347,158915.12,117.98
COMP,5,2023,1216,199550.58,164.1
COMP,6,2023,2406,642652.11,267.1
COMP,7,2023,5918,1818334.68,307.25
COMP,8,2023,2238,1006872.32,449.9
COMP,9,2023,1955,324250.46,165.86
COMP,10,2023,1762,334709.56,189.96
COMP,11,2023,2274,674518.85,296.62
COMP,12,2023,2892,757264.12,261.85
COMP,1,2024,4387,551108.92,125.62
COMP,2,2024,4465,1206266.93,270.16
COMP,3,2024,13410,1963281.27,146.4
COMP,4,2024,3387,689116.95,203.46
COMP,5,2024,2421,434428.14,179.44
COMP,6,2024,2095,1056614.51,504.35
COMP,7,2024,6873,1247310.19,181.48
COMP,8,2024,5594,930724.68,166.38
COMP,9,2024,2005,610849.98,304.66
COMP,10,2024,1438,254788.57,177.18
COMP,11,2024,3579,1235371.16,345.17
COMP,12,2024,6734,3090038.99,458.87
COMP,1,2025,2912,812159.71,278.9
COMP,2,2025,1539,433324.04,281.56
COMP,3,2025,1724,364985.3,211.71
COMP,4,2025,1629,763057.99,468.42
COMP,5,2025,1628,214461.41,131.73
COMP,6,2025,2288,773041.42,337.87
CRV,8,2020,1,25000.0,25000.0
CRV,9,2020,1,5000.0,5000.0
CRV,1,2021,12,12662.69,1055.22
CRV,2,2021,14,35098.09,2507.01
CRV,3,2021,15,27380.56,1825.37
CRV,4,2021,7,10439.04,1491.29
CRV,5,2021,21061,13020972.57,618.25
CRV,6,2021,14596,12130289.8,831.07
CRV,7,2021,8878,5485396.18,617.86
CRV,8,2021,18264,12601648.64,689.97
CRV,9,2021,18089,16390420.17,906.1
CRV,10,2021,30222,41347513.36,1368.13
CRV,11,2021,25477,30852210.72,1210.98
CRV,12,2021,17166,18025315.49,1050.06
CRV,1,2022,13819,16983560.72,1229.0
CRV,2,2022,6473,5369574.56,829.53
CRV,3,2022,7953,4638954.56,583.3
CRV,4,2022,7360,3409779.13,463.29
CRV,5,2022,8002,3033914.89,379.14
CRV,6,2022,6080,1967891.67,323.67
CRV,7,2022,9190,4293278.84,467.17
CRV,8,2022,5585,3407436.74,610.11
CRV,9,2022,4203,2684231.39,638.65
CRV,10,2022,3137,1345007.04,428.76
CRV,11,2022,6145,3011192.48,490.02
CRV,12,2022,2625,956265.42,364.29
CRV,1,2023,4452,2155724.22,484.21
CRV,2,2023,6450,4258309.14,660.2
CRV,3,2023,4168,1879622.87,450.97
CRV,4,2023,2356,791232.23,335.84
CRV,5,2023,1680,408074.98,242.9
CRV,6,2023,2708,428969.99,158.41
CRV,7,2023,2740,560117.06,204.42
CRV,8,2023,3343,939339.82,280.99
CRV,9,2023,2405,396094.46,164.7
CRV,10,2023,2313,390941.55,169.02
CRV,11,2023,2312,664123.37,287.25
CRV,12,2023,2786,738547.91,265.09
CRV,1,2024,5915,710866.05,120.18
CRV,2,2024,4892,1109055.49,226.71
CRV,3,2024,6753,3899760.37,577.49
CRV,4,2024,8652,1077071.74,124.49
CRV,5,2024,3186,905912.92,284.34
CRV,6,2024,5670,6017091.96,1061.22
CRV,7,2024,2579,1618961.94,627.75
CRV,8,2024,3023,1355182.77,448.29
CRV,9,2024,1652,1685620.13,1020.35
CRV,10,2024,1719,778980.21,453.16
CRV,11,2024,6877,9269247.18,1347.86
CRV,12,2024,11244,10494691.14,933.36
CRV,1,2025,4428,8065591.7,1821.5
CRV,2,2025,2340,1587042.59,678.22
CRV,3,2025,1730,522254.76,301.88
CRV,4,2025,3552,1560754.32,439.4
CRV,5,2025,4848,2077232.0,428.47
CRV,6,2025,2103,832391.13,395.81
DAI,8,2019,21,15656.69,745.56
DAI,9,2019,12,183330.23,15277.52
DAI,10,2019,2,913.44,456.72
DAI,11,2019,2,100.0,50.0
DAI,12,2019,5,40289.95,8057.99
DAI,1,2020,5,1045.57,209.11
DAI,2,2020,9,433167.48,48129.72
DAI,3,2020,32,4460.71,139.4
DAI,4,2020,29,46292.3,1596.29
DAI,5,2020,153,62021.2,405.37
DAI,6,2020,188,22507.73,119.72
DAI,7,2020,3843,1357366.88,353.21
DAI,8,2020,4079,1699347.41,416.61
DAI,9,2020,1729,1313936.62,759.94
DAI,10,2020,1737,1289706.34,742.49
DAI,11,2020,7545,4188352.34,555.12
DAI,12,2020,6794,3877527.97,570.73
DAI,1,2021,12103,6030013.56,498.22
DAI,2,2021,16421,6524312.64,397.32
DAI,3,2021,12431,5160751.11,415.15
DAI,4,2021,19238,8054941.68,418.7
DAI,5,2021,24833,12263703.76,493.85
DAI,6,2021,7898,3968003.14,502.41
DAI,7,2021,5907,5380697.48,910.9
DAI,8,2021,14809,10588874.22,715.03
DAI,9,2021,12279,9436043.92,768.47
DAI,10,2021,10332,5394004.84,522.07
DAI,11,2021,7787,4859523.44,624.06
DAI,12,2021,5710,3705304.51,648.91
DAI,1,2022,4462,3342035.66,749.0
DAI,2,2022,3085,2411607.57,781.72
DAI,3,2022,3022,2400400.75,794.31
DAI,4,2022,2556,3009596.46,1177.46
DAI,5,2022,2378,1761623.76,740.8
DAI,6,2022,1581,1105497.56,699.24
DAI,7,2022,1784,932112.54,522.48
DAI,8,2022,1624,1016422.7,625.88
DAI,9,2022,1421,812294.01,571.64
DAI,10,2022,1173,1256698.79,1071.35
DAI,11,2022,1791,1226400.61,684.76
DAI,12,2022,1220,1170720.94,959.61
DAI,1,2023,1487,778110.94,523.28
DAI,2,2023,1334,922042.53,691.19
DAI,3,2023,2013,1566995.6,778.44
DAI,4,2023,980,699219.09,713.49
DAI,5,2023,934,680042.18,728.1
DAI,6,2023,852,525256.65,616.5
DAI,7,2023,942,670402.4,711.68
DAI,8,2023,1057,1429453.8,1352.37
DAI,9,2023,1188,906435.76,762.99
DAI,10,2023,919,473655.7,515.4
DAI,11,2023,1057,513627.69,485.93
DAI,12,2023,1739,534974.38,307.63
DAI,1,2024,1753,519885.99,296.57
DAI,2,2024,1694,452833.19,267.32
DAI,3,2024,3942,812466.82,206.11
DAI,4,2024,2410,538357.36,223.38
DAI,5,2024,2023,1318241.71,651.63
DAI,6,2024,2179,1707278.25,783.51
DAI,7,2024,2256,478484.95,212.09
DAI,8,2024,2107,459908.37,218.28
DAI,9,2024,1557,487084.48,312.84
DAI,10,2024,1516,224787.2,148.28
DAI,11,2024,3753,487227.08,129.82
DAI,12,2024,4494,963187.37,214.33
DAI,1,2025,4124,442521.49,107.3
DAI,2,2025,1717,356290.56,207.51
DAI,3,2025,1364,317420.64,232.71
DAI,4,2025,1393,435301.91,312.49
DAI,5,2025,1697,418089.0,246.37
DAI,6,2025,1143,190052.28,166.27
DASH,8,2019,12471,845231.29,67.78
DASH,9,2019,10291,1440027.79,139.93
DASH,10,2019,3922,935357.89,238.49
DASH,11,2019,2817,585489.3,207.84
DASH,12,2019,2090,406415.81,194.46
DASH,1,2020,19069,8479294.01,444.66
DASH,2,2020,12046,5759506.75,478.13
DASH,3,2020,7431,2754837.17,370.72
DASH,4,2020,5837,2161442.91,370.3
DASH,5,2020,3661,1391130.39,379.99
DASH,6,2020,1706,442227.72,259.22
DASH,7,2020,1741,549648.41,315.71
DASH,8,2020,3312,1458644.19,440.41
DASH,9,2020,1605,628719.18,391.73
DASH,10,2020,1549,536609.39,346.42
DASH,11,2020,3829,2053681.23,536.35
DASH,12,2020,2609,1045624.26,400.78
DASH,1,2021,6834,4299767.17,629.17
DASH,2,2021,14842,10922221.39,735.9
DASH,3,2021,6320,3982901.49,630.21
DASH,4,2021,11037,8360834.12,757.53
DASH,5,2021,9188,6297372.36,685.39
DASH,6,2021,1674,814408.15,486.5
DASH,7,2021,2131,1381210.71,648.15
DASH,8,2021,3018,2070586.61,686.08
DASH,9,2021,1721,1078299.69,626.55
DASH,10,2021,1649,902980.54,547.59
DASH,11,2021,2315,1494824.82,645.71
DASH,12,2021,813,405143.59,498.33
DASH,1,2022,969,560637.84,578.57
DASH,2,2022,4631,3353191.6,724.08
DASH,3,2022,11616,930118.1,80.07
DASH,4,2022,5067,353387.44,69.74
DASH,5,2022,8396,394081.05,46.94
DASH,6,2022,11206,422642.95,37.72
DASH,7,2022,11398,330384.04,28.99
DASH,8,2022,8088,244577.93,30.24
DASH,9,2022,7234,261548.39,36.16
DASH,10,2022,13658,388757.77,28.46
DASH,11,2022,438,130106.51,297.05
DASH,12,2022,242,79853.54,329.97
DASH,1,2023,368,137997.42,374.99
DASH,2,2023,326,109565.83,336.09
DASH,3,2023,295,115714.14,392.25
DASH,4,2023,254,183058.62,720.7
DASH,5,2023,434,252197.01,581.1
DASH,6,2023,271,57629.4,212.65
DASH,7,2023,178,21975.71,123.46
DASH,8,2023,212,48341.92,228.03
DASH,9,2023,188,38885.39,206.84
DASH,10,2023,318,103146.04,324.36
DASH,11,2023,340,104787.52,308.2
DASH,12,2023,448,145344.29,324.43
DASH,1,2024,400,165684.23,414.21
DASH,2,2024,422,151977.18,360.14
DASH,3,2024,593,160398.4,270.49
DASH,4,2024,318,119237.66,374.96
DASH,5,2024,310,52039.58,167.87
DASH,6,2024,243,64335.53,264.76
DASH,7,2024,272,45808.35,168.41
DASH,8,2024,234,38935.22,166.39
DASH,9,2024,234,37576.34,160.58
DASH,10,2024,239,55078.32,230.45
DASH,11,2024,588,163291.52,277.71
DASH,12,2024,1557,490525.17,315.05
DASH,1,2025,414,171073.03,413.22
DASH,2,2025,330,82419.1,249.75
DASH,3,2025,337,70078.25,207.95
DASH,4,2025,239,71881.84,300.76
DASH,5,2025,232,139468.83,601.16
DASH,6,2025,177,25096.52,141.79
DCR,8,2019,8069,138181.63,17.13
DCR,9,2019,6283,77066.44,12.27
DCR,10,2019,234,41949.85,179.27
DCR,11,2019,309,68883.69,222.92
DCR,12,2019,70,35970.62,513.87
DCR,1,2020,123,9444.02,76.78
DCR,2,2020,143,23691.93,165.68
DCR,3,2020,108,25801.54,238.9
DCR,4,2020,145,25693.25,177.19
DCR,5,2020,134,31629.31,236.04
DCR,6,2020,1639,1156235.72,705.45
DCR,7,2020,2045,1274140.8,623.05
DCR,8,2020,2865,1850794.42,646.0
DCR,9,2020,1097,729060.9,664.6
DCR,10,2020,1913,1925907.85,1006.75
DCR,11,2020,3944,3405343.59,863.42
DCR,12,2020,5351,10406261.44,1944.73
DCR,1,2021,6546,8749698.87,1336.65
DCR,2,2021,9675,9559876.74,988.1
DCR,3,2021,4262,3882701.94,911.0
DCR,4,2021,4751,3209122.53,675.46
DCR,5,2021,4834,3893776.82,805.5
DCR,6,2021,1836,1491123.02,812.16
DCR,7,2021,1016,725459.9,714.04
DCR,8,2021,1928,1245587.47,646.05
DCR,9,2021,991,759340.95,766.24
DCR,10,2021,1332,1340641.02,1006.49
DCR,11,2021,772,569928.48,738.25
DCR,12,2021,1502,1107199.62,737.15
DCR,1,2022,6133,142016150.59,23156.07
DCR,2,2022,9681,179114341.93,18501.64
DCR,3,2022,9709,240621133.97,24783.31
DCR,4,2022,12406,224548873.56,18100.02
DCR,5,2022,15859,273108857.37,17221.06
DCR,6,2022,16347,264318701.96,16169.25
DCR,7,2022,14301,246007780.62,17202.14
DCR,8,2022,22189,336138552.82,15148.88
DCR,9,2022,13445,203877713.26,15163.83
DCR,10,2022,204,61901.45,303.44
DCR,11,2022,373,90865.24,243.61
DCR,12,2022,275,71791.33,261.06
DCR,1,2023,307,96036.18,312.82
DCR,2,2023,419,113676.3,271.3
DCR,3,2023,410,131457.37,320.63
DCR,4,2023,805,336132.08,417.56
DCR,5,2023,285,63981.12,224.5
DCR,6,2023,327,45161.17,138.11
DCR,7,2023,216,38949.97,180.32
DCR,8,2023,55,13376.45,243.21
DCR,9,2023,25,24256.37,970.25
DCR,10,2023,504,99298.93,197.02
DCR,11,2023,338,52076.06,154.07
DCR,12,2023,982,189591.23,193.07
DCR,1,2024,732,135732.27,185.43
DCR,2,2024,206,51449.15,249.75
DCR,3,2024,572,124444.82,217.56
DCR,4,2024,288,131043.23,455.01
DCR,5,2024,366,120436.95,329.06
DCR,6,2024,246,54780.23,222.68
DCR,7,2024,216,53178.07,246.19
DCR,8,2024,350,75912.5,216.89
DCR,9,2024,438,85533.57,195.28
DCR,10,2024,207,56049.39,270.77
DCR,11,2024,562,142329.88,253.26
DCR,12,2024,475,147286.25,310.08
DCR,1,2025,244,61340.72,251.4
DCR,2,2025,218,49743.23,228.18
DCR,3,2025,218,62040.87,284.59
DCR,4,2025,291,89508.73,307.59
DCR,5,2025,289,75824.13,262.37
DCR,6,2025,325,68170.53,209.76
DGB,8,2019,7,372.93,53.28
DGB,4,2020,2,34677.9,17338.95
DGB,5,2020,1,9.47,9.47
DGB,6,2020,1,50634.09,50634.09
DGB,7,2020,1,20000.0,20000.0
DGB,8,2020,3564,1721391.05,482.99
DGB,9,2020,6926,3716955.8,536.67
DGB,10,2020,4544,1997597.89,439.61
DGB,11,2020,6308,2804460.57,444.59
DGB,12,2020,6267,2769121.31,441.86
DGB,1,2021,12700,4383983.06,345.2
DGB,2,2021,36287,17650363.41,486.41
DGB,3,2021,22842,10682172.36,467.65
DGB,4,2021,65068,43774336.86,672.75
DGB,5,2021,41094,26926962.67,655.25
DGB,6,2021,17519,10105864.43,576.85
DGB,7,2021,5958,2574580.58,432.12
DGB,8,2021,14999,9217248.03,614.52
DGB,9,2021,7602,4077096.25,536.32
DGB,10,2021,9285,4506705.93,485.37
DGB,11,2021,6874,2748904.78,399.9
DGB,12,2021,3068,1062712.16,346.39
DGB,1,2022,1892,511849.69,270.53
DGB,2,2022,1790,659276.18,368.31
DGB,3,2022,4127,2004474.25,485.7
DGB,4,2022,1838,616812.51,335.59
DGB,5,2022,2470,704073.21,285.05
DGB,6,2022,1794,357411.34,199.23
DGB,7,2022,1430,339270.66,237.25
DGB,8,2022,1330,300782.2,226.15
DGB,9,2022,926,214778.45,231.94
DGB,10,2022,681,108689.47,159.6
DGB,11,2022,850,177634.47,208.98
DGB,12,2022,799,145148.09,181.66
DGB,1,2023,799,185591.49,232.28
DGB,2,2023,762,205591.49,269.81
DGB,3,2023,545,149015.55,273.42
DGB,4,2023,575,141758.18,246.54
DGB,5,2023,440,93850.83,213.3
DGB,6,2023,310,57107.72,184.22
DGB,7,2023,260,47558.26,182.92
DGB,8,2023,235,35448.25,150.84
DGB,9,2023,233,35386.97,151.88
DGB,10,2023,299,49785.14,166.51
DGB,11,2023,420,103555.18,246.56
DGB,12,2023,741,116936.67,157.81
DGB,1,2024,561,110730.84,197.38
DGB,2,2024,899,207780.49,231.12
DGB,3,2024,1208,160733.92,133.06
DGB,4,2024,806,114714.65,142.33
DGB,5,2024,556,69449.47,124.91
DGB,6,2024,356,41591.27,116.83
DGB,7,2024,207,22168.85,107.1
DGB,8,2024,254,28204.25,111.04
DGB,9,2024,368,64429.33,175.08
DGB,10,2024,301,51767.88,171.99
DGB,11,2024,1888,497940.22,263.74
DGB,12,2024,1676,529929.79,316.19
DGB,1,2025,1857,581420.22,313.1
DGB,2,2025,276,42216.41,152.96
DGB,3,2025,392,58945.34,150.37
DGB,4,2025,464,84398.89,181.89
DGB,5,2025,302,56298.76,186.42
DGB,6,2025,114,12970.75,113.78
DOGE,8,2019,1397,226603.64,162.21
DOGE,9,2019,1268,183913.64,145.04
DOGE,10,2019,1921,246221.08,128.17
DOGE,11,2019,1752,203314.79,116.05
DOGE,12,2019,1130,104366.18,92.36
DOGE,1,2020,3964,505669.57,127.57
DOGE,2,2020,3968,727535.34,183.35
DOGE,3,2020,2015,259592.57,128.83
DOGE,4,2020,3334,545920.12,163.74
DOGE,5,2020,4436,833462.42,187.89
DOGE,6,2020,3313,527916.23,159.35
DOGE,7,2020,16216,5410278.08,333.64
DOGE,8,2020,6947,1497767.66,215.6
DOGE,9,2020,3715,672101.19,180.92
DOGE,10,2020,3399,533069.53,156.83
DOGE,11,2020,4610,835808.89,181.3
DOGE,12,2020,8420,1553002.99,184.44
DOGE,1,2021,89556,91007619.82,1016.21
DOGE,2,2021,110739,121069102.01,1093.28
DOGE,3,2021,29306,37280334.86,1272.11
DOGE,4,2021,331254,368724580.36,1113.12
DOGE,5,2021,561678,694854773.91,1237.11
DOGE,6,2021,114315,88391559.39,773.23
DOGE,7,2021,44077,33054048.75,749.92
DOGE,8,2021,100079,73421794.36,733.64
DOGE,9,2021,52068,22828102.97,438.43
DOGE,10,2021,78610,47979525.19,610.35
DOGE,11,2021,84878,41765883.0,492.07
DOGE,12,2021,86026,33598296.68,390.56
DOGE,1,2022,78197,20693808.15,264.64
DOGE,2,2022,51580,45998973.8,891.8
DOGE,3,2022,44018,11114801.58,252.51
DOGE,4,2022,61153,15810703.08,258.54
DOGE,5,2022,47850,25240987.27,527.5
DOGE,6,2022,32955,4984384.44,151.25
DOGE,7,2022,25799,3611346.15,139.98
DOGE,8,2022,26999,4494624.11,166.47
DOGE,9,2022,25904,2908004.68,112.26
DOGE,10,2022,52273,22058386.09,421.98
DOGE,11,2022,80772,34336007.64,425.1
DOGE,12,2022,35921,14059915.15,391.41
DOGE,1,2023,29849,7949579.29,266.33
DOGE,2,2023,24223,7276310.48,300.39
DOGE,3,2023,21554,4636647.61,215.12
DOGE,4,2023,35914,11277587.93,314.02
DOGE,5,2023,19683,3545556.78,180.13
DOGE,6,2023,19369,5872938.98,303.21
DOGE,7,2023,26271,9041765.84,344.17
DOGE,8,2023,23936,4785761.02,199.94
DOGE,9,2023,16836,2878707.99,170.99
DOGE,10,2023,20488,5180345.57,252.85
DOGE,11,2023,30984,9514584.2,307.08
DOGE,12,2023,39944,11105519.74,278.03
DOGE,1,2024,30479,8375242.89,274.79
DOGE,2,2024,61910,16675183.35,269.35
DOGE,3,2024,205372,77144965.68,375.64
DOGE,4,2024,108203,35651000.87,329.48
DOGE,5,2024,90946,35680302.08,392.32
DOGE,6,2024,54908,17029316.5,310.14
DOGE,7,2024,59247,30901843.88,521.58
DOGE,8,2024,48066,88451509.51,1840.21
DOGE,9,2024,46265,13821381.68,298.74
DOGE,10,2024,78241,29992615.71,383.34
DOGE,11,2024,372488,291585210.39,782.8
DOGE,12,2024,373069,165165609.09,442.72
DOGE,1,2025,284761,110814962.04,389.15
DOGE,2,2025,96188,42321201.5,439.98
DOGE,3,2025,63359,20591682.62,325.0
DOGE,4,2025,55602,16588444.85,298.34
DOGE,5,2025,69762,31469337.45,451.1
DOGE,6,2025,35634,19956915.51,560.05
EOS,8,2019,699,118991.09,170.23
EOS,9,2019,658,466455.93,708.9
EOS,10,2019,899,561582.66,624.67
EOS,11,2019,904,544666.12,602.51
EOS,12,2019,299,249814.81,835.5
EOS,1,2020,1577,1010211.67,640.59
EOS,2,2020,1554,1035590.77,666.4
EOS,3,2020,965,665848.91,690.0
EOS,4,2020,1597,772411.29,483.66
EOS,5,2020,5718,3045963.09,532.7
EOS,6,2020,3548,1977796.85,557.44
EOS,7,2020,4876,2720854.75,558.01
EOS,8,2020,9401,5885922.08,626.1
EOS,9,2020,5016,2989514.83,596.0
EOS,10,2020,4096,2540116.1,620.15
EOS,11,2020,9669,6699629.38,692.9
EOS,12,2020,7969,5520053.91,692.69
EOS,1,2021,20075,10017702.59,499.01
EOS,2,2021,26303,15633632.36,594.37
EOS,3,2021,14867,8160833.14,548.92
EOS,4,2021,39989,25188471.44,629.89
EOS,5,2021,90732,69249843.3,763.24
EOS,6,2021,15602,7508081.31,481.23
EOS,7,2021,10130,4233803.28,417.95
EOS,8,2021,18010,10928467.81,606.8
EOS,9,2021,14997,8763916.18,584.38
EOS,10,2021,13056,8938253.91,684.61
EOS,11,2021,8195,4815408.11,587.6
EOS,12,2021,5903,2420445.58,410.04
EOS,1,2022,4273,1499487.89,350.92
EOS,2,2022,3405,741168.61,217.67
EOS,3,2022,3433,923251.11,268.93
EOS,4,2022,2941,587063.16,199.61
EOS,5,2022,4488,550386.65,122.64
EOS,6,2022,2369,228353.66,96.39
EOS,7,2022,2786,323981.66,116.29
EOS,8,2022,4914,1240193.48,252.38
EOS,9,2022,4367,686693.15,157.25
EOS,10,2022,1980,229460.93,115.89
EOS,11,2022,1470,164207.94,111.71
EOS,12,2022,1257,114610.87,91.18
EOS,1,2023,1907,164465.71,86.24
EOS,2,2023,2030,299464.85,147.52
EOS,3,2023,3310,576702.71,174.23
EOS,4,2023,1606,267803.02,166.75
EOS,5,2023,1058,114483.09,108.21
EOS,6,2023,2346,199915.12,85.22
EOS,7,2023,2021,133644.12,66.13
EOS,8,2023,1480,124005.61,83.79
EOS,9,2023,1334,56510.59,42.36
EOS,10,2023,1457,100002.41,68.64
EOS,11,2023,1937,237772.02,122.75
EOS,12,2023,2984,336844.25,112.88
EOS,1,2024,9843,245552.87,24.95
EOS,2,2024,6274,511314.39,81.5
EOS,3,2024,9238,1595059.07,172.66
EOS,4,2024,6038,699671.04,115.88
EOS,5,2024,3038,462889.45,152.37
EOS,6,2024,2105,336716.67,159.96
EOS,7,2024,3249,279639.41,86.07
EOS,8,2024,2862,283991.15,99.23
EOS,9,2024,1327,90128.91,67.92
EOS,10,2024,1968,256658.13,130.42
EOS,11,2024,4871,959715.33,197.03
EOS,12,2024,6954,2067544.91,297.32
EOS,1,2025,3953,707945.09,179.09
EOS,2,2025,1948,263677.97,135.36
EOS,3,2025,1954,213856.72,109.45
EOS,4,2025,3012,417015.54,138.45
EOS,5,2025,1978,266849.13,134.91
EOS,6,2025,522,67770.52,129.83
ETC,8,2019,13,972.03,74.77
ETC,9,2019,6,897.14,149.52
ETC,11,2019,8,135.51,16.94
ETC,12,2019,2,12.9,6.45
ETC,1,2020,6,78599.23,13099.87
ETC,2,2020,1110,903952.23,814.37
ETC,3,2020,1968,1615611.34,820.94
ETC,4,2020,816,448907.31,550.13
ETC,5,2020,2429,1785267.4,734.98
ETC,6,2020,751,529575.46,705.16
ETC,7,2020,859,480178.19,559.0
ETC,8,2020,1350,742834.06,550.25
ETC,9,2020,580,352225.81,607.29
ETC,10,2020,563,228606.16,406.05
ETC,11,2020,1390,644611.8,463.75
ETC,12,2020,1054,535644.88,508.2
ETC,1,2021,3009,1843052.31,612.51
ETC,2,2021,6914,5505447.91,796.28
ETC,3,2021,3574,2211676.69,618.82
ETC,4,2021,16948,18858159.79,1112.71
ETC,5,2021,53112,93486989.42,1760.19
ETC,6,2021,4825,5441897.44,1127.85
ETC,7,2021,3194,3375986.43,1056.98
ETC,8,2021,4560,5176176.31,1135.13
ETC,9,2021,2035,1493613.05,733.96
ETC,10,2021,1952,1560735.12,799.56
ETC,11,2021,1782,1350596.81,757.91
ETC,12,2021,844,383831.33,454.78
ETC,1,2022,730,329471.67,451.33
ETC,2,2022,933,355605.45,381.14
ETC,3,2022,2564,1610311.27,628.05
ETC,4,2022,763,246589.69,323.18
ETC,5,2022,742,245235.15,330.51
ETC,6,2022,511,116172.43,227.34
ETC,7,2022,5564,3070231.8,551.8
ETC,8,2022,5975,3656484.4,611.96
ETC,9,2022,4638,2660806.64,573.7
ETC,10,2022,1108,451019.29,407.06
ETC,11,2022,1458,577354.03,395.99
ETC,12,2022,286,46508.98,162.62
ETC,1,2023,683,224324.69,328.44
ETC,2,2023,416,107230.48,257.77
ETC,3,2023,439,107576.44,245.05
ETC,4,2023,331,74790.76,225.95
ETC,5,2023,271,68076.55,251.2
ETC,6,2023,304,80539.01,264.93
ETC,7,2023,345,55456.07,160.74
ETC,8,2023,157,25744.29,163.98
ETC,9,2023,202,30305.95,150.03
ETC,10,2023,219,51935.91,237.15
ETC,11,2023,442,65566.73,148.34
ETC,12,2023,653,132836.47,203.42
ETC,1,2024,748,185293.41,247.72
ETC,2,2024,3749,1758617.67,469.09
ETC,3,2024,8278,2323266.05,280.66
ETC,4,2024,4581,894592.97,195.28
ETC,5,2024,3871,727217.76,187.86
ETC,6,2024,2949,455131.17,154.33
ETC,7,2024,2815,685934.39,243.67
ETC,8,2024,2076,368374.18,177.44
ETC,9,2024,1696,248446.56,146.49
ETC,10,2024,2001,384210.99,192.01
ETC,11,2024,7058,1946382.83,275.77
ETC,12,2024,10767,5100886.89,473.75
ETC,1,2025,4684,1134110.51,242.12
ETC,2,2025,2274,310767.27,136.66
ETC,3,2025,2128,263273.28,123.72
ETC,4,2025,1907,286345.08,150.15
ETC,5,2025,45497,14068356.88,309.22
ETC,6,2025,16002,2933192.53,183.3
ETH,8,2019,67935,30053333.1,442.38
ETH,9,2019,65716,29618350.67,450.7
ETH,10,2019,49856,24631908.09,494.06
ETH,11,2019,38283,19589878.66,511.71
ETH,12,2019,29514,12806084.51,433.9
ETH,1,2020,51229,26052891.83,508.56
ETH,2,2020,95610,84364489.2,882.38
ETH,3,2020,93773,74764107.71,797.29
ETH,4,2020,134671,163608125.68,1214.87
ETH,5,2020,164542,106422530.5,646.78
ETH,6,2020,69299,49180424.15,709.68
ETH,7,2020,95612,82571201.32,863.61
ETH,8,2020,148239,219748779.58,1482.4
ETH,9,2020,182140,176276255.53,967.81
ETH,10,2020,82154,102464773.1,1247.23
ETH,11,2020,187275,268411338.77,1433.25
ETH,12,2020,196484,255957529.36,1302.69
ETH,1,2021,765615,1600718929.38,2090.76
ETH,2,2021,712446,1669906241.58,2343.91
ETH,3,2021,463154,994080155.31,2146.33
ETH,4,2021,691403,1596467866.42,2309.03
ETH,5,2021,1077723,3486027545.85,3234.62
ETH,6,2021,360065,1061853595.36,2949.06
ETH,7,2021,290116,744399060.65,2565.87
ETH,8,2021,506893,1418867424.35,2799.15
ETH,9,2021,441230,1532953870.39,3474.27
ETH,10,2021,535419,1625009558.97,3035.02
ETH,11,2021,426166,1336161664.61,3135.31
ETH,12,2021,1073991,1285137249.61,1196.6
ETH,1,2022,1024115,1022801875.89,998.72
ETH,2,2022,768937,912856635.04,1187.17
ETH,3,2022,739063,607396164.26,821.85
ETH,4,2022,625759,434280439.02,694.01
ETH,5,2022,669235,689401374.39,1030.13
ETH,6,2022,897308,615230303.46,685.64
ETH,7,2022,1781863,670532918.49,376.31
ETH,8,2022,1488395,642205369.18,431.48
ETH,9,2022,1221180,527326125.9,431.82
ETH,10,2022,774254,288502405.96,372.62
ETH,11,2022,834956,498797118.21,597.39
ETH,12,2022,527899,196539547.67,372.31
ETH,1,2023,771356,271843531.62,352.42
ETH,2,2023,607441,240665819.51,396.2
ETH,3,2023,820187,363843276.06,443.61
ETH,4,2023,645211,276716415.45,428.88
ETH,5,2023,473065,198895201.84,420.44
ETH,6,2023,440695,232329016.96,527.19
ETH,7,2023,447829,164860732.01,368.13
ETH,8,2023,535193,272133149.82,508.48
ETH,9,2023,483606,138600880.17,286.6
ETH,10,2023,600388,243181838.46,405.04
ETH,11,2023,691310,359478315.44,520.0
ETH,12,2023,1062990,452354311.79,425.55
ETH,1,2024,978103,563548101.63,576.16
ETH,2,2024,1108566,721910267.05,651.21
ETH,3,2024,2081385,1782108275.06,856.21
ETH,4,2024,1623129,1192453594.1,734.66
ETH,5,2024,1104975,844436764.49,764.21
ETH,6,2024,1088263,716364590.78,658.26
ETH,7,2024,1051136,865979457.85,823.85
ETH,8,2024,1031046,1275801226.91,1237.39
ETH,9,2024,845313,903954322.88,1069.37
ETH,10,2024,949175,1024796485.87,1079.67
ETH,11,2024,2175435,1990769804.38,915.11
ETH,12,2024,2552463,2264755502.64,887.28
ETH,1,2025,1804415,1424791632.57,789.61
ETH,2,2025,1191064,1215388076.25,1020.42
ETH,3,2025,1214452,1085263912.37,893.62
ETH,4,2025,875804,852472266.83,973.36
ETH,5,2025,1245994,1567366686.63,1257.92
ETH,6,2025,894196,1249065423.24,1396.86
ETH,7,2025,6453,1469527.94,227.73
FIL,2,2021,7,14230.94,2032.99
FIL,3,2021,64,32895.09,513.99
FIL,4,2021,36,92512.01,2569.78
FIL,5,2021,4,43219.88,10804.97
FIL,6,2021,14,17600.06,1257.15
FIL,7,2021,925,423866.68,458.23
FIL,8,2021,1886,1179801.36,625.56
FIL,9,2021,3933,5025161.48,1277.69
FIL,10,2021,2078,2311016.13,1112.13
FIL,11,2021,1097,1014167.5,924.49
FIL,12,2021,11799,4665465.08,395.41
FIL,1,2022,6946,2591183.61,373.05
FIL,2,2022,3711,43318875.33,11673.1
FIL,3,2022,6949,4478815.25,644.53
FIL,4,2022,5823,1690918.64,290.39
FIL,5,2022,3735,1423361.19,381.09
FIL,6,2022,2453,589248.27,240.22
FIL,7,2022,4862,1271204.74,261.46
FIL,8,2022,8637,3138483.38,363.38
FIL,9,2022,2820,865211.37,306.81
FIL,10,2022,1195,202731.5,169.65
FIL,11,2022,1418,300651.74,212.03
FIL,12,2022,1848,219849.85,118.97
FIL,1,2023,1995,667197.4,334.43
FIL,2,2023,5089,1692497.1,332.58
FIL,3,2023,3466,1136763.14,327.98
FIL,4,2023,1256,335326.84,266.98
FIL,5,2023,972,243945.86,250.97
FIL,6,2023,1978,518623.6,262.2
FIL,7,2023,1806,561327.03,310.81
FIL,8,2023,1170,312435.01,267.04
FIL,9,2023,907,164832.62,181.73
FIL,10,2023,1201,319557.1,266.08
FIL,11,2023,1815,473778.1,261.03
FIL,12,2023,3460,1156187.67,334.16
FIL,1,2024,4760,1217394.69,255.76
FIL,2,2024,7956,2597029.08,326.42
FIL,3,2024,14893,6940931.34,466.05
FIL,4,2024,9399,2838992.59,302.05
FIL,5,2024,5493,1524859.42,277.6
FIL,6,2024,4480,1938675.42,432.74
FIL,7,2024,3868,1028413.12,265.88
FIL,8,2024,3815,629710.12,165.06
FIL,9,2024,2003,644169.04,321.6
FIL,10,2024,2320,374133.81,161.26
FIL,11,2024,5782,1786230.41,308.93
FIL,12,2024,7797,3570709.83,457.96
FIL,1,2025,4773,1156408.59,242.28
FIL,2,2025,2979,701459.59,235.47
FIL,3,2025,2055,980928.31,477.34
FIL,4,2025,1675,1323633.6,790.23
FIL,5,2025,2002,187041.28,93.43
FIL,6,2025,1497,170277.32,113.75
FIL,7,2025,3,1193.13,397.71
ICP,5,2021,35,206877.5,5910.79
ICP,6,2021,34,14624.25,430.12
ICP,7,2021,31,78574.99,2534.68
ICP,8,2021,125,334944.1,2679.55
ICP,9,2021,73,67901.94,930.16
ICP,10,2021,3027,2023494.08,668.48
ICP,11,2021,2177,1542806.13,708.68
ICP,12,2021,16026,7340101.51,458.01
ICP,1,2022,38506,23938292.44,621.68
ICP,2,2022,7444,3075309.71,413.13
ICP,3,2022,6705,2703935.91,403.27
ICP,4,2022,4805,1351869.04,281.35
ICP,5,2022,9352,1922022.82,205.52
ICP,6,2022,5682,1891476.38,332.89
ICP,7,2022,4911,1186694.74,241.64
ICP,8,2022,3361,870696.83,259.06
ICP,9,2022,1819,380289.72,209.07
ICP,10,2022,1758,281845.52,160.32
ICP,11,2022,2131,320869.66,150.57
ICP,12,2022,1668,177130.49,106.19
ICP,1,2023,3007,439138.18,146.04
ICP,2,2023,5122,1071773.44,209.25
ICP,3,2023,2767,485035.25,175.29
ICP,4,2023,3374,882772.7,261.64
ICP,5,2023,2644,507050.23,191.77
ICP,6,2023,2166,272817.58,125.95
ICP,7,2023,2288,266459.59,116.46
ICP,8,2023,1934,206302.61,106.67
ICP,9,2023,1708,112050.64,65.6
ICP,10,2023,1822,237708.1,130.47
ICP,11,2023,2680,503802.43,187.99
ICP,12,2023,10895,3635538.33,333.69
ICP,1,2024,10874,3928138.35,361.24
ICP,2,2024,8756,2709732.83,309.47
ICP,3,2024,20555,8460332.3,411.59
ICP,4,2024,15483,5316637.14,343.39
ICP,5,2024,7952,2515241.68,316.3
ICP,6,2024,5346,1960837.53,366.79
ICP,7,2024,6712,1939687.52,288.99
ICP,8,2024,4141,1078381.39,260.42
ICP,9,2024,3532,1048774.85,296.94
ICP,10,2024,4292,996576.33,232.19
ICP,11,2024,9314,4209725.75,451.98
ICP,12,2024,7972,4350710.3,545.75
ICP,1,2025,5342,2008669.17,376.01
ICP,2,2025,2805,941700.96,335.72
ICP,3,2025,2904,842857.41,290.24
ICP,4,2025,1651,359228.02,217.58
ICP,5,2025,2084,697798.62,334.84
ICP,6,2025,1668,396716.96,237.84
ICP,7,2025,2,1240.36,620.18
IMOB01,10,2020,49,500800.0,10220.41
IMOB01,8,2021,58,1112690.83,19184.32
IOTA,8,2019,763,197646.4,259.04
IOTA,9,2019,537,400919.72,746.59
IOTA,10,2019,876,441680.06,504.2
IOTA,11,2019,579,224197.14,387.21
IOTA,12,2019,623,236401.75,379.46
IOTA,1,2020,1466,735743.23,501.87
IOTA,2,2020,2932,1442372.04,491.94
IOTA,3,2020,1201,418552.16,348.5
IOTA,4,2020,1757,647546.02,368.55
IOTA,5,2020,3323,1215976.85,365.93
IOTA,6,2020,2609,649604.54,248.99
IOTA,7,2020,3637,1075176.96,295.62
IOTA,8,2020,6866,3413244.47,497.12
IOTA,9,2020,2246,1106136.88,492.49
IOTA,10,2020,1412,732461.5,518.74
IOTA,11,2020,3154,1529768.45,485.02
IOTA,12,2020,2521,833841.07,330.76
IOTA,1,2021,9688,5140939.89,530.65
IOTA,2,2021,30664,21501743.24,701.2
IOTA,3,2021,17330,15307265.08,883.28
IOTA,4,2021,22525,18857223.84,837.17
IOTA,5,2021,15570,12043842.58,773.53
IOTA,6,2021,5631,3582161.79,636.15
IOTA,7,2021,3607,2067150.9,573.09
IOTA,8,2021,6882,4665399.65,677.91
IOTA,9,2021,14346,12941700.44,902.11
IOTA,10,2021,8688,8937780.7,1028.75
IOTA,11,2021,5197,4852836.06,933.78
IOTA,12,2021,2768,2102351.56,759.52
IOTA,1,2022,1244,978792.96,786.81
IOTA,2,2022,667,300914.4,451.15
IOTA,3,2022,802,594360.29,741.1
IOTA,4,2022,557,298287.47,535.53
IOTA,5,2022,981,416492.11,424.56
IOTA,6,2022,454,113170.97,249.28
IOTA,7,2022,725,209157.63,288.49
IOTA,8,2022,306,72118.1,235.68
IOTA,9,2022,440,148439.43,337.36
IOTA,10,2022,432,154336.64,357.26
IOTA,11,2022,272,70766.04,260.17
IOTA,12,2022,167,32952.96,197.32
IOTA,1,2023,549,122740.62,223.57
IOTA,2,2023,277,58409.27,210.86
IOTA,3,2023,401,70560.94,175.96
IOTA,4,2023,221,34829.53,157.6
IOTA,5,2023,258,51572.62,199.89
IOTA,6,2023,366,56223.74,153.62
IOTA,7,2023,196,51679.84,263.67
IOTA,8,2023,118,10925.97,92.59
IOTA,9,2023,115,10710.52,93.13
IOTA,10,2023,236,37888.33,160.54
IOTA,11,2023,850,159612.12,187.78
IOTA,12,2023,899,208533.81,231.96
IOTA,1,2024,305,97984.89,321.26
IOTA,2,2024,283,70876.06,250.45
IOTA,3,2024,605,205967.74,340.44
IOTA,4,2024,235,63561.44,270.47
IOTA,5,2024,150,19910.23,132.73
IOTA,6,2024,171,29670.06,173.51
IOTA,7,2024,112,17256.81,154.08
IOTA,8,2024,113,45531.47,402.93
IOTA,9,2024,126,20095.37,159.49
IOTA,10,2024,244,72838.08,298.52
IOTA,11,2024,693,387732.52,559.5
IOTA,12,2024,1757,906528.48,515.95
IOTA,1,2025,537,174494.21,324.94
IOTA,2,2025,202,47307.3,234.19
IOTA,3,2025,250,89743.5,358.97
IOTA,4,2025,207,86437.42,417.57
IOTA,5,2025,222,93712.58,422.13
IOTA,6,2025,89,27918.34,313.69
LINK,8,2019,6,31561.27,5260.21
LINK,9,2019,46,473826.77,10300.58
LINK,10,2019,82,596748.98,7277.43
LINK,11,2019,316,56719.02,179.49
LINK,12,2019,734,110528.92,150.58
LINK,1,2020,1806,608530.13,336.95
LINK,2,2020,2972,1803088.52,606.69
LINK,3,2020,6100,3467746.09,568.48
LINK,4,2020,3850,2116627.6,549.77
LINK,5,2020,4484,2331501.6,519.96
LINK,6,2020,2699,1607548.18,595.61
LINK,7,2020,8818,7363439.94,835.05
LINK,8,2020,21132,23421914.62,1108.36
LINK,9,2020,11260,9750155.4,865.91
LINK,10,2020,6191,4917760.79,794.34
LINK,11,2020,8295,6936175.71,836.19
LINK,12,2020,40706,25070024.15,615.88
LINK,1,2021,176807,190819516.81,1079.25
LINK,2,2021,141399,186627174.43,1319.86
LINK,3,2021,122757,148034769.02,1205.92
LINK,4,2021,183892,233224137.58,1268.27
LINK,5,2021,158192,212417136.1,1342.78
LINK,6,2021,61039,75301806.44,1233.67
LINK,7,2021,44461,51632815.15,1161.31
LINK,8,2021,70200,79266369.04,1129.15
LINK,9,2021,58719,64916980.46,1105.55
LINK,10,2021,54474,58173053.95,1067.9
LINK,11,2021,50261,56915630.1,1132.4
LINK,12,2021,98651,45134128.07,457.51
LINK,1,2022,35540,35949513.25,1011.52
LINK,2,2022,17066,9845511.95,576.91
LINK,3,2022,14373,10452475.62,727.23
LINK,4,2022,11785,10812474.68,917.48
LINK,5,2022,17908,45584509.99,2545.48
LINK,6,2022,17604,9034131.65,513.19
LINK,7,2022,11438,4866302.85,425.45
LINK,8,2022,11602,6245985.41,538.35
LINK,9,2022,13736,6649720.68,484.11
LINK,10,2022,18105,8162533.18,450.84
LINK,11,2022,44167,15439390.83,349.57
LINK,12,2022,27583,7084607.85,256.85
LINK,1,2023,38743,8857079.25,228.61
LINK,2,2023,43481,13256105.84,304.87
LINK,3,2023,33782,10207350.52,302.15
LINK,4,2023,33080,8459663.26,255.73
LINK,5,2023,26142,5356105.01,204.89
LINK,6,2023,31243,9800270.31,313.68
LINK,7,2023,48818,14253547.77,291.97
LINK,8,2023,30771,8843855.5,287.41
LINK,9,2023,186597,26631675.28,142.72
LINK,10,2023,241213,61352642.62,254.35
LINK,11,2023,332338,129801281.97,390.57
LINK,12,2023,298516,114628034.04,383.99
LINK,1,2024,164895,65580992.91,397.71
LINK,2,2024,315077,121023118.48,384.11
LINK,3,2024,334945,136756068.6,408.29
LINK,4,2024,204050,70367694.41,344.86
LINK,5,2024,204791,70663986.59,345.05
LINK,6,2024,168866,62659070.06,371.06
LINK,7,2024,165861,57531758.26,346.87
LINK,8,2024,145987,52685391.77,360.89
LINK,9,2024,141402,37686125.71,266.52
LINK,10,2024,165421,52264513.24,315.95
LINK,11,2024,392807,169524689.37,431.57
LINK,12,2024,854667,558770209.76,653.79
LINK,1,2025,422686,262021246.27,619.9
LINK,2,2025,230779,143169425.21,620.37
LINK,3,2025,236015,107325937.35,454.74
LINK,4,2025,159925,62829482.09,392.87
LINK,5,2025,169793,80393212.78,473.48
LINK,6,2025,131632,68244331.14,518.45
LINK,7,2025,9,29303.82,3255.98
LTC,8,2019,92620,66823611.51,721.48
LTC,9,2019,76099,43869418.58,576.48
LTC,10,2019,51387,31743261.03,617.73
LTC,11,2019,46990,23250359.94,494.79
LTC,12,2019,31659,19117218.38,603.85
LTC,1,2020,68890,39168644.38,568.57
LTC,2,2020,94365,76661946.72,812.4
LTC,3,2020,68584,46853960.52,683.16
LTC,4,2020,49613,35360542.77,712.73
LTC,5,2020,60521,45209661.46,747.01
LTC,6,2020,37491,21819692.06,582.0
LTC,7,2020,51748,34213077.39,661.15
LTC,8,2020,88863,79972995.26,899.96
LTC,9,2020,56600,28027934.53,495.19
LTC,10,2020,52377,29877387.15,570.43
LTC,11,2020,135515,101897118.99,751.93
LTC,12,2020,159840,165845109.11,1037.57
LTC,1,2021,259003,250551217.14,967.37
LTC,2,2021,312264,356158485.15,1140.57
LTC,3,2021,205264,223351902.12,1088.12
LTC,4,2021,345655,398959129.39,1154.21
LTC,5,2021,407447,507612352.04,1245.84
LTC,6,2021,134284,96197505.99,716.37
LTC,7,2021,84617,50454751.82,596.27
LTC,8,2021,148147,101678475.93,686.34
LTC,9,2021,156842,124796540.25,795.68
LTC,10,2021,153937,110472431.04,717.65
LTC,11,2021,177966,154384120.05,867.49
LTC,12,2021,98772,64450279.61,652.52
LTC,1,2022,68975,40184043.65,582.59
LTC,2,2022,60105,31186015.61,518.86
LTC,3,2022,49822,25002896.75,501.84
LTC,4,2022,37394,18485120.85,494.33
LTC,5,2022,53813,55513045.43,1031.59
LTC,6,2022,52648,21034143.84,399.52
LTC,7,2022,43238,17389034.26,402.17
LTC,8,2022,32100,13684403.86,426.31
LTC,9,2022,36447,14064168.26,385.88
LTC,10,2022,79400,12256419.7,154.36
LTC,11,2022,108763,22850595.35,210.1
LTC,12,2022,73775,14485344.21,196.34
LTC,1,2023,89476,16820277.29,187.99
LTC,2,2023,76369,17022099.47,222.89
LTC,3,2023,89225,26842579.81,300.84
LTC,4,2023,56743,16513368.44,291.02
LTC,5,2023,56815,19190235.29,337.77
LTC,6,2023,58432,26293388.23,449.98
LTC,7,2023,88588,30166188.85,340.52
LTC,8,2023,134547,21062451.84,156.54
LTC,9,2023,117411,18549173.46,157.98
LTC,10,2023,167555,24546526.63,146.5
LTC,11,2023,159958,31108928.98,194.48
LTC,12,2023,291005,37046136.74,127.3
LTC,1,2024,193382,28333717.14,146.52
LTC,2,2024,202531,35706526.88,176.3
LTC,3,2024,435559,97940104.4,224.86
LTC,4,2024,282935,91589523.97,323.71
LTC,5,2024,148940,33924321.06,227.77
LTC,6,2024,131301,31087995.11,236.77
LTC,7,2024,149413,45683258.65,305.75
LTC,8,2024,130623,89743211.37,687.04
LTC,9,2024,121849,26544057.97,217.84
LTC,10,2024,163603,48623491.54,297.2
LTC,11,2024,365568,140507512.48,384.35
LTC,12,2024,602506,335019012.14,556.04
LTC,1,2025,409529,187656397.47,458.22
LTC,2,2025,327635,216050439.33,659.42
LTC,3,2025,260477,199997716.11,767.81
LTC,4,2025,157375,60115527.84,381.99
LTC,5,2025,186026,88759230.18,477.13
LTC,6,2025,117603,42517661.98,361.54
MATIC,8,2019,50,189713.78,3794.28
MATIC,9,2019,4,1011.89,252.97
MATIC,10,2019,13,123191.36,9476.26
MATIC,11,2019,29,239935.85,8273.65
MATIC,12,2019,48,236755.86,4932.41
MATIC,6,2020,1,25314.53,25314.53
MATIC,7,2020,1,12515.0,12515.0
MATIC,8,2020,1,89.37,89.37
MATIC,11,2020,2,997.92,498.96
MATIC,2,2021,33,229992.86,6969.48
MATIC,3,2021,41,72694.27,1773.03
MATIC,4,2021,28,297980.58,10642.16
MATIC,5,2021,330,2913460.98,8828.67
MATIC,6,2021,159,741644.37,4664.43
MATIC,7,2021,7562,6678787.16,883.2
MATIC,8,2021,21452,17209693.19,802.24
MATIC,9,2021,30773,24923793.47,809.92
MATIC,10,2021,40599,44108288.57,1086.44
MATIC,11,2021,31633,31592772.09,998.73
MATIC,12,2021,46852,52228680.34,1114.76
MATIC,1,2022,25024,19916643.68,795.9
MATIC,2,2022,17189,29270131.49,1702.84
MATIC,3,2022,12251,6876410.32,561.29
MATIC,4,2022,12616,4390769.01,348.03
MATIC,5,2022,23220,44157177.4,1901.69
MATIC,6,2022,20255,5097004.27,251.64
MATIC,7,2022,35104,17413081.21,496.04
MATIC,8,2022,24729,11187032.34,452.39
MATIC,9,2022,30290,7549257.86,249.23
MATIC,10,2022,139116,13105614.41,94.21
MATIC,11,2022,166329,65612810.95,394.48
MATIC,12,2022,128994,15421800.03,119.55
MATIC,1,2023,362643,44401145.08,122.44
MATIC,2,2023,421988,89417022.59,211.89
MATIC,3,2023,321147,61966331.45,192.95
MATIC,4,2023,262048,33743657.93,128.77
MATIC,5,2023,219657,22941843.19,104.44
MATIC,6,2023,274390,45913781.81,167.33
MATIC,7,2023,320178,50546408.17,157.87
MATIC,8,2023,370101,48442206.31,130.89
MATIC,9,2023,227719,29203357.47,128.24
MATIC,10,2023,319812,63619945.12,198.93
MATIC,11,2023,416808,133547607.96,320.41
MATIC,12,2023,505289,152213557.96,301.24
MATIC,1,2024,366804,79417192.12,216.51
MATIC,2,2024,312042,108426586.26,347.47
MATIC,3,2024,505828,170777891.86,337.62
MATIC,4,2024,400160,93259486.8,233.06
MATIC,5,2024,248074,61991406.84,249.89
MATIC,6,2024,209730,55175587.21,263.08
MATIC,7,2024,225202,54807023.0,243.37
MATIC,8,2024,206947,114216788.32,551.91
MATIC,9,2024,171124,37517184.4,219.24
MATIC,10,2024,149708,30023397.34,200.55
MATIC,11,2024,467610,200544695.53,428.87
MATIC,12,2024,437711,213706194.99,488.24
MATIC,1,2025,227732,68950454.76,302.77
MATIC,2,2025,9862,1455827.25,147.62
MATIC,3,2025,5777,941708.66,163.01
MATIC,4,2025,5100,824393.58,161.65
MATIC,5,2025,5619,949689.96,169.01
MATIC,6,2025,3934,651335.35,165.57
MATIC,7,2025,1,5183.41,5183.41
MBCONS02,9,2020,105,48668.47,463.51
MBCONS02,10,2020,113,31179.47,275.92
MBCONS02,11,2020,154,33036.97,214.53
MBCONS02,12,2020,525,626015.41,1192.41
MBCONS02,2,2021,311,53018.83,170.48
MBPRK02,9,2020,328,182166.26,555.38
MBPRK02,10,2020,237,95869.85,404.51
MBPRK02,11,2020,465,344795.78,741.5
MBPRK02,12,2020,432,436472.21,1010.35
MBPRK02,1,2021,2812,761631.84,270.85
MBPRK02,2,2021,890,276002.81,310.12
MBPRK02,3,2021,1769,564058.93,318.86
MBPRK02,4,2021,1384,595220.87,430.07
MBPRK02,5,2021,491,437866.06,891.78
MBPRK02,6,2021,346,269535.13,779.0
MBPRK02,7,2021,384,257792.63,671.33
MBPRK02,8,2021,267,111329.62,416.96
MBPRK02,9,2021,303,165033.47,544.66
MBPRK02,10,2021,371,149242.71,402.27
MBPRK02,11,2021,514,123860.71,240.97
MBPRK02,12,2021,306,161110.68,526.51
MBPRK02,1,2022,243,93898.95,386.42
MBPRK02,2,2022,26,15912.4,612.02
MBPRK02,3,2022,20,5661.74,283.09
MBPRK02,4,2022,25,10968.62,438.74
MBPRK02,5,2022,18,9983.65,554.65
MBPRK02,6,2022,10,5265.8,526.58
MBPRK02,7,2022,5,15473.66,3094.73
MBPRK02,8,2022,9,2796.95,310.77
MBPRK02,9,2022,10,1784.92,178.49
MBPRK02,10,2022,15,9706.21,647.08
MBPRK02,11,2022,25,45106.24,1804.25
MBPRK02,12,2022,25,11068.27,442.73
MBPRK02,1,2023,26,9600.74,369.26
MBPRK02,2,2023,40,27368.55,684.21
MBPRK02,3,2023,136,59967.1,440.93
MBPRK02,4,2023,38,9437.18,248.35
MBPRK02,5,2023,63,17616.71,279.63
MBPRK02,6,2023,39,15301.89,392.36
MBPRK02,7,2023,27,19528.05,723.26
MBPRK02,8,2023,1025,4857635.92,4739.16
MBPRK03,9,2020,426,238286.12,559.36
MBPRK03,10,2020,412,191526.24,464.87
MBPRK03,11,2020,582,212897.68,365.8
MBPRK03,12,2020,1594,1971814.18,1237.02
MBPRK03,1,2021,1121,430850.62,384.34
MBPRK03,2,2021,643,307770.17,478.65
MBPRK03,3,2021,971,277275.21,285.56
MBPRK03,4,2021,872,263227.53,301.87
MBPRK03,5,2021,501,592396.79,1182.43
MBPRK03,6,2021,158,41116.47,260.23
MBPRK03,7,2021,165,30486.23,184.77
MBPRK03,8,2021,203,61048.72,300.73
MBPRK03,9,2021,223,54226.75,243.17
MBPRK03,10,2021,92,26834.9,291.68
MBPRK03,12,2021,1,495.59,495.59
MBPRK03,1,2022,80,72636.79,907.96
MBPRK03,2,2022,39,87910.47,2254.11
MBPRK03,3,2022,27,16560.92,613.37
MBPRK03,4,2022,17,7949.03,467.59
MBPRK03,5,2022,9,1504.32,167.15
MBPRK03,6,2022,13,19152.16,1473.24
MBPRK03,7,2022,13,5297.35,407.49
MBPRK03,8,2022,12,4569.26,380.77
MBPRK03,9,2022,8,2830.55,353.82
MBPRK03,10,2022,7,1808.43,258.35
MBPRK03,11,2022,7,1154.65,164.95
MBPRK03,12,2022,9,4702.9,522.54
MBPRK03,1,2023,10,74010.4,7401.04
MBPRK03,2,2023,6,1170.18,195.03
MBPRK03,3,2023,11,14338.84,1303.53
MBPRK03,4,2023,8,7735.25,966.91
MBPRK03,5,2023,7,74436.21,10633.74
MBPRK03,6,2023,3,490.11,163.37
MBPRK03,7,2023,6,618.88,103.15
MBPRK03,8,2023,2,8083.47,4041.74
MBPRK03,9,2023,2,194.82,97.41
MBPRK03,10,2023,1,210.69,210.69
MBPRK03,11,2023,3,292.31,97.44
MBPRK03,12,2023,8,1254.34,156.79
MBPRK03,1,2024,7,3112.12,444.59
MBPRK03,2,2024,7,12157.66,1736.81
MBPRK03,3,2024,13,9784.88,752.68
MBPRK03,4,2024,3,1091.93,363.98
MBPRK03,5,2024,3,1140.89,380.3
MBPRK03,6,2024,3,8559.79,2853.26
MBPRK03,7,2024,2,466.12,233.06
MBPRK03,12,2024,2,322.96,161.48
MBPRK04,9,2020,161,124976.31,776.25
MBPRK04,10,2020,134,35932.7,268.15
MBPRK04,11,2020,233,118261.51,507.56
MBPRK04,12,2020,331,235349.15,711.02
MBPRK04,1,2021,3429,1031026.32,300.68
MBPRK04,2,2021,970,190889.39,196.79
MBPRK04,3,2021,1129,194041.83,171.87
MBPRK04,4,2021,920,295513.87,321.21
MBPRK04,5,2021,699,350684.75,501.69
MBPRK04,6,2021,175,86169.59,492.4
MBPRK04,7,2021,272,164010.01,602.98
MBPRK04,8,2021,243,151356.24,622.87
MBPRK04,9,2021,273,143563.58,525.87
MBPRK04,10,2021,376,153198.77,407.44
MBPRK04,11,2021,630,177136.62,281.17
MBPRK04,12,2021,338,95618.52,282.9
MBPRK04,1,2022,108,30290.42,280.47
MBPRK04,2,2022,70,23794.72,339.92
MBPRK04,3,2022,164,39755.92,242.41
MBPRK04,4,2022,242,80111.44,331.04
MBPRK04,5,2022,18,7831.54,435.09
MBPRK04,6,2022,12,7143.96,595.33
MBPRK04,7,2022,45,60397.56,1342.17
MBPRK04,8,2022,28,21957.2,784.19
MBPRK04,9,2022,67,21073.32,314.53
MBPRK04,10,2022,15,3000.26,200.02
MBPRK04,11,2022,121,40771.21,336.95
MBPRK04,12,2022,201,62187.4,309.39
MBPRK04,1,2023,187,65291.17,349.15
MBPRK04,2,2023,91,27784.66,305.33
MBPRK04,3,2023,96,26033.31,271.18
MBPRK04,4,2023,98,23986.31,244.76
MBPRK04,5,2023,146,46139.39,316.02
MBPRK04,6,2023,36,9284.34,257.9
MBPRK04,7,2023,62,28510.82,459.85
MBPRK04,8,2023,57,12722.97,223.21
MBPRK04,9,2023,39,11902.24,305.19
MBPRK04,10,2023,35,12193.38,348.38
MBPRK04,11,2023,39,7327.0,187.87
MBPRK04,12,2023,66,21279.43,322.42
MBPRK04,1,2024,83,26468.83,318.9
MBPRK04,2,2024,70,19105.93,272.94
MBPRK04,3,2024,21,2108.03,100.38
MBPRK04,4,2024,7,1518.85,216.98
MBPRK04,5,2024,9,2725.62,302.85
MBPRK04,6,2024,5,1132.21,226.44
MBPRK04,7,2024,10,6834.86,683.49
MBPRK04,8,2024,6,897.11,149.52
MBPRK04,9,2024,4,315.0,78.75
MBPRK04,10,2024,9,1190.02,132.22
MBPRK04,11,2024,19,1347.52,70.92
MBPRK04,12,2024,508,12240760.87,24095.99
MBPRK04,1,2025,14,2531.86,180.85
MBPRK04,3,2025,1,21.0,21.0
MCO2,2,2021,57925,64094235.19,1106.5
MCO2,3,2021,44417,64891762.24,1460.97
MCO2,4,2021,40020,68797359.84,1719.07
MCO2,5,2021,22398,23463753.71,1047.58
MCO2,6,2021,8858,11765344.03,1328.22
MCO2,7,2021,8084,7121408.45,880.93
MCO2,8,2021,9677,5483507.54,566.65
MCO2,9,2021,18760,19837330.0,1057.43
MCO2,10,2021,16798,11450957.76,681.69
MCO2,11,2021,13551,9882695.33,729.3
MCO2,12,2021,24500,25662027.7,1047.43
MCO2,1,2022,38347,36557689.08,953.34
MCO2,2,2022,24359,22685262.34,931.29
MCO2,3,2022,30630,15633685.13,510.4
MCO2,4,2022,27258,12048096.39,442.0
MCO2,5,2022,4938,3234203.17,654.96
MCO2,6,2022,3819,2097103.79,549.12
MCO2,7,2022,2878,918072.58,319.0
MCO2,8,2022,9845,1913603.75,194.37
MCO2,9,2022,3937,1049359.33,266.54
MCO2,10,2022,3595,1009588.33,280.83
MCO2,11,2022,5296,1351988.43,255.28
MCO2,12,2022,2199,342629.31,155.81
MCO2,1,2023,2793,420208.92,150.45
MCO2,2,2023,3414,701069.31,205.35
MCO2,3,2023,3590,575749.93,160.38
MCO2,4,2023,2662,386911.23,145.35
MCO2,5,2023,2160,235089.45,108.84
MCO2,6,2023,3316,432630.6,130.47
MCO2,7,2023,2098,250622.4,119.46
MCO2,8,2023,2059,301074.51,146.22
MCO2,9,2023,18898,4165944.5,220.44
MCO2,10,2023,4639,741862.73,159.92
MCO2,11,2023,7884,1245201.35,157.94
MCO2,12,2023,9159,1263302.84,137.93
MCO2,1,2024,4297,434568.72,101.13
MCO2,2,2024,5600,707611.55,126.36
MCO2,3,2024,8671,1136762.25,131.1
MCO2,4,2024,5867,630057.29,107.39
MCO2,5,2024,4201,645672.62,153.69
MCO2,6,2024,3250,359843.54,110.72
MCO2,7,2024,2381,224020.18,94.09
MCO2,8,2024,2980,211413.31,70.94
MCO2,9,2024,1630,129525.25,79.46
MCO2,10,2024,2520,161605.98,64.13
MCO2,11,2024,3612,410889.14,113.76
MCO2,12,2024,4038,498581.86,123.47
MCO2,1,2025,2612,240256.07,91.98
MCO2,2,2025,1489,130585.9,87.7
MCO2,3,2025,1708,55090.93,32.25
MCO2,4,2025,1765,100078.97,56.7
MCO2,5,2025,4408,238786.12,54.17
MCO2,6,2025,2036,96379.76,47.34
MKR,8,2019,28,27211.07,971.82
MKR,9,2019,30,16207.8,540.26
MKR,7,2020,1,5992.58,5992.58
MKR,10,2020,1,40000.0,40000.0
MKR,1,2021,3,123479.61,41159.87
MKR,2,2021,8,8228.71,1028.59
MKR,3,2021,1,11545.26,11545.26
MKR,4,2021,39,80153.02,2055.21
MKR,5,2021,5246,6149506.44,1172.23
MKR,6,2021,4004,4200710.91,1049.13
MKR,7,2021,3483,3317119.66,952.37
MKR,8,2021,5345,4425011.3,827.88
MKR,9,2021,3830,3570648.66,932.28
MKR,10,2021,3901,3794260.26,972.64
MKR,11,2021,7810,8704605.24,1114.55
MKR,12,2021,3278,1735055.97,529.3
MKR,1,2022,3016,1217999.24,403.85
MKR,2,2022,2215,954586.39,430.96
MKR,3,2022,2121,772231.69,364.09
MKR,4,2022,1795,570217.88,317.67
MKR,5,2022,3969,1743638.84,439.31
MKR,6,2022,2601,1410052.13,542.12
MKR,7,2022,1463,646200.2,441.7
MKR,8,2022,1901,827482.14,435.29
MKR,9,2022,1508,574970.74,381.28
MKR,10,2022,2521,861512.52,341.73
MKR,11,2022,1866,699809.81,375.03
MKR,12,2022,1266,767750.48,606.44
MKR,1,2023,1642,735751.73,448.08
MKR,2,2023,2462,594782.82,241.59
MKR,3,2023,5615,1451985.52,258.59
MKR,4,2023,2424,690498.71,284.86
MKR,5,2023,1060,117498.76,110.85
MKR,6,2023,1620,403504.99,249.08
MKR,7,2023,4451,1584554.7,356.0
MKR,8,2023,2401,576498.84,240.11
MKR,9,2023,3008,883686.16,293.78
MKR,10,2023,4078,1233981.9,302.59
MKR,11,2023,15655,14322690.04,914.9
MKR,12,2023,15103,7555886.39,500.29
MKR,1,2024,15498,7922146.63,511.17
MKR,2,2024,12809,7984560.9,623.36
MKR,3,2024,23781,21262689.73,894.1
MKR,4,2024,21536,35097011.87,1629.69
MKR,5,2024,13471,15804620.61,1173.23
MKR,6,2024,10737,10716549.33,998.1
MKR,7,2024,13054,16117114.3,1234.65
MKR,8,2024,12162,11629693.41,956.23
MKR,9,2024,9317,6332107.37,679.63
MKR,10,2024,14570,14183860.19,973.5
MKR,11,2024,23550,15663193.41,665.1
MKR,12,2024,19727,15338036.88,777.51
MKR,1,2025,20290,10516828.36,518.33
MKR,2,2025,7383,8177903.26,1107.67
MKR,3,2025,5270,5425579.68,1029.52
MKR,4,2025,10401,5020585.22,482.7
MKR,5,2025,57945,22160531.08,382.44
MKR,6,2025,140599,61012168.76,433.94
NANO,8,2019,108,35160.83,325.56
NANO,9,2019,73,24242.51,332.09
NANO,10,2019,11,47766.39,4342.4
NANO,11,2019,1,1000.0,1000.0
NANO,2,2020,11,1950.0,177.27
NANO,3,2020,18,636.05,35.34
NANO,4,2020,35,38014.39,1086.13
NANO,5,2020,81,21092.15,260.4
NANO,6,2020,169,121799.5,720.71
NANO,7,2020,162,95301.27,588.28
NANO,8,2020,114,66619.7,584.38
NANO,9,2020,149,55676.81,373.67
NANO,10,2020,114,42137.36,369.63
NANO,11,2020,132,76327.84,578.24
NANO,12,2020,138,48670.75,352.69
NANO,1,2021,497,1185695.47,2385.71
NANO,2,2021,461,920053.5,1995.78
NANO,3,2021,255,158955.54,623.36
NANO,4,2021,245,420801.41,1717.56
NANO,5,2021,319,632275.98,1982.06
NANO,6,2021,123,68066.38,553.39
NANO,7,2021,72,62731.06,871.26
NANO,8,2021,170,225335.07,1325.5
NANO,9,2021,110,126375.33,1148.87
NANO,10,2021,123,76168.99,619.26
NANO,11,2021,101,45555.26,451.04
NANO,12,2021,74,27431.19,370.69
NANO,1,2022,60,20130.53,335.51
NANO,2,2022,64,19280.79,301.26
NANO,3,2022,90,34843.63,387.15
NANO,4,2022,59,12075.95,204.68
NANO,5,2022,51,8382.99,164.37
NANO,6,2022,22,2959.76,134.53
NANO,7,2022,7,2043.54,291.93
NANO,8,2022,7,1422.35,203.19
NANO,9,2022,9,4343.46,482.61
NANO,10,2022,9,543.63,60.4
NANO,11,2022,16,4445.16,277.82
NANO,12,2022,6,698.17,116.36
NANO,1,2023,12,1811.88,150.99
NANO,2,2023,13,8528.11,656.01
NANO,3,2023,7,1504.85,214.98
NANO,4,2023,8,1771.84,221.48
NANO,5,2023,6,258.31,43.05
NANO,6,2023,5,1011.05,202.21
NANO,7,2023,1,100.0,100.0
NANO,8,2023,6,254.94,42.49
NANO,9,2023,10,2178.98,217.9
NANO,10,2023,5,2108.0,421.6
NANO,11,2023,8,1394.07,174.26
NANO,12,2023,5,883.71,176.74
NANO,1,2024,1,100.0,100.0
NANO,2,2024,13,5124.47,394.19
NANO,3,2024,9,7489.82,832.2
NANO,4,2024,5,5247.98,1049.6
NANO,5,2024,12,7808.19,650.68
NANO,6,2024,2,7255.75,3627.88
NANO,7,2024,1,1630.73,1630.73
NANO,8,2024,1,42.0,42.0
NANO,9,2024,1,100.0,100.0
NANO,10,2024,2,1705.66,852.83
NANO,12,2024,15,10239.11,682.61
NANO,1,2025,1,500.0,500.0
NANO,3,2025,6,4340.73,723.46
NANO,5,2025,2,211.55,105.78
NEO,8,2019,1,99.5,99.5
NEO,9,2019,16,3648.75,228.05
NEO,10,2019,18,8148.82,452.71
NEO,11,2019,24,127586.15,5316.09
NEO,12,2019,11,40829.6,3711.78
NEO,1,2020,21,134713.08,6414.91
NEO,2,2020,14,204322.84,14594.49
NEO,3,2020,18,67070.81,3726.16
NEO,4,2020,31,32959.74,1063.22
NEO,5,2020,6,3152.76,525.46
NEO,6,2020,1,25314.53,25314.53
NEO,7,2020,3,20669.71,6889.9
NEO,8,2020,2,299.76,149.88
NEO,9,2020,2,20012.03,10006.02
NEO,12,2020,4,6796.66,1699.16
NEO,1,2021,9,10786.71,1198.52
NEO,2,2021,4,256451.89,64112.97
NEO,3,2021,19,33179.38,1746.28
NEO,4,2021,45,86257.53,1916.83
NEO,5,2021,15,22724.86,1514.99
NEO,6,2021,5,36265.69,7253.14
NEO,7,2021,6,4540.27,756.71
NEO,8,2021,6,4196.43,699.41
NEO,10,2021,3,7554.44,2518.15
NEO,11,2021,5,27545.26,5509.05
NEO,12,2021,10,7352.53,735.25
NEO,1,2022,21,8585.69,408.84
NEO,2,2022,45,6776.65,150.59
NEO,3,2022,38,6626.18,174.37
NEO,4,2022,28,8126.48,290.23
NEO,5,2022,11,1816.76,165.16
NEO,6,2022,13,2954.64,227.28
NEO,7,2022,9,2547.39,283.04
NEO,8,2022,8,344.53,43.07
NEO,9,2022,7,665.52,95.07
NEO,10,2022,5,1056.91,211.38
NEO,11,2022,12,1242.57,103.55
NEO,12,2022,5,621.26,124.25
NEO,2,2023,18,4256.16,236.45
NEO,3,2023,7,461.73,65.96
NEO,4,2023,10,61141.48,6114.15
NEO,5,2023,8,5640.1,705.01
NEO,6,2023,7,1370.31,195.76
NEO,7,2023,7,8056.86,1150.98
NEO,8,2023,7,6461.84,923.12
NEO,9,2023,4,269.27,67.32
NEO,10,2023,2,1698.83,849.42
NEO,11,2023,14,8911.25,636.52
NEO,12,2023,15,14105.89,940.39
NEO,1,2024,5,360.55,72.11
NEO,2,2024,17,15796.38,929.2
NEO,3,2024,37,4660.26,125.95
NEO,4,2024,96,10598.21,110.4
NEO,5,2024,21,18938.72,901.84
NEO,6,2024,4,323.12,80.78
NEO,7,2024,3,4090.43,1363.48
NEO,8,2024,5,2027.95,405.59
NEO,9,2024,26,8280.67,318.49
NEO,10,2024,146,31600.65,216.44
NEO,11,2024,353,55708.78,157.82
NEO,12,2024,564,149365.29,264.83
NEO,1,2025,250,36694.42,146.78
NEO,2,2025,89,11460.89,128.77
NEO,3,2025,59,23043.69,390.57
NEO,4,2025,92,42809.12,465.32
NEO,5,2025,52,18302.66,351.97
NEO,6,2025,32,13945.11,435.78
NULS,8,2019,1,4975.11,4975.11
NULS,12,2019,1995,406350.73,203.68
NULS,1,2020,1791,435356.75,243.08
NULS,2,2020,1981,813343.88,410.57
NULS,3,2020,2671,955260.37,357.64
NULS,4,2020,4368,1663305.24,380.79
NULS,5,2020,6029,2307107.77,382.67
NULS,6,2020,9589,5217800.75,544.14
NULS,7,2020,10527,7084614.15,672.99
NULS,8,2020,5683,3092648.03,544.19
NULS,9,2020,3889,1708145.42,439.22
NULS,10,2020,3589,1361886.73,379.46
NULS,11,2020,8232,3356760.31,407.77
NULS,12,2020,9276,3448895.84,371.81
NULS,1,2021,16343,7051033.4,431.44
NULS,2,2021,23645,11936199.18,504.81
NULS,3,2021,30974,23451749.83,757.14
NULS,4,2021,34485,27203739.64,788.86
NULS,5,2021,21650,15839586.2,731.62
NULS,6,2021,6468,3192167.52,493.53
NULS,7,2021,5562,2526222.47,454.19
NULS,8,2021,15502,8937778.51,576.56
NULS,9,2021,9412,5399289.32,573.66
NULS,10,2021,14128,9240454.63,654.05
NULS,11,2021,5438,4062750.88,747.1
NULS,12,2021,40949,62952186.98,1537.33
NULS,1,2022,5842,5256259.4,899.74
NULS,2,2022,7742,7605953.88,982.43
NULS,3,2022,4970,4630886.27,931.77
NULS,4,2022,6743,6547359.84,970.99
NULS,5,2022,6199,3428507.99,553.07
NULS,6,2022,5006,2252685.26,450.0
NULS,7,2022,6544,3374700.69,515.69
NULS,8,2022,3981,2164459.51,543.7
NULS,9,2022,2630,997556.4,379.3
NULS,10,2022,5605,2941805.21,524.85
NULS,11,2022,3446,1500654.39,435.48
NULS,12,2022,3667,1733305.39,472.68
NULS,1,2023,1838,787291.95,428.34
NULS,2,2023,1992,840020.3,421.7
NULS,3,2023,1471,530626.93,360.73
NULS,4,2023,904,290910.5,321.8
NULS,5,2023,726,160813.21,221.51
NULS,6,2023,1314,332111.67,252.75
NULS,7,2023,769,194316.14,252.69
NULS,8,2023,603,135952.62,225.46
NULS,9,2023,399,85696.75,214.78
NULS,10,2023,630,167201.05,265.4
NULS,11,2023,555,114269.82,205.89
NULS,12,2023,1285,214803.7,167.16
NULS,1,2024,183,60547.77,330.86
NULS,2,2024,535,204195.5,381.67
NULS,3,2024,3624,1542642.29,425.67
NULS,4,2024,1099,480497.35,437.21
NULS,5,2024,399,156897.93,393.23
NULS,6,2024,433,154206.9,356.14
NULS,7,2024,396,159249.35,402.14
NULS,8,2024,1279,786604.06,615.01
NULS,9,2024,1426,978263.87,686.02
NULS,10,2024,658,314091.52,477.34
NULS,11,2024,980,328152.19,334.85
NULS,12,2024,1122,456047.62,406.46
NULS,1,2025,435,109296.07,251.26
NULS,2,2025,278,93695.6,337.03
NULS,3,2025,759,304036.54,400.58
NULS,4,2025,2314,556516.39,240.5
NULS,5,2025,1887,330674.11,175.24
NULS,6,2025,8804,818948.92,93.02
OKB,7,2020,1,208.52,208.52
OKB,3,2022,396,78248.71,197.6
OKB,4,2022,735,192965.11,262.54
OKB,5,2022,172,9149.8,53.2
OKB,6,2022,224,16568.32,73.97
OKB,7,2022,227,23014.13,101.38
OKB,8,2022,352,29479.13,83.75
OKB,9,2022,289,17039.31,58.96
OKB,10,2022,175,26492.95,151.39
OKB,11,2022,172,19780.02,115.0
OKB,12,2022,118,14954.13,126.73
OKB,1,2023,190,27989.23,147.31
OKB,2,2023,264,54913.41,208.01
OKB,3,2023,127,17582.77,138.45
OKB,4,2023,173,27524.66,159.1
OKB,5,2023,95,8019.08,84.41
OKB,6,2023,63,6698.36,106.32
OKB,7,2023,46,3182.9,69.19
OKB,8,2023,101,8957.77,88.69
OKB,9,2023,19,3824.99,201.32
OKB,10,2023,44,9226.58,209.69
OKB,11,2023,124,29058.85,234.35
OKB,12,2023,123,28672.4,233.11
OKB,1,2024,152,27343.83,179.89
OKB,2,2024,273,66398.67,243.22
OKB,3,2024,401,106626.51,265.9
OKB,4,2024,225,45836.1,203.72
OKB,5,2024,164,27245.09,166.13
OKB,6,2024,105,24294.4,231.38
OKB,7,2024,167,44737.74,267.89
OKB,8,2024,102,11309.6,110.88
OKB,9,2024,213,26057.67,122.34
OKB,10,2024,84,6937.69,82.59
OKB,11,2024,339,41854.4,123.46
OKB,12,2024,237,27454.88,115.84
OMG,8,2019,447,42499.6,95.08
OMG,9,2019,367,32391.36,88.26
OMG,10,2019,340,30100.97,88.53
OMG,11,2019,141,45947.81,325.87
OMG,12,2019,52,43101.48,828.87
OMG,1,2020,185,103193.09,557.8
OMG,2,2020,269,151346.27,562.63
OMG,3,2020,166,124295.91,748.77
OMG,4,2020,1847,924422.07,500.5
OMG,5,2020,14132,20938854.72,1481.66
OMG,6,2020,3820,4171241.87,1091.95
OMG,7,2020,2131,2032502.68,953.78
OMG,8,2020,17197,28382995.11,1650.46
OMG,9,2020,7770,10747653.57,1383.22
OMG,10,2020,4674,6214198.49,1329.52
OMG,11,2020,5594,8374963.15,1497.13
OMG,12,2020,3502,3568449.1,1018.97
OMG,1,2021,7230,7715932.63,1067.21
OMG,2,2021,11504,10587913.41,920.37
OMG,3,2021,8576,6546777.5,763.38
OMG,4,2021,14851,13886665.88,935.07
OMG,5,2021,14947,16147067.52,1080.29
OMG,6,2021,8484,3467050.96,408.66
OMG,7,2021,6219,1769063.11,284.46
OMG,8,2021,18424,4997771.16,271.26
OMG,9,2021,100166,28086966.89,280.4
OMG,10,2021,36111,41626913.66,1152.75
OMG,11,2021,50087,55450402.27,1107.08
OMG,12,2021,10563,7006060.9,663.26
OMG,1,2022,6446,3662352.24,568.16
OMG,2,2022,3099,1172768.96,378.43
OMG,3,2022,5461,3085628.4,565.03
OMG,4,2022,2857,1586235.61,555.21
OMG,5,2022,3989,704405.81,176.59
OMG,6,2022,3854,2009095.48,521.3
OMG,7,2022,2804,1482618.57,528.75
OMG,8,2022,1917,283424.48,147.85
OMG,9,2022,1990,363999.9,182.91
OMG,10,2022,1099,173824.22,158.17
OMG,11,2022,1890,350087.57,185.23
OMG,12,2022,903,114404.39,126.69
OMG,1,2023,905,165224.38,182.57
OMG,2,2023,1895,538145.84,283.98
OMG,3,2023,4547,1319075.2,290.1
OMG,4,2023,3766,851714.13,226.16
OMG,5,2023,3173,356653.14,112.4
OMG,6,2023,3536,305922.52,86.52
OMG,7,2023,2462,224736.73,91.28
OMG,8,2023,2930,187546.58,64.01
OMG,9,2023,3337,127685.22,38.26
OMG,10,2023,2377,176205.03,74.13
OMG,11,2023,2183,286267.81,131.14
OMG,12,2023,3788,512203.26,135.22
OMG,1,2024,10082,309160.47,30.66
OMG,2,2024,5395,323584.65,59.98
OMG,3,2024,7928,1260065.74,158.94
OMG,4,2024,5452,560216.1,102.75
OMG,5,2024,3070,369269.59,120.28
OMG,6,2024,5670,994517.94,175.4
OMG,7,2024,1429,100407.68,70.26
OMG,8,2024,1395,87327.87,62.6
OMG,9,2024,1879,148450.8,79.01
OMG,10,2024,3105,389044.73,125.3
OMG,11,2024,2595,471831.8,181.82
OMG,12,2024,2757,563973.19,204.56
OMG,1,2025,2013,305083.73,151.56
OMG,2,2025,852,82971.51,97.38
OMG,3,2025,1036,88649.29,85.57
OMG,4,2025,3805,165776.14,43.57
OMG,5,2025,1271,121731.28,95.78
OMG,6,2025,800,162074.23,202.59
PAX,4,2020,1,38667.16,38667.16
PAX,5,2020,2,26725.98,13362.99
PAX,6,2020,11,5352681.38,486607.4
PAX,7,2020,2,40207.35,20103.68
PAX,8,2020,4,50900.04,12725.01
PAX,9,2020,3,84122.85,28040.95
PAX,10,2020,1,33480.0,33480.0
PAX,11,2020,611,65632207.95,107417.69
PAX,12,2020,359,45130417.61,125711.47
PAX,2,2021,1,26935.0,26935.0
PAX,3,2021,95,16875854.39,177640.57
PAX,4,2021,51,4094113.5,80276.74
PAX,5,2021,82,14004947.41,170792.04
PAX,6,2021,57,3708819.38,65067.01
PAX,7,2021,79,5913834.98,74858.67
PAX,8,2021,37,3084261.05,83358.41
PAX,9,2021,10,401848.13,40184.81
PAX,10,2021,12,1022994.86,85249.57
PAX,11,2021,10,176629.11,17662.91
PAX,12,2021,10,193986.66,19398.67
PAX,1,2022,10,170702.45,17070.25
PAX,2,2022,18,156298.34,8683.24
PAX,3,2022,9,103331.65,11481.29
PAX,4,2022,23,24324.37,1057.58
PAX,5,2022,30,4816.81,160.56
PAX,6,2022,23,835.99,36.35
PAX,7,2022,13,870.17,66.94
PAX,8,2022,13,1279.77,98.44
PAX,9,2022,12,1347.09,112.26
PAX,10,2022,12,5714.48,476.21
PAX,11,2022,14,989.23,70.66
PAX,12,2022,6,1286.19,214.36
PAX,1,2023,11,610.23,55.48
PAX,2,2023,8,159.86,19.98
PAX,3,2023,9,271.88,30.21
PAX,4,2023,20,3516.88,175.84
PAX,5,2023,15,466.64,31.11
PAX,6,2023,11,2361.43,214.68
PAX,7,2023,3,165.6,55.2
PAX,8,2023,6,506.05,84.34
PAX,9,2023,5,40.81,8.16
PAX,10,2023,3,20.45,6.82
PAX,11,2023,6,1064.55,177.42
PAX,12,2023,20,2411.39,120.57
PAX,1,2024,8,244.16,30.52
PAX,2,2024,6,211.54,35.26
PAX,3,2024,9,189.18,21.02
PAX,4,2024,114,10420.7,91.41
PAX,5,2024,25,1642.46,65.7
PAX,6,2024,25,1473.98,58.96
PAX,7,2024,25,1960.93,78.44
PAX,8,2024,31,783.86,25.29
PAX,9,2024,26,454.44,17.48
PAX,10,2024,21,758.86,36.14
PAX,11,2024,33,1693.7,51.32
PAX,12,2024,142,3630.81,25.57
PAX,1,2025,37,2047.95,55.35
PAX,2,2025,15,1963.17,130.88
PAX,3,2025,23,538.85,23.43
PAX,4,2025,16,463.58,28.97
PAX,5,2025,12,113.43,9.45
PAX,6,2025,8,245.82,30.73
PAXG,11,2019,12,66000.0,5500.0
PAXG,12,2019,2,51000.0,25500.0
PAXG,1,2020,7,105500.0,15071.43
PAXG,2,2020,9,44900.5,4988.94
PAXG,3,2020,22,26484.6,1203.85
PAXG,4,2020,17,66747.28,3926.31
PAXG,5,2020,68,36771.65,540.76
PAXG,6,2020,198,90917.36,459.18
PAXG,7,2020,106,4922.39,46.44
PAXG,8,2020,13104,7736415.33,590.39
PAXG,9,2020,4608,1980805.33,429.86
PAXG,10,2020,3800,1615695.11,425.18
PAXG,11,2020,10022,6063129.5,604.98
PAXG,12,2020,12437,4796373.69,385.65
PAXG,1,2021,26883,12967371.55,482.36
PAXG,2,2021,25720,13598187.9,528.7
PAXG,3,2021,20130,10898395.62,541.4
PAXG,4,2021,28803,18342491.41,636.83
PAXG,5,2021,20964,13738443.33,655.34
PAXG,6,2021,8529,8732399.03,1023.85
PAXG,7,2021,6389,2851644.41,446.34
PAXG,8,2021,11922,4894209.59,410.52
PAXG,9,2021,9249,3378778.69,365.31
PAXG,10,2021,13300,4380105.18,329.33
PAXG,11,2021,12540,4118313.58,328.41
PAXG,12,2021,8940,3246038.65,363.09
PAXG,1,2022,6501,3277233.87,504.11
PAXG,2,2022,10092,3234009.01,320.45
PAXG,3,2022,9299,3064746.56,329.58
PAXG,4,2022,9586,1894781.93,197.66
PAXG,5,2022,9329,25096676.53,2690.18
PAXG,6,2022,7304,1451960.39,198.79
PAXG,7,2022,5164,965115.43,186.89
PAXG,8,2022,3580,828469.49,231.42
PAXG,9,2022,2862,539208.15,188.4
PAXG,10,2022,1979,576261.33,291.19
PAXG,11,2022,3562,1577742.12,442.94
PAXG,12,2022,2512,868336.69,345.68
PAXG,1,2023,3224,909578.7,282.13
PAXG,2,2023,3436,3599832.64,1047.68
PAXG,3,2023,4080,1278645.14,313.39
PAXG,4,2023,2314,507943.71,219.51
PAXG,5,2023,2351,593366.9,252.39
PAXG,6,2023,1900,452261.17,238.03
PAXG,7,2023,1948,431011.88,221.26
PAXG,8,2023,2490,521836.79,209.57
PAXG,9,2023,1765,286368.63,162.25
PAXG,10,2023,3161,497839.11,157.49
PAXG,11,2023,3525,566876.63,160.82
PAXG,12,2023,3918,558166.34,142.46
PAXG,1,2024,3447,540713.88,156.87
PAXG,2,2024,4304,631102.76,146.63
PAXG,3,2024,7163,1066241.88,148.85
PAXG,4,2024,6259,1530802.62,244.58
PAXG,5,2024,4264,513661.31,120.46
PAXG,6,2024,4259,610518.64,143.35
PAXG,7,2024,5288,904179.47,170.99
PAXG,8,2024,4461,846193.47,189.69
PAXG,9,2024,4309,821531.5,190.65
PAXG,10,2024,7206,1584013.42,219.82
PAXG,11,2024,10033,2071976.03,206.52
PAXG,12,2024,7819,2462823.81,314.98
PAXG,1,2025,8190,3140976.16,383.51
PAXG,2,2025,8157,2409211.96,295.36
PAXG,3,2025,9027,1462451.07,162.01
PAXG,4,2025,12215,5277449.2,432.05
PAXG,5,2025,10787,2870359.33,266.09
PAXG,6,2025,11564,2731629.96,236.22
PAXG,7,2025,2181,49240.29,22.58
PUNDIX,4,2021,33184,29467736.18,888.01
PUNDIX,5,2021,24025,18184315.51,756.89
PUNDIX,6,2021,8133,4725601.73,581.04
PUNDIX,7,2021,10876,7417785.32,682.03
PUNDIX,8,2021,12207,9549969.94,782.34
PUNDIX,9,2021,5669,3909947.15,689.71
PUNDIX,10,2021,7493,5473225.01,730.45
PUNDIX,11,2021,2814,1714553.66,609.29
PUNDIX,12,2021,1759,967328.35,549.93
PUNDIX,1,2022,975,528413.11,541.96
PUNDIX,2,2022,1242,716632.1,577.0
PUNDIX,3,2022,933,529001.94,566.99
PUNDIX,4,2022,1840,1141986.45,620.64
PUNDIX,5,2022,790,331249.01,419.3
PUNDIX,6,2022,576,161846.78,280.98
PUNDIX,7,2022,1673,853863.4,510.38
PUNDIX,8,2022,3303,1500826.24,454.38
PUNDIX,9,2022,3666,2225221.54,606.99
PUNDIX,10,2022,1034,476418.98,460.75
PUNDIX,11,2022,677,224941.64,332.26
PUNDIX,12,2022,518,153750.5,296.82
PUNDIX,1,2023,463,135040.7,291.66
PUNDIX,2,2023,711,241679.99,339.92
PUNDIX,3,2023,272,55069.99,202.46
PUNDIX,4,2023,164,27805.93,169.55
PUNDIX,5,2023,138,18195.64,131.85
PUNDIX,6,2023,161,26197.93,162.72
PUNDIX,7,2023,207,41910.85,202.47
PUNDIX,8,2023,145,31337.54,216.12
PUNDIX,9,2023,74,16482.2,222.73
PUNDIX,10,2023,150,44200.73,294.67
PUNDIX,11,2023,163,48736.62,299.0
PUNDIX,12,2023,208,43633.23,209.78
PUNDIX,1,2024,172,24686.25,143.52
PUNDIX,2,2024,197,30950.77,157.11
PUNDIX,3,2024,710,246981.9,347.86
PUNDIX,4,2024,1849,512656.44,277.26
PUNDIX,5,2024,380,105712.45,278.19
PUNDIX,6,2024,237,42594.55,179.72
PUNDIX,7,2024,246,37101.61,150.82
PUNDIX,8,2024,114,27599.79,242.1
PUNDIX,9,2024,205,27153.19,132.45
PUNDIX,10,2024,122,22823.68,187.08
PUNDIX,11,2024,526,149658.19,284.52
PUNDIX,12,2024,276,129739.92,470.07
PUNDIX,1,2025,429,98988.47,230.74
PUNDIX,2,2025,51,4399.53,86.27
PUNDIX,3,2025,48,6435.01,134.06
PUNDIX,4,2025,209,38381.44,183.64
PUNDIX,5,2025,387,77735.71,200.87
PUNDIX,6,2025,72,26622.14,369.75
SNX,7,2020,1,5295.5,5295.5
SNX,8,2020,1,613.18,613.18
SNX,12,2020,8,160941.39,20117.67
SNX,1,2021,37,329400.59,8902.72
SNX,2,2021,46,173657.1,3775.15
SNX,3,2021,28,86189.64,3078.2
SNX,4,2021,23,48069.04,2089.96
SNX,5,2021,21938,17191422.52,783.64
SNX,6,2021,13506,4691318.72,347.35
SNX,7,2021,26616,19058711.2,716.06
SNX,8,2021,27731,19080666.23,688.06
SNX,9,2021,18396,15681440.31,852.44
SNX,10,2021,14848,10671212.76,718.7
SNX,11,2021,13440,9409433.39,700.11
SNX,12,2021,7211,3998179.21,554.46
SNX,1,2022,7799,4444015.23,569.82
SNX,2,2022,3907,1359869.75,348.06
SNX,3,2022,4646,1979912.21,426.15
SNX,4,2022,7332,3130083.67,426.91
SNX,5,2022,4079,935127.19,229.25
SNX,6,2022,6617,2201742.12,332.74
SNX,7,2022,6785,2621170.09,386.32
SNX,8,2022,4760,2410745.46,506.46
SNX,9,2022,4355,1479528.76,339.73
SNX,10,2022,3012,1015386.36,337.11
SNX,11,2022,3381,889740.01,263.16
SNX,12,2022,2175,458840.41,210.96
SNX,1,2023,3149,693103.44,220.1
SNX,2,2023,5509,2024564.43,367.5
SNX,3,2023,10009,3524497.78,352.13
SNX,4,2023,3287,966162.95,293.93
SNX,5,2023,2207,957399.64,433.8
SNX,6,2023,2774,663556.6,239.21
SNX,7,2023,5454,1585506.21,290.71
SNX,8,2023,3232,738393.88,228.46
SNX,9,2023,3184,736719.81,231.38
SNX,10,2023,2797,663597.27,237.25
SNX,11,2023,6227,3398862.31,545.83
SNX,12,2023,10127,5085923.41,502.21
SNX,1,2024,25016,3366338.76,134.57
SNX,2,2024,13705,9661288.31,704.95
SNX,3,2024,16272,10369710.48,637.27
SNX,4,2024,13011,6582817.83,505.94
SNX,5,2024,7465,2516177.64,337.06
SNX,6,2024,6418,3141966.2,489.56
SNX,7,2024,6895,2004793.36,290.76
SNX,8,2024,5728,2096156.58,365.95
SNX,9,2024,3111,1105947.25,355.5
SNX,10,2024,4137,1224108.67,295.89
SNX,11,2024,8991,5121576.82,569.63
SNX,12,2024,11324,4244745.39,374.85
SNX,1,2025,6130,2807120.27,457.93
SNX,2,2025,4719,1553672.03,329.24
SNX,3,2025,2914,639874.48,219.59
SNX,4,2025,2585,752194.39,290.98
SNX,5,2025,3317,723336.56,218.07
SNX,6,2025,2422,779463.33,321.83
SNX,7,2025,1,1211.05,1211.05
SOL,8,2020,1,14322.0,14322.0
SOL,9,2020,2,54774.26,27387.13
SOL,11,2020,2,1829.21,914.6
SOL,12,2020,8,357.67,44.71
SOL,1,2021,12,3706.55,308.88
SOL,2,2021,65,77384.27,1190.53
SOL,3,2021,25,49357.0,1974.28
SOL,4,2021,125,1024317.77,8194.54
SOL,5,2021,148,1288360.73,8705.14
SOL,6,2021,120,174077.25,1450.64
SOL,7,2021,4538,5875836.76,1294.81
SOL,8,2021,33456,61202791.69,1829.35
SOL,9,2021,62778,165236969.32,2632.08
SOL,10,2021,36545,75394661.22,2063.06
SOL,11,2021,44145,72797388.93,1649.05
SOL,12,2021,96120,119779501.93,1246.15
SOL,1,2022,55716,47657079.35,855.36
SOL,2,2022,56902,84550468.82,1485.9
SOL,3,2022,46578,25823857.94,554.42
SOL,4,2022,43560,28998459.25,665.71
SOL,5,2022,43880,239733013.64,5463.38
SOL,6,2022,38301,18805839.7,491.0
SOL,7,2022,39827,18880858.56,474.07
SOL,8,2022,34328,14129378.69,411.6
SOL,9,2022,25692,8367855.22,325.7
SOL,10,2022,20212,6572850.91,325.2
SOL,11,2022,62738,30134004.75,480.32
SOL,12,2022,36300,23209321.4,639.38
SOL,1,2023,142920,35239289.0,246.57
SOL,2,2023,87126,27306375.79,313.41
SOL,3,2023,73789,23730655.98,321.6
SOL,4,2023,69598,17930728.62,257.63
SOL,5,2023,51584,10932790.46,211.94
SOL,6,2023,61023,16542526.18,271.09
SOL,7,2023,103986,26216526.9,252.12
SOL,8,2023,48808,13729550.03,281.3
SOL,9,2023,60456,13106224.4,216.79
SOL,10,2023,222765,56703278.16,254.54
SOL,11,2023,385293,201683510.69,523.45
SOL,12,2023,472637,319184369.11,675.33
SOL,1,2024,139012,118925281.3,855.5
SOL,2,2024,365499,232041093.01,634.86
SOL,3,2024,866351,665455346.37,768.11
SOL,4,2024,522446,481439420.56,921.51
SOL,5,2024,445834,360374672.18,808.32
SOL,6,2024,384108,275399821.01,716.99
SOL,7,2024,513809,474665158.29,923.82
SOL,8,2024,509246,640014704.7,1256.79
SOL,9,2024,355244,376258791.63,1059.16
SOL,10,2024,443589,510578712.39,1151.02
SOL,11,2024,1011859,1295893664.88,1280.71
SOL,12,2024,1029385,995573572.91,967.15
SOL,1,2025,1153061,1378814296.83,1195.79
SOL,2,2025,683487,720385980.29,1053.99
SOL,3,2025,766059,745756582.88,973.5
SOL,4,2025,497939,469421945.63,942.73
SOL,5,2025,543956,510528872.52,938.55
SOL,6,2025,428384,364268206.02,850.33
SOL,7,2025,5650,356934.19,63.17
SUSHI,11,2020,2,49396.18,24698.09
SUSHI,12,2020,6,5238.48,873.08
SUSHI,1,2021,35,58168.45,1661.96
SUSHI,2,2021,68,64111.32,942.81
SUSHI,3,2021,33,18414.13,558.0
SUSHI,4,2021,72,21723.5,301.72
SUSHI,5,2021,10351,6534474.7,631.29
SUSHI,6,2021,11388,6934348.47,608.92
SUSHI,7,2021,10523,7881659.51,748.99
SUSHI,8,2021,13505,10477375.16,775.81
SUSHI,9,2021,30888,25370317.24,821.36
SUSHI,10,2021,18906,13502655.66,714.2
SUSHI,11,2021,30496,24352408.17,798.54
SUSHI,12,2021,43648,31431789.84,720.12
SUSHI,1,2022,22756,13424974.84,589.95
SUSHI,2,2022,10202,4608265.9,451.7
SUSHI,3,2022,9237,3813884.42,412.89
SUSHI,4,2022,6792,3583657.84,527.63
SUSHI,5,2022,7237,1426135.58,197.06
SUSHI,6,2022,6593,1451536.07,220.16
SUSHI,7,2022,7284,1847957.78,253.7
SUSHI,8,2022,5627,1542328.42,274.09
SUSHI,9,2022,3642,926168.33,254.3
SUSHI,10,2022,6972,2149811.26,308.35
SUSHI,11,2022,6780,2175532.37,320.87
SUSHI,12,2022,3954,836783.12,211.63
SUSHI,1,2023,3032,989191.13,326.25
SUSHI,2,2023,3049,1074827.85,352.52
SUSHI,3,2023,2691,1069208.37,397.33
SUSHI,4,2023,2125,493229.69,232.11
SUSHI,5,2023,1634,263574.36,161.31
SUSHI,6,2023,2113,280571.71,132.78
SUSHI,7,2023,2146,276423.22,128.81
SUSHI,8,2023,1884,249178.41,132.26
SUSHI,9,2023,1552,147018.81,94.73
SUSHI,10,2023,3136,399511.58,127.4
SUSHI,11,2023,8944,1756372.0,196.37
SUSHI,12,2023,4142,786794.0,189.96
SUSHI,1,2024,9406,458096.54,48.7
SUSHI,2,2024,8904,1533878.56,172.27
SUSHI,3,2024,10886,2424810.67,222.75
SUSHI,4,2024,6441,1291078.43,200.45
SUSHI,5,2024,3685,783740.41,212.68
SUSHI,6,2024,2796,790177.86,282.61
SUSHI,7,2024,2731,657165.15,240.63
SUSHI,8,2024,2660,291441.79,109.56
SUSHI,9,2024,1650,260151.94,157.67
SUSHI,10,2024,2238,386995.37,172.92
SUSHI,11,2024,5536,1157597.84,209.1
SUSHI,12,2024,10137,4247798.2,419.04
SUSHI,1,2025,4509,1144447.96,253.81
SUSHI,2,2025,1973,313514.22,158.9
SUSHI,3,2025,1431,191919.74,134.12
SUSHI,4,2025,1314,160543.4,122.18
SUSHI,5,2025,1563,341337.42,218.39
SUSHI,6,2025,1557,248239.87,159.43
THETA,8,2019,3,874.49,291.5
THETA,5,2020,5,55768.94,11153.79
THETA,6,2020,3,70946.87,23648.96
THETA,11,2020,16,11178.48,698.66
THETA,12,2020,17,127387.5,7493.38
THETA,1,2021,12,196650.26,16387.52
THETA,2,2021,27,33075.39,1225.01
THETA,3,2021,159,2150143.35,13522.91
THETA,4,2021,77,565215.55,7340.46
THETA,5,2021,55,38941.11,708.02
THETA,6,2021,6190,5341398.02,862.91
THETA,7,2021,6211,5102358.59,821.5
THETA,8,2021,7873,6599182.29,838.2
THETA,9,2021,5662,3974410.48,701.94
THETA,10,2021,5717,4413553.87,772.01
THETA,11,2021,3615,2389482.89,660.99
THETA,12,2021,2237,1327528.77,593.44
THETA,1,2022,2080,948704.87,456.11
THETA,2,2022,1962,1128138.17,574.99
THETA,3,2022,1160,534567.21,460.83
THETA,4,2022,917,443039.36,483.14
THETA,5,2022,958,362746.53,378.65
THETA,6,2022,1601,555090.36,346.71
THETA,7,2022,1458,455519.82,312.43
THETA,8,2022,1455,500716.95,344.14
THETA,9,2022,387,164152.49,424.17
THETA,10,2022,382,87546.21,229.18
THETA,11,2022,317,131348.66,414.35
THETA,12,2022,415,45357.91,109.3
THETA,1,2023,456,186158.42,408.24
THETA,2,2023,463,156171.98,337.3
THETA,3,2023,130,18635.0,143.35
THETA,4,2023,188,36233.27,192.73
THETA,5,2023,62,6540.98,105.5
THETA,6,2023,80,6769.41,84.62
THETA,7,2023,82,6530.2,79.64
THETA,8,2023,134,24337.68,181.62
THETA,9,2023,65,8104.39,124.68
THETA,10,2023,105,14892.77,141.84
THETA,11,2023,277,70037.84,252.84
THETA,12,2023,342,101532.08,296.88
THETA,1,2024,212,57761.65,272.46
THETA,2,2024,576,334708.96,581.09
THETA,3,2024,1395,673085.26,482.5
THETA,4,2024,733,363614.44,496.06
THETA,5,2024,659,384783.07,583.89
THETA,6,2024,559,222683.4,398.36
THETA,7,2024,217,51746.12,238.46
THETA,8,2024,84,6888.47,82.01
THETA,9,2024,146,37862.96,259.34
THETA,10,2024,236,93613.62,396.67
THETA,11,2024,814,728751.18,895.27
THETA,12,2024,818,405135.34,495.28
THETA,1,2025,351,147152.66,419.24
THETA,2,2025,137,15705.82,114.64
THETA,3,2025,68,10119.71,148.82
THETA,4,2025,119,42393.89,356.25
THETA,5,2025,143,20380.58,142.52
THETA,6,2025,89,26739.93,300.45
THETA,7,2025,1,1163.36,1163.36
TRX,8,2019,606,82507.43,136.15
TRX,9,2019,688,368796.96,536.04
TRX,10,2019,1418,1312221.52,925.4
TRX,11,2019,1208,1306904.67,1081.87
TRX,12,2019,622,322509.74,518.5
TRX,1,2020,1958,545713.65,278.71
TRX,2,2020,2052,738733.15,360.01
TRX,3,2020,1808,409256.35,226.36
TRX,4,2020,1823,765297.31,419.8
TRX,5,2020,2886,972892.62,337.11
TRX,6,2020,2113,664506.07,314.48
TRX,7,2020,2779,908337.99,326.86
TRX,8,2020,6780,3003244.73,442.96
TRX,9,2020,8941,7335156.98,820.4
TRX,10,2020,3399,1984715.43,583.91
TRX,11,2020,4729,2422484.41,512.26
TRX,12,2020,5347,2732181.9,510.97
TRX,1,2021,14904,8390864.91,562.99
TRX,2,2021,30904,16755570.53,542.18
TRX,3,2021,28262,17201513.52,608.64
TRX,4,2021,81644,67963665.25,832.44
TRX,5,2021,42009,27639926.86,657.95
TRX,6,2021,14653,6861135.42,468.24
TRX,7,2021,7319,2840917.33,388.16
TRX,8,2021,13473,6365607.8,472.47
TRX,9,2021,13867,8731266.32,629.64
TRX,10,2021,11562,5749097.32,497.24
TRX,11,2021,11931,6069572.49,508.72
TRX,12,2021,7623,2980685.04,391.01
TRX,1,2022,7882,2474094.69,313.89
TRX,2,2022,7879,3011402.86,382.21
TRX,3,2022,7112,2244571.58,315.6
TRX,4,2022,7438,2977190.42,400.27
TRX,5,2022,12486,6644667.06,532.17
TRX,6,2022,10038,6997014.22,697.05
TRX,7,2022,7990,3857001.62,482.73
TRX,8,2022,5303,1394182.36,262.9
TRX,9,2022,4487,1100371.62,245.24
TRX,10,2022,4572,1135468.09,248.35
TRX,11,2022,4713,1322595.96,280.63
TRX,12,2022,4497,1100182.23,244.65
TRX,1,2023,3951,958716.34,242.65
TRX,2,2023,4200,1057695.72,251.83
TRX,3,2023,15674,2069723.46,132.05
TRX,4,2023,21476,1984790.53,92.42
TRX,5,2023,13430,1847404.31,137.56
TRX,6,2023,11538,1174423.81,101.79
TRX,7,2023,10267,1356790.27,132.15
TRX,8,2023,7680,983830.1,128.1
TRX,9,2023,4539,1218162.94,268.38
TRX,10,2023,3687,825135.72,223.8
TRX,11,2023,4681,1158487.34,247.49
TRX,12,2023,7623,1715547.39,225.05
TRX,1,2024,19705,2952127.91,149.82
TRX,2,2024,27441,3764794.1,137.2
TRX,3,2024,25280,5274096.31,208.63
TRX,4,2024,17333,3435823.31,198.22
TRX,5,2024,17076,3057623.67,179.06
TRX,6,2024,17277,4280121.74,247.74
TRX,7,2024,17149,3921962.56,228.7
TRX,8,2024,21044,4876808.57,231.74
TRX,9,2024,17404,3471889.36,199.49
TRX,10,2024,20121,3546605.11,176.26
TRX,11,2024,31178,7048661.28,226.08
TRX,12,2024,54085,28664304.6,529.99
TRX,1,2025,26190,7231404.5,276.11
TRX,2,2025,17793,5240826.37,294.54
TRX,3,2025,16669,5295805.98,317.7
TRX,4,2025,18345,4364494.34,237.91
TRX,5,2025,17130,3812355.33,222.55
TRX,6,2025,17328,5784033.9,333.8
TRX,7,2025,1810,61728.41,34.1
TUSD,8,2019,3302,1003540.86,303.92
TUSD,9,2019,1886,956419.12,507.12
TUSD,10,2019,1794,766533.4,427.28
TUSD,11,2019,1012,517848.35,511.71
TUSD,12,2019,956,372852.8,390.01
TUSD,1,2020,1316,580027.06,440.75
TUSD,2,2020,1873,1300052.91,694.1
TUSD,3,2020,2583,2859037.09,1106.87
TUSD,4,2020,2405,1362755.38,566.63
TUSD,5,2020,4028,3241146.61,804.65
TUSD,6,2020,4224,2122778.77,502.55
TUSD,7,2020,3507,1351984.67,385.51
TUSD,8,2020,4291,1820152.11,424.18
TUSD,9,2020,3078,1507104.25,489.64
TUSD,10,2020,4208,1102052.38,261.89
TUSD,11,2020,12352,2693626.97,218.07
TUSD,12,2020,5851,4139778.31,707.53
TUSD,1,2021,8347,4702427.78,563.37
TUSD,2,2021,11785,4596384.1,390.02
TUSD,3,2021,13351,4386096.15,328.52
TUSD,4,2021,21813,6793545.94,311.44
TUSD,5,2021,11407,5209195.83,456.67
TUSD,6,2021,4129,2150821.0,520.91
TUSD,7,2021,2982,1275440.92,427.71
TUSD,8,2021,4194,1465850.01,349.51
TUSD,9,2021,2918,1139397.5,390.47
TUSD,10,2021,2767,1140884.79,412.32
TUSD,11,2021,2157,954289.32,442.42
TUSD,12,2021,1248,633877.18,507.91
TUSD,1,2022,829,594716.78,717.39
TUSD,2,2022,637,389006.5,610.69
TUSD,3,2022,774,334753.49,432.5
TUSD,4,2022,619,253384.2,409.34
TUSD,5,2022,591,202817.97,343.18
TUSD,6,2022,496,287541.73,579.72
TUSD,7,2022,405,174571.38,431.04
TUSD,8,2022,464,172944.7,372.73
TUSD,9,2022,408,318707.76,781.15
TUSD,10,2022,375,201023.21,536.06
TUSD,11,2022,563,208808.69,370.89
TUSD,12,2022,169,34135.2,201.98
TUSD,1,2023,190,206263.29,1085.6
TUSD,2,2023,184,94005.15,510.9
TUSD,3,2023,248,289212.62,1166.18
TUSD,4,2023,382,168995.58,442.4
TUSD,5,2023,277,222061.12,801.66
TUSD,6,2023,153,116601.43,762.1
TUSD,7,2023,211,239765.21,1136.33
TUSD,8,2023,170,60887.48,358.16
TUSD,9,2023,131,60989.14,465.57
TUSD,10,2023,165,139279.83,844.12
TUSD,11,2023,192,92459.87,481.56
TUSD,12,2023,277,39530.98,142.71
TUSD,1,2024,309,117923.54,381.63
TUSD,2,2024,486,177681.25,365.6
TUSD,3,2024,891,227441.27,255.27
TUSD,4,2024,537,100872.63,187.84
TUSD,5,2024,432,82064.21,189.96
TUSD,6,2024,353,30929.02,87.62
TUSD,7,2024,297,41656.79,140.26
TUSD,8,2024,367,74237.7,202.28
TUSD,9,2024,271,70361.31,259.64
TUSD,10,2024,324,69275.56,213.81
TUSD,11,2024,640,129610.63,202.52
TUSD,12,2024,607,132003.65,217.47
TUSD,1,2025,674,155111.73,230.14
TUSD,2,2025,279,38490.78,137.96
TUSD,4,2025,77,12766.32,165.8
TUSD,6,2025,11,598.71,54.43
UNI,9,2020,7,25.49,3.64
UNI,10,2020,5,8380.0,1676.0
UNI,11,2020,14,36436.58,2602.61
UNI,12,2020,7,4363.11,623.3
UNI,1,2021,29,16665.66,574.68
UNI,2,2021,60,122594.54,2043.24
UNI,3,2021,45,38817.11,862.6
UNI,4,2021,62,78470.87,1265.66
UNI,5,2021,45400,28880395.86,636.13
UNI,6,2021,18199,10113609.96,555.72
UNI,7,2021,17364,11614184.1,668.87
UNI,8,2021,40441,43377059.68,1072.6
UNI,9,2021,24524,21531694.77,877.98
UNI,10,2021,23334,16103056.04,690.11
UNI,11,2021,23915,12886668.15,538.85
UNI,12,2021,26115,9671757.13,370.35
UNI,1,2022,17694,6935433.23,391.97
UNI,2,2022,9236,3473421.36,376.07
UNI,3,2022,7459,4393439.85,589.01
UNI,4,2022,5982,5230345.44,874.35
UNI,5,2022,9444,26241347.83,2778.63
UNI,6,2022,10031,2017071.6,201.08
UNI,7,2022,7637,2636809.7,345.27
UNI,8,2022,6041,2423495.19,401.17
UNI,9,2022,5896,1311191.81,222.39
UNI,10,2022,28973,2002454.85,69.11
UNI,11,2022,41751,2773286.71,66.42
UNI,12,2022,39800,2210203.74,55.53
UNI,1,2023,139490,11468422.4,82.22
UNI,2,2023,114527,11057814.73,96.55
UNI,3,2023,114996,10764121.77,93.6
UNI,4,2023,104749,9187655.83,87.71
UNI,5,2023,84823,5774687.17,68.08
UNI,6,2023,94045,8366662.93,88.96
UNI,7,2023,125456,11688348.48,93.17
UNI,8,2023,141632,14131862.68,99.78
UNI,9,2023,72603,6420147.1,88.43
UNI,10,2023,134292,11506831.95,85.69
UNI,11,2023,181796,28653450.77,157.61
UNI,12,2023,212584,28309499.58,133.17
UNI,1,2024,191694,22671060.95,118.27
UNI,2,2024,221717,47384003.7,213.71
UNI,3,2024,357614,97093715.59,271.5
UNI,4,2024,200884,46022758.25,229.1
UNI,5,2024,182908,45175689.3,246.99
UNI,6,2024,230425,97515223.64,423.2
UNI,7,2024,146679,51316458.63,349.86
UNI,8,2024,130310,37436672.48,287.29
UNI,9,2024,141383,28242654.36,199.76
UNI,10,2024,176047,50501034.6,286.86
UNI,11,2024,413543,219433855.55,530.62
UNI,12,2024,659945,444609316.68,673.71
UNI,1,2025,315618,181359708.35,574.62
UNI,2,2025,178462,79575129.93,445.89
UNI,3,2025,192353,81157360.78,421.92
UNI,4,2025,131756,54328486.98,412.34
UNI,5,2025,204062,124712437.76,611.15
UNI,6,2025,189323,111765044.31,590.34
UNI,7,2025,3,2927.82,975.94
USDC,11,2019,3,760520.0,253506.67
USDC,12,2019,2,86348.0,43174.0
USDC,1,2020,3,1542.11,514.04
USDC,2,2020,9,3217.77,357.53
USDC,3,2020,34,31473.33,925.69
USDC,4,2020,765,244558.91,319.68
USDC,5,2020,6632,3560540.45,536.87
USDC,6,2020,19766,9901481.25,500.94
USDC,7,2020,22097,8748662.71,395.92
USDC,8,2020,19657,176598792.38,8984.02
USDC,9,2020,14780,205071345.2,13874.92
USDC,10,2020,9207,413058494.61,44863.53
USDC,11,2020,24362,623845992.28,25607.34
USDC,12,2020,26935,635908211.24,23608.99
USDC,1,2021,52714,622086551.6,11801.16
USDC,2,2021,51339,736954446.24,14354.67
USDC,3,2021,57097,660665155.34,11570.93
USDC,4,2021,71823,799235702.4,11127.85
USDC,5,2021,54049,927463315.22,17159.68
USDC,6,2021,26173,1199764364.38,45839.77
USDC,7,2021,22028,1348269697.69,61207.09
USDC,8,2021,32652,1142212908.48,34981.41
USDC,9,2021,36561,838093506.09,22923.16
USDC,10,2021,43311,362655611.15,8373.29
USDC,11,2021,42530,673400790.91,15833.55
USDC,12,2021,38327,401789186.7,10483.19
USDC,1,2022,30361,1109444539.39,36541.77
USDC,2,2022,25236,1035713228.46,41041.1
USDC,3,2022,26403,795497855.53,30129.07
USDC,4,2022,24045,627727952.63,26106.38
USDC,5,2022,29035,1057938564.7,36436.66
USDC,6,2022,24560,848977691.91,34567.5
USDC,7,2022,30111,1029213409.8,34180.65
USDC,8,2022,26243,530619669.2,20219.47
USDC,9,2022,131669,354537893.87,2692.65
USDC,10,2022,110503,453168392.56,4100.96
USDC,11,2022,91113,781746936.85,8579.97
USDC,12,2022,79621,988296202.8,12412.51
USDC,1,2023,86459,793525529.76,9178.06
USDC,2,2023,77034,634321933.35,8234.31
USDC,3,2023,49085,435428025.19,8870.9
USDC,4,2023,28709,419307383.02,14605.43
USDC,5,2023,53731,1037809620.66,19314.91
USDC,6,2023,47369,1139613341.87,24058.21
USDC,7,2023,39948,1056819963.11,26454.89
USDC,8,2023,46320,1275450736.85,27535.64
USDC,9,2023,26084,1100029616.91,42172.58
USDC,10,2023,34339,1136586911.8,33099.01
USDC,11,2023,56442,1207722120.95,21397.58
USDC,12,2023,322168,868053124.34,2694.41
USDC,1,2024,59146,1310380354.91,22155.01
USDC,2,2024,187284,1077337326.31,5752.43
USDC,3,2024,515544,1663758059.21,3227.19
USDC,4,2024,487577,1361871218.6,2793.14
USDC,5,2024,418514,826636762.3,1975.17
USDC,6,2024,561233,1328382032.75,2366.9
USDC,7,2024,567632,1242598954.28,2189.09
USDC,8,2024,547851,1118478929.19,2041.58
USDC,9,2024,1096391,1384931548.22,1263.17
USDC,10,2024,1251104,1436901000.19,1148.51
USDC,11,2024,1853451,881040751.99,475.35
USDC,12,2024,2863619,1065815742.93,372.19
USDC,1,2025,2422852,966530230.38,398.92
USDC,2,2025,1872575,974459408.03,520.38
USDC,3,2025,2349076,1938658747.18,825.29
USDC,4,2025,2308020,1423012088.71,616.55
USDC,5,2025,2394729,2167768964.48,905.23
USDC,6,2025,2313733,1655441723.04,715.49
USDC,7,2025,5,298253.13,59650.63
USDP,9,2021,3,131462.79,43820.93
USDP,10,2021,4,141289.88,35322.47
USDP,11,2021,289,42434.69,146.83
USDP,12,2021,614967,11275767.1,18.34
USDP,1,2022,437231,9922529.52,22.69
USDP,2,2022,275267,7801997.74,28.34
USDP,3,2022,313499,9809257.43,31.29
USDP,4,2022,342811,8907180.6,25.98
USDP,5,2022,311128,8568396.37,27.54
USDP,6,2022,214770,5193771.26,24.18
USDP,7,2022,168623,5213430.43,30.92
USDP,8,2022,217999,5096282.72,23.38
USDP,9,2022,318448,5409690.43,16.99
USDP,10,2022,183941,6701439.03,36.43
USDP,11,2022,170435,8327240.12,48.86
USDP,12,2022,134206,5085125.06,37.89
USDP,1,2023,167980,10916518.56,64.99
USDP,2,2023,139349,4577524.09,32.85
USDP,3,2023,155808,4776471.69,30.66
USDP,4,2023,114395,6922765.72,60.52
USDP,5,2023,102916,3300700.75,32.07
USDP,6,2023,96930,4187901.28,43.21
USDP,7,2023,120239,3522440.86,29.3
USDP,8,2023,145790,4320789.78,29.64
USDP,9,2023,89000,2803731.32,31.5
USDP,10,2023,97647,3217011.52,32.95
USDP,11,2023,88272,5329624.11,60.38
USDP,12,2023,210892,4433065.14,21.02
USDP,1,2024,86925,3624848.53,41.7
USDP,2,2024,74118,2360505.48,31.85
USDP,3,2024,95054,3271247.02,34.41
USDP,4,2024,95956,4235877.66,44.14
USDP,5,2024,72674,3304891.38,45.48
USDP,6,2024,81705,3900329.59,47.74
USDP,7,2024,76519,3855220.49,50.38
USDP,8,2024,1420,356886.23,251.33
USDP,9,2024,429,51386.06,119.78
USDP,10,2024,768,74744.25,97.32
USDP,11,2024,1505,140038.3,93.05
USDP,12,2024,1069,88487.77,82.78
USDP,1,2025,1159,84096.49,72.56
USDP,2,2025,435,55986.31,128.7
USDP,3,2025,265,12753.75,48.13
USDP,4,2025,336,18493.54,55.04
USDP,5,2025,284,8569.56,30.17
USDP,6,2025,196,231650.72,1181.89
USDT,8,2019,2275,25288737.2,11115.93
USDT,9,2019,4319,50624460.93,11721.34
USDT,10,2019,13570,110900835.82,8172.5
USDT,11,2019,4877,132570207.59,27182.74
USDT,12,2019,1761,415472650.33,235929.95
USDT,1,2020,3757,557167085.59,148301.06
USDT,2,2020,6344,669078377.12,105466.33
USDT,3,2020,7650,667717268.44,87283.3
USDT,4,2020,8925,91243796.91,10223.39
USDT,5,2020,16830,268506594.38,15954.05
USDT,6,2020,22812,1455582756.43,63807.77
USDT,7,2020,39312,3171267023.25,80669.19
USDT,8,2020,33797,2107079523.7,62345.16
USDT,9,2020,40425,2752379339.15,68086.07
USDT,10,2020,38960,2924535832.0,75065.09
USDT,11,2020,49698,4455278677.22,89647.04
USDT,12,2020,57082,5094247855.32,89244.38
USDT,1,2021,71110,3362658187.21,47288.12
USDT,2,2021,259838,3390734180.66,13049.42
USDT,3,2021,106602,3589691518.71,33673.77
USDT,4,2021,106168,5522403801.75,52015.71
USDT,5,2021,117823,6582265709.91,55865.71
USDT,6,2021,80080,7291060458.87,91047.21
USDT,7,2021,69123,6404288728.35,92650.62
USDT,8,2021,72765,5280954020.68,72575.47
USDT,9,2021,76666,4421383226.99,57670.72
USDT,10,2021,67859,4205014532.79,61966.94
USDT,11,2021,74762,8918651737.72,119293.92
USDT,12,2021,74966,7820737753.14,104323.8
USDT,1,2022,79390,8971131815.65,113000.78
USDT,2,2022,95517,7610416086.95,79676.04
USDT,3,2022,107510,8017449513.41,74573.99
USDT,4,2022,116528,8983416372.16,77092.34
USDT,5,2022,112499,11232578881.96,99846.03
USDT,6,2022,99305,9796088761.38,98646.48
USDT,7,2022,125101,9259090374.1,74012.92
USDT,8,2022,135749,10974963965.41,80847.48
USDT,9,2022,129336,8876531962.4,68631.56
USDT,10,2022,152895,11086393617.67,72509.85
USDT,11,2022,163563,12068197959.86,73783.18
USDT,12,2022,180190,11037150212.04,61252.85
USDT,1,2023,195118,14455555450.15,74086.22
USDT,2,2023,174710,13025878890.08,74557.15
USDT,3,2023,219791,17347011497.97,78925.03
USDT,4,2023,227370,19656409119.51,86451.2
USDT,5,2023,257979,15075345858.05,58436.33
USDT,6,2023,294348,18021860016.6,61226.37
USDT,7,2023,256643,19071234105.34,74310.36
USDT,8,2023,300628,20506316219.66,68211.6
USDT,9,2023,244324,14207603770.0,58150.67
USDT,10,2023,324900,18436640936.64,56745.59
USDT,11,2023,362345,18666480181.49,51515.77
USDT,12,2023,407270,20744972796.66,50936.66
USDT,1,2024,433019,21643301664.31,49982.34
USDT,2,2024,432915,14770535013.31,34118.79
USDT,3,2024,820218,18733533495.82,22839.7
USDT,4,2024,702558,20035341274.88,28517.7
USDT,5,2024,680788,20950446645.15,30773.82
USDT,6,2024,606370,19640139662.56,32389.7
USDT,7,2024,710616,20994126460.68,29543.56
USDT,8,2024,760533,23111338891.62,30388.34
USDT,9,2024,873929,26486421325.16,30307.29
USDT,10,2024,699218,22574252759.8,32285.0
USDT,11,2024,800783,20072649474.2,25066.28
USDT,12,2024,2573902,29264503331.83,11369.7
USDT,1,2025,7878177,29032467177.8,3685.18
USDT,2,2025,5035652,23497697551.78,4666.27
USDT,3,2025,2525195,24963235340.16,9885.67
USDT,4,2025,2019900,26538452028.36,13138.5
USDT,5,2025,1144377,22136090280.47,19343.35
USDT,6,2025,944708,26117468938.84,27646.08
USDT,7,2025,2550,13475448.56,5284.49
VET,5,2020,1,10.37,10.37
VET,8,2020,2,106507.75,53253.88
VET,9,2020,1,100.0,100.0
VET,11,2020,5,1776.38,355.28
VET,12,2020,3,189.61,63.2
VET,1,2021,17,26451.56,1555.97
VET,2,2021,39,52942.88,1357.51
VET,3,2021,121,90071.69,744.39
VET,4,2021,173,466461.51,2696.31
VET,5,2021,103,154439.95,1499.42
VET,6,2021,7922,3460044.33,436.76
VET,7,2021,5123,2607801.96,509.04
VET,8,2021,12931,8461862.47,654.39
VET,9,2021,10743,7495579.67,697.72
VET,10,2021,16526,14061459.07,850.87
VET,11,2021,14892,12252643.05,822.77
VET,12,2021,5505,2453891.6,445.76
VET,1,2022,3470,1181781.86,340.57
VET,2,2022,1935,634642.79,327.98
VET,3,2022,4584,2115008.15,461.39
VET,4,2022,2032,788280.38,387.93
VET,5,2022,2533,576074.36,227.43
VET,6,2022,1816,371924.62,204.8
VET,7,2022,1340,324972.18,242.52
VET,8,2022,1562,441363.66,282.56
VET,9,2022,1201,262963.85,218.95
VET,10,2022,670,103527.8,154.52
VET,11,2022,1272,244083.46,191.89
VET,12,2022,708,76663.86,108.28
VET,1,2023,1654,249009.62,150.55
VET,2,2023,1735,347354.87,200.2
VET,3,2023,1215,189822.49,156.23
VET,4,2023,806,130061.61,161.37
VET,5,2023,696,90191.55,129.59
VET,6,2023,1096,131155.1,119.67
VET,7,2023,794,85650.42,107.87
VET,8,2023,822,88404.58,107.55
VET,9,2023,1026,87925.69,85.7
VET,10,2023,1135,107678.74,94.87
VET,11,2023,8488,589561.59,69.46
VET,12,2023,24531,1654986.13,67.47
VET,1,2024,6472,485427.93,75.0
VET,2,2024,30915,2624862.39,84.91
VET,3,2024,289685,12825331.54,44.27
VET,4,2024,132670,4004808.62,30.19
VET,5,2024,29215,1183846.65,40.52
VET,6,2024,33383,1348817.84,40.4
VET,7,2024,10234,744581.78,72.76
VET,8,2024,28578,1025827.64,35.9
VET,9,2024,9786,1115300.52,113.97
VET,10,2024,3305,343969.35,104.08
VET,11,2024,8547,1088379.44,127.34
VET,12,2024,16018,2633314.61,164.4
VET,1,2025,7163,959229.31,133.91
VET,2,2025,2166,391894.68,180.93
VET,3,2025,1623,210538.24,129.72
VET,4,2025,1551,296439.83,191.13
VET,5,2025,1359,201007.26,147.91
VET,6,2025,944,187707.63,198.84
WAVES,8,2019,1,1500.0,1500.0
WAVES,9,2019,3,372.79,124.26
WAVES,10,2019,16,3410.17,213.14
WAVES,11,2019,1,26.96,26.96
WAVES,12,2019,2,99.23,49.61
WAVES,1,2020,8,1500.0,187.5
WAVES,2,2020,14,7468.17,533.44
WAVES,3,2020,4,2837.68,709.42
WAVES,4,2020,5,3337.33,667.47
WAVES,5,2020,13,6050.79,465.45
WAVES,6,2020,20,16003.2,800.16
WAVES,7,2020,3208,1976828.54,616.22
WAVES,8,2020,14809,13987342.86,944.52
WAVES,9,2020,3725,2790397.14,749.1
WAVES,10,2020,3134,2301930.38,734.5
WAVES,11,2020,6569,6660087.33,1013.87
WAVES,12,2020,5893,5258232.05,892.28
WAVES,1,2021,8625,6791511.29,787.42
WAVES,2,2021,12872,8561411.44,665.12
WAVES,3,2021,8997,6230769.73,692.54
WAVES,4,2021,25748,25156421.93,977.02
WAVES,5,2021,33342,48522752.7,1455.3
WAVES,6,2021,7494,10195528.45,1360.49
WAVES,7,2021,4185,5258634.88,1256.54
WAVES,8,2021,6801,5913198.34,869.46
WAVES,9,2021,4549,4147720.47,911.79
WAVES,10,2021,4351,4044983.46,929.67
WAVES,11,2021,2214,1570954.98,709.56
WAVES,12,2021,2105,1363406.85,647.7
WAVES,1,2022,1377,698086.7,506.96
WAVES,2,2022,1574,1024606.43,650.96
WAVES,3,2022,11264,13239907.38,1175.42
WAVES,4,2022,5310,5630296.07,1060.32
WAVES,5,2022,5933,3264821.49,550.28
WAVES,6,2022,8579,3928641.14,457.94
WAVES,7,2022,2970,1109582.15,373.6
WAVES,8,2022,2361,922108.88,390.56
WAVES,9,2022,1530,496578.94,324.56
WAVES,10,2022,1339,313667.87,234.26
WAVES,11,2022,1756,351627.25,200.24
WAVES,12,2022,1973,353563.2,179.2
WAVES,1,2023,1840,545448.89,296.44
WAVES,2,2023,1505,540041.6,358.83
WAVES,3,2023,598,156028.08,260.92
WAVES,4,2023,786,245063.55,311.79
WAVES,5,2023,890,232522.5,261.26
WAVES,6,2023,1383,270821.93,195.82
WAVES,7,2023,723,164386.25,227.37
WAVES,8,2023,319,64287.78,201.53
WAVES,9,2023,181,36617.55,202.31
WAVES,10,2023,295,103195.96,349.82
WAVES,11,2023,401,131595.7,328.17
WAVES,12,2023,619,180399.86,291.44
WAVES,1,2024,413,75878.17,183.72
WAVES,2,2024,454,133097.57,293.17
WAVES,3,2024,1256,363398.08,289.33
WAVES,4,2024,740,157146.64,212.36
WAVES,5,2024,567,88966.0,156.91
WAVES,6,2024,1360,200785.8,147.64
WAVES,7,2024,516,47691.61,92.43
WAVES,8,2024,235,18670.22,79.45
WAVES,9,2024,192,15167.1,79.0
WAVES,10,2024,299,27677.04,92.57
WAVES,11,2024,1458,158872.56,108.97
WAVES,12,2024,1208,140288.78,116.13
WAVES,1,2025,480,46865.56,97.64
WAVES,2,2025,305,30427.52,99.76
WAVES,3,2025,137,11640.82,84.97
WAVES,4,2025,115,7784.41,67.69
WAVES,5,2025,125,10952.56,87.62
WAVES,6,2025,73,5260.6,72.06
WBTC,6,2021,720,202428.55,281.15
WBTC,7,2021,620,174074.22,280.76
WBTC,8,2021,1289,506124.32,392.65
WBTC,9,2021,4096,2175911.24,531.23
WBTC,10,2021,10288,8477405.79,824.01
WBTC,11,2021,3940,1963845.3,498.44
WBTC,12,2021,1542,444686.48,288.38
WBTC,1,2022,1219,508009.2,416.74
WBTC,2,2022,1632,524219.51,321.21
WBTC,3,2022,1824,559548.67,306.77
WBTC,4,2022,1705,380108.17,222.94
WBTC,5,2022,1459,199677.91,136.86
WBTC,6,2022,1271,135494.13,106.6
WBTC,7,2022,1199,291261.95,242.92
WBTC,8,2022,765,145762.05,190.54
WBTC,9,2022,719,144781.32,201.36
WBTC,10,2022,1267,285029.38,224.96
WBTC,11,2022,1509,639449.67,423.76
WBTC,12,2022,873,223696.63,256.24
WBTC,1,2023,1484,200323.2,134.99
WBTC,2,2023,1238,132737.03,107.22
WBTC,3,2023,3341,980327.1,293.42
WBTC,4,2023,1883,560738.46,297.79
WBTC,5,2023,1393,254247.64,182.52
WBTC,6,2023,1328,204931.65,154.32
WBTC,7,2023,1590,262675.61,165.2
WBTC,8,2023,2737,229297.15,83.78
WBTC,9,2023,3300,201940.35,61.19
WBTC,10,2023,3709,447028.61,120.53
WBTC,11,2023,4188,1099492.68,262.53
WBTC,12,2023,5976,1143280.8,191.31
WBTC,1,2024,5850,977646.23,167.12
WBTC,2,2024,8366,1406404.14,168.11
WBTC,3,2024,13415,3529480.22,263.1
WBTC,4,2024,6179,1122339.36,181.64
WBTC,5,2024,5848,2469911.65,422.35
WBTC,6,2024,4730,776196.88,164.1
WBTC,7,2024,5938,1399241.46,235.64
WBTC,8,2024,6806,1442744.51,211.98
WBTC,9,2024,4170,780278.85,187.12
WBTC,10,2024,6461,1499796.31,232.13
WBTC,11,2024,13405,2986904.83,222.82
WBTC,12,2024,7691,2004271.08,260.6
WBTC,1,2025,6329,1181228.95,186.64
WBTC,2,2025,3434,818407.67,238.32
WBTC,3,2025,3181,837648.23,263.33
WBTC,4,2025,3241,534359.87,164.87
WBTC,5,2025,3888,496148.58,127.61
WBTC,6,2025,2307,236529.67,102.53
WBX,7,2020,58076,38723717.24,666.78
WBX,8,2020,40324,21456253.53,532.1
WBX,9,2020,29430,13037857.34,443.01
WBX,10,2020,17831,6513639.74,365.3
WBX,11,2020,42672,18429652.03,431.89
WBX,12,2020,70360,31509692.82,447.84
WBX,1,2021,47279,13493540.38,285.4
WBX,2,2021,60363,25852696.39,428.29
WBX,3,2021,653913,829359836.39,1268.3
WBX,4,2021,216331,219781658.15,1015.95
WBX,5,2021,115562,77770743.51,672.98
WBX,6,2021,75864,55286003.16,728.75
WBX,7,2021,64365,29585310.32,459.65
WBX,8,2021,172086,146736548.22,852.69
WBX,9,2021,101766,55737385.59,547.7
WBX,10,2021,93562,42354388.52,452.69
WBX,11,2021,83301,34902330.62,418.99
WBX,12,2021,53825,20207243.98,375.42
WBX,1,2022,42727,10665515.88,249.62
WBX,2,2022,45185,13594664.41,300.87
WBX,3,2022,33745,7219710.56,213.95
WBX,4,2022,20416,4328814.81,212.03
WBX,5,2022,24216,4669835.7,192.84
WBX,6,2022,19648,4618838.98,235.08
WBX,7,2022,26992,6318071.4,234.07
WBX,8,2022,16654,3748701.63,225.09
WBX,9,2022,13951,3189568.95,228.63
WBX,10,2022,37329,13413346.28,359.33
WBX,11,2022,35658,13349604.07,374.38
WBX,12,2022,15794,3838416.65,243.03
WBX,1,2023,25203,8129714.6,322.57
WBX,2,2023,46865,19914492.05,424.93
WBX,3,2023,22017,6266166.9,284.61
WBX,4,2023,16901,3394507.3,200.85
WBX,5,2023,20025,4014339.3,200.47
WBX,6,2023,13958,2889764.04,207.03
WBX,7,2023,19062,5189028.78,272.22
WBX,8,2023,19323,5430927.86,281.06
WBX,9,2023,19280,4519237.38,234.4
WBX,10,2023,16605,3785624.51,227.98
WBX,11,2023,17513,4138945.36,236.34
WBX,12,2023,17504,3719181.09,212.48
WBX,1,2024,18124,3959936.89,218.49
WBX,2,2024,33049,9846740.64,297.94
WBX,3,2024,39672,12027611.43,303.18
WBX,4,2024,19520,5435422.55,278.45
WBX,5,2024,20164,5770682.36,286.19
WBX,6,2024,23546,11958926.77,507.9
WBX,7,2024,22160,11504460.19,519.15
WBX,8,2024,25927,11452853.02,441.73
WBX,9,2024,24990,12844975.85,514.0
WBX,10,2024,19763,7870327.25,398.24
WBX,11,2024,30551,8845697.1,289.54
WBX,12,2024,53125,12039978.05,226.63
WBX,1,2025,57364,11986873.54,208.96
WBX,2,2025,24305,5321010.74,218.93
WBX,3,2025,16837,3169567.02,188.25
WBX,4,2025,13986,2290101.76,163.74
WBX,5,2025,9685,1550416.42,160.08
WBX,6,2025,7589,1602685.92,211.19
XLM,8,2019,650,111618.43,171.72
XLM,9,2019,1212,681412.69,562.22
XLM,10,2019,991,273572.37,276.06
XLM,11,2019,1909,1109975.91,581.44
XLM,12,2019,926,360297.21,389.09
XLM,1,2020,3445,1236144.1,358.82
XLM,2,2020,2350,883344.58,375.89
XLM,3,2020,1559,369484.45,237.0
XLM,4,2020,3850,1243738.57,323.05
XLM,5,2020,3601,1071445.35,297.54
XLM,6,2020,4960,1825831.57,368.11
XLM,7,2020,4808,2512497.92,522.57
XLM,8,2020,4627,2242041.28,484.56
XLM,9,2020,1597,650638.49,407.41
XLM,10,2020,1256,735194.71,585.35
XLM,11,2020,7862,6765617.06,860.55
XLM,12,2020,6706,3702666.58,552.14
XLM,1,2021,32434,31185976.65,961.52
XLM,2,2021,30303,34250382.94,1130.26
XLM,3,2021,14164,10370264.45,732.16
XLM,4,2021,30589,26392158.34,862.8
XLM,5,2021,61348,34708902.04,565.77
XLM,6,2021,16033,5152745.28,321.38
XLM,7,2021,9564,3096188.31,323.73
XLM,8,2021,17688,7287966.15,412.03
XLM,9,2021,10880,3993796.3,367.08
XLM,10,2021,13326,6612863.93,496.24
XLM,11,2021,12160,4625048.05,380.35
XLM,12,2021,11034,2469994.56,223.85
XLM,1,2022,7799,1264763.98,162.17
XLM,2,2022,28847,4426717.93,153.46
XLM,3,2022,24315,5178170.31,212.96
XLM,4,2022,19531,4699770.79,240.63
XLM,5,2022,18153,1512412.1,83.31
XLM,6,2022,12683,2222708.01,175.25
XLM,7,2022,10131,1371745.13,135.4
XLM,8,2022,8369,1112798.38,132.97
XLM,9,2022,7999,1022757.46,127.86
XLM,10,2022,7879,926623.08,117.61
XLM,11,2022,6392,881166.54,137.85
XLM,12,2022,4958,1599676.07,322.65
XLM,1,2023,6488,1003562.74,154.68
XLM,2,2023,7225,929724.64,128.68
XLM,3,2023,10881,1243845.28,114.31
XLM,4,2023,9147,3163435.65,345.84
XLM,5,2023,6111,626769.89,102.56
XLM,6,2023,8491,1278144.11,150.53
XLM,7,2023,39299,4996705.43,127.15
XLM,8,2023,34533,2367722.1,68.56
XLM,9,2023,9272,1171319.21,126.33
XLM,10,2023,10187,2040059.05,200.26
XLM,11,2023,13221,2663887.75,201.49
XLM,12,2023,90168,6084410.02,67.48
XLM,1,2024,35517,2113111.68,59.5
XLM,2,2024,120029,9670980.56,80.57
XLM,3,2024,256171,34517439.72,134.74
XLM,4,2024,157555,14938927.76,94.82
XLM,5,2024,126342,12107119.06,95.83
XLM,6,2024,112959,9575318.02,84.77
XLM,7,2024,145263,15436405.43,106.27
XLM,8,2024,111830,10027160.53,89.66
XLM,9,2024,97069,8200766.55,84.48
XLM,10,2024,103768,10387770.02,100.11
XLM,11,2024,1103943,1575900096.96,1427.52
XLM,12,2024,746281,863887553.05,1157.59
XLM,1,2025,489068,413247357.3,844.97
XLM,2,2025,232089,119144378.28,513.36
XLM,3,2025,315346,160270052.13,508.24
XLM,4,2025,113247,43587885.09,384.89
XLM,5,2025,104232,41477833.2,397.94
XLM,6,2025,78239,17489218.29,223.54
XLM,7,2025,3,789.03,263.01
XMR,8,2019,4,3293.6,823.4
XMR,9,2019,7,7991.01,1141.57
XMR,12,2019,1,120.0,120.0
XMR,1,2020,8,3377.86,422.23
XMR,2,2020,20,5255.06,262.75
XMR,3,2020,9,2527.51,280.83
XMR,4,2020,33,37533.64,1137.38
XMR,5,2020,17,26397.4,1552.79
XMR,6,2020,2640,1638474.65,620.63
XMR,7,2020,1583,876885.6,553.94
XMR,8,2020,1808,1092792.37,604.42
XMR,9,2020,961,755532.41,786.19
XMR,10,2020,1769,1484593.86,839.23
XMR,11,2020,1972,1981044.56,1004.59
XMR,12,2020,2530,2002156.44,791.37
XMR,1,2021,6234,4968524.45,797.0
XMR,2,2021,9368,7315955.99,780.95
XMR,3,2021,5519,3664566.18,663.99
XMR,4,2021,12744,10521954.64,825.64
XMR,5,2021,9212,8232394.89,893.66
XMR,6,2021,2544,1744880.44,685.88
XMR,7,2021,1513,1566861.54,1035.6
XMR,8,2021,2596,2772629.47,1068.04
XMR,9,2021,1540,1233752.97,801.14
XMR,10,2021,1938,1631778.64,841.99
XMR,11,2021,1310,930576.48,710.36
XMR,12,2021,1037,593747.53,572.56
XMR,1,2022,830,471053.7,567.53
XMR,2,2022,667,423605.71,635.09
XMR,3,2022,1266,781434.3,617.25
XMR,4,2022,1354,980525.27,724.17
XMR,5,2022,1439,884659.65,614.77
XMR,6,2022,1269,859153.65,677.03
XMR,7,2022,1083,706200.73,652.08
XMR,8,2022,700,348597.54,498.0
XMR,9,2022,773,699534.1,904.96
XMR,10,2022,722,585737.0,811.27
XMR,11,2022,786,470794.38,598.98
XMR,12,2022,629,390878.72,621.43
XMR,1,2023,830,463061.17,557.91
XMR,2,2023,746,384344.23,515.21
XMR,3,2023,768,338396.85,440.62
XMR,4,2023,893,586322.07,656.58
XMR,5,2023,1244,878605.22,706.27
XMR,6,2023,652,594364.91,911.6
XMR,7,2023,726,405399.99,558.4
XMR,8,2023,1188,591582.21,497.96
XMR,9,2023,805,643931.63,799.92
XMR,10,2023,1304,782589.17,600.15
XMR,11,2023,1041,691501.23,664.27
XMR,12,2023,1239,680004.75,548.83
XMR,1,2024,1171,625665.49,534.3
XMR,2,2024,2921,819640.37,280.6
XMR,3,2024,2288,407798.13,178.23
XMR,4,2024,1438,253902.68,176.57
XMR,5,2024,1363,192734.17,141.4
XMR,6,2024,1174,156077.49,132.95
XMR,7,2024,1621,214279.66,132.19
XMR,8,2024,1044,130822.79,125.31
XMR,9,2024,1982,196738.19,99.26
XMR,10,2024,1745,224265.19,128.52
XMR,11,2024,1783,209053.88,117.25
XMR,12,2024,3660,378815.12,103.5
XMR,1,2025,556,83092.62,149.45
XMR,2,2025,547,126583.83,231.41
XMR,3,2025,516,236373.56,458.09
XMR,4,2025,407,233433.63,573.55
XMR,5,2025,1078,580193.33,538.21
XMR,6,2025,386,177339.08,459.43
XRP,8,2019,79818,22457571.71,281.36
XRP,9,2019,92469,1549125776.36,16752.92
XRP,10,2019,70879,748097588.68,10554.57
XRP,11,2019,69932,1017527745.77,14550.25
XRP,12,2019,37066,587244369.28,15843.21
XRP,1,2020,66675,1222420644.85,18334.02
XRP,2,2020,105442,2555948262.41,24240.32
XRP,3,2020,92525,3244708889.71,35068.46
XRP,4,2020,73821,3476559503.9,47094.45
XRP,5,2020,90978,2897678811.28,31850.32
XRP,6,2020,57109,2216755756.17,38816.22
XRP,7,2020,70205,3405352974.57,48505.85
XRP,8,2020,102450,2975606482.16,29044.48
XRP,9,2020,50774,40793101.35,803.43
XRP,10,2020,42901,45412272.93,1058.54
XRP,11,2020,324662,383426368.61,1181.0
XRP,12,2020,388703,393474515.55,1012.28
XRP,1,2021,484949,423295847.15,872.87
XRP,2,2021,802039,924770450.28,1153.02
XRP,3,2021,417322,387685579.87,928.98
XRP,4,2021,1510859,2335446490.86,1545.77
XRP,5,2021,778714,1205780492.23,1548.43
XRP,6,2021,254114,243227788.64,957.16
XRP,7,2021,182971,181051349.17,989.51
XRP,8,2021,461316,551167973.54,1194.77
XRP,9,2021,294981,326292074.12,1106.15
XRP,10,2021,266426,271257581.71,1018.13
XRP,11,2021,232792,248082823.46,1065.68
XRP,12,2021,154408,124352754.8,805.35
XRP,1,2022,105795,76847400.94,726.38
XRP,2,2022,122881,70229140.32,571.52
XRP,3,2022,100575,55669318.31,553.51
XRP,4,2022,82666,38740495.02,468.64
XRP,5,2022,89662,38715708.19,431.8
XRP,6,2022,71216,29326477.97,411.8
XRP,7,2022,68710,24679951.87,359.19
XRP,8,2022,59188,22804230.38,385.28
XRP,9,2022,84923,42389231.54,499.15
XRP,10,2022,76957,40910888.78,531.61
XRP,11,2022,96571,56502483.19,585.09
XRP,12,2022,47727,25100867.42,525.93
XRP,1,2023,61030,25819394.17,423.06
XRP,2,2023,48225,18838432.51,390.64
XRP,3,2023,103627,42650112.57,411.57
XRP,4,2023,62022,22552813.9,363.63
XRP,5,2023,45495,24349884.56,535.22
XRP,6,2023,46748,29911749.51,639.85
XRP,7,2023,122499,76416089.27,623.81
XRP,8,2023,102325,28409664.87,277.64
XRP,9,2023,75873,20459507.26,269.65
XRP,10,2023,100438,32397280.3,322.56
XRP,11,2023,116017,54500488.75,469.76
XRP,12,2023,100259,51207849.81,510.76
XRP,1,2024,99896,35934312.16,359.72
XRP,2,2024,104653,41212285.92,393.8
XRP,3,2024,182468,91422904.42,501.04
XRP,4,2024,153842,51345633.0,333.76
XRP,5,2024,131605,35460638.94,269.45
XRP,6,2024,110541,37252350.2,337.0
XRP,7,2024,148687,74889777.76,503.67
XRP,8,2024,124827,141353084.62,1132.39
XRP,9,2024,104486,55097293.47,527.32
XRP,10,2024,117680,71564524.83,608.13
XRP,11,2024,457440,579145549.25,1266.06
XRP,12,2024,676067,810274860.91,1198.51
XRP,1,2025,1218049,1050560621.14,862.49
XRP,2,2025,749025,660845884.55,882.27
XRP,3,2025,949530,872624727.88,919.01
XRP,4,2025,411453,381536183.06,927.29
XRP,5,2025,415061,345274201.18,831.86
XRP,6,2025,280819,240909300.93,857.88
XRP,7,2025,5,42517.39,8503.48
XTZ,8,2019,42,255784.15,6090.1
XTZ,9,2019,15,21025.53,1401.7
XTZ,11,2019,46,613023.48,13326.6
XTZ,12,2019,27,65189.72,2414.43
XTZ,1,2020,18,198543.59,11030.2
XTZ,2,2020,181,1088254.24,6012.45
XTZ,3,2020,29,209201.47,7213.84
XTZ,4,2020,1697,1798980.6,1060.09
XTZ,5,2020,4390,3114118.48,709.37
XTZ,6,2020,1913,1186386.26,620.17
XTZ,7,2020,3445,2808782.82,815.32
XTZ,8,2020,5792,5131219.29,885.91
XTZ,9,2020,1980,1182234.69,597.09
XTZ,10,2020,1677,913679.42,544.83
XTZ,11,2020,2714,1716640.52,632.51
XTZ,12,2020,1986,992547.42,499.77
XTZ,1,2021,5556,3470143.55,624.58
XTZ,2,2021,8887,5568716.95,626.61
XTZ,3,2021,5592,3298827.53,589.92
XTZ,4,2021,9643,6722867.37,697.18
XTZ,5,2021,7178,5631967.08,784.62
XTZ,6,2021,2181,796995.91,365.43
XTZ,7,2021,1188,424237.68,357.1
XTZ,8,2021,5489,4503763.86,820.51
XTZ,9,2021,10264,11351185.87,1105.92
XTZ,10,2021,6554,6761246.41,1031.62
XTZ,11,2021,2749,1945422.36,707.68
XTZ,12,2021,3288,2675943.99,813.85
XTZ,1,2022,14135,5297184.46,374.76
XTZ,2,2022,16781,3591118.71,214.0
XTZ,3,2022,9156,1581535.91,172.73
XTZ,4,2022,7927,1157607.79,146.03
XTZ,5,2022,9223,1090077.4,118.19
XTZ,6,2022,8243,1880015.53,228.07
XTZ,7,2022,6206,874023.17,140.84
XTZ,8,2022,4274,840394.22,196.63
XTZ,9,2022,3933,524468.97,133.35
XTZ,10,2022,2113,277227.92,131.2
XTZ,11,2022,2487,458349.44,184.3
XTZ,12,2022,1152,258262.46,224.19
XTZ,1,2023,3170,984841.64,310.68
XTZ,2,2023,3374,699841.83,207.42
XTZ,3,2023,1997,295147.25,147.8
XTZ,4,2023,1940,402418.36,207.43
XTZ,5,2023,1158,88019.32,76.01
XTZ,6,2023,1504,98456.7,65.46
XTZ,7,2023,1885,177276.1,94.05
XTZ,8,2023,2713,128477.8,47.36
XTZ,9,2023,1444,57023.55,39.49
XTZ,10,2023,1779,176920.47,99.45
XTZ,11,2023,2095,254716.76,121.58
XTZ,12,2023,2500,239954.17,95.98
XTZ,1,2024,3735,363308.82,97.27
XTZ,2,2024,4172,386163.91,92.56
XTZ,3,2024,6036,1004700.85,166.45
XTZ,4,2024,3742,599838.08,160.3
XTZ,5,2024,2990,557975.4,186.61
XTZ,6,2024,1661,331743.25,199.73
XTZ,7,2024,1901,342859.64,180.36
XTZ,8,2024,1511,137201.36,90.8
XTZ,9,2024,1152,112314.16,97.49
XTZ,10,2024,1444,108188.61,74.92
XTZ,11,2024,7065,2051984.27,290.44
XTZ,12,2024,7707,1691730.24,219.51
XTZ,1,2025,3436,382295.52,111.26
XTZ,2,2025,1942,211359.6,108.84
XTZ,3,2025,1631,332801.3,204.05
XTZ,4,2025,1510,154546.67,102.35
XTZ,5,2025,34648,6509652.11,187.88
XTZ,6,2025,14256,1494295.4,104.82
XTZ,7,2025,6,3707.53,617.92
YFI,9,2020,90,1666606.16,18517.85
YFI,10,2020,36,17643.27,490.09
YFI,11,2020,410,345864.98,843.57
YFI,12,2020,451,1466287.56,3251.19
YFI,1,2021,6073,106600473.12,17553.18
YFI,2,2021,4062,69901199.07,17208.57
YFI,3,2021,598,1561517.43,2611.23
YFI,4,2021,877,1386992.68,1581.52
YFI,5,2021,54853,201169449.94,3667.43
YFI,6,2021,14229,18761968.58,1318.57
YFI,7,2021,9978,7489376.28,750.59
YFI,8,2021,15174,11088915.17,730.78
YFI,9,2021,9952,6137987.36,616.76
YFI,10,2021,12416,7869180.84,633.79
YFI,11,2021,8679,6707335.14,772.82
YFI,12,2021,49953,26335616.26,527.21
YFI,1,2022,11059,9078877.71,820.95
YFI,2,2022,4392,1981452.98,451.15
YFI,3,2022,3293,2154981.39,654.41
YFI,4,2022,2304,1103398.73,478.91
YFI,5,2022,4229,1022071.74,241.68
YFI,6,2022,6163,1663958.02,269.99
YFI,7,2022,5355,2396780.08,447.58
YFI,8,2022,4521,2289631.09,506.44
YFI,9,2022,2837,1087777.35,383.43
YFI,10,2022,1478,506610.67,342.77
YFI,11,2022,2503,722937.8,288.83
YFI,12,2022,1650,300411.36,182.07
YFI,1,2023,1873,330659.94,176.54
YFI,2,2023,2992,710865.56,237.59
YFI,3,2023,4348,1326700.46,305.13
YFI,4,2023,1778,308753.63,173.65
YFI,5,2023,1860,278243.45,149.59
YFI,6,2023,1798,477416.95,265.53
YFI,7,2023,1808,208416.31,115.27
YFI,8,2023,1674,337263.03,201.47
YFI,9,2023,1272,185794.27,146.06
YFI,10,2023,1900,655611.94,345.06
YFI,11,2023,7269,2354511.76,323.91
YFI,12,2023,3680,877110.38,238.35
YFI,1,2024,4121,719091.32,174.49
YFI,2,2024,4614,938973.24,203.51
YFI,3,2024,7730,1612336.73,208.58
YFI,4,2024,4959,1246547.77,251.37
YFI,5,2024,2586,596113.22,230.52
YFI,6,2024,2244,1999597.35,891.09
YFI,7,2024,2492,5239452.13,2102.51
YFI,8,2024,2301,28972707.13,12591.35
YFI,9,2024,1725,388619.7,225.29
YFI,10,2024,1820,287159.48,157.78
YFI,11,2024,4935,1952067.88,395.56
YFI,12,2024,7657,3554310.77,464.19
YFI,1,2025,2762,1477092.04,534.79
YFI,2,2025,1553,765878.83,493.16
YFI,3,2025,1049,217136.85,206.99
YFI,4,2025,1100,760576.26,691.43
YFI,5,2025,1061,204651.77,192.89
YFI,6,2025,714,105285.35,147.46
ZEC,8,2019,9530,870615.56,91.36
ZEC,9,2019,3951,415716.53,105.22
ZEC,10,2019,3676,341409.96,92.88
ZEC,11,2019,2432,262651.72,108.0
ZEC,12,2019,2576,301528.71,117.05
ZEC,1,2020,10361,1506241.25,145.38
ZEC,2,2020,9191,1763433.22,191.87
ZEC,3,2020,12513,1349465.35,107.85
ZEC,4,2020,7026,1009176.64,143.63
ZEC,5,2020,253,41796.04,165.2
ZEC,6,2020,159,8979.21,56.47
ZEC,7,2020,258,47668.7,184.76
ZEC,8,2020,577,146229.77,253.43
ZEC,9,2020,205,18397.67,89.74
ZEC,10,2020,185,121528.2,656.91
ZEC,11,2020,351,63515.22,180.96
ZEC,12,2020,254,56859.35,223.86
ZEC,1,2021,9,5121.65,569.07
ZEC,2,2021,594,802844.28,1351.59
ZEC,3,2021,389,90248.1,232.0
ZEC,4,2021,536,228172.22,425.69
ZEC,5,2021,582,7407617.25,12727.86
ZEC,6,2021,55,1085357.36,19733.77
ZEC,7,2021,37,187164.94,5058.51
ZEC,8,2021,63,666028.08,10571.87
ZEC,9,2021,82,1433227.85,17478.39
ZEC,10,2021,13,95680.59,7360.05
ZEC,11,2021,4280,4613350.93,1077.89
ZEC,12,2021,766,507110.17,662.02
ZEC,1,2022,264,206159.67,780.91
ZEC,2,2022,275,230722.64,838.99
ZEC,3,2022,899,1259583.38,1401.09
ZEC,4,2022,392,464217.23,1184.23
ZEC,5,2022,298,283680.85,951.95
ZEC,6,2022,126,34018.48,269.99
ZEC,7,2022,115,79212.52,688.8
ZEC,8,2022,163,131530.58,806.94
ZEC,9,2022,93,39184.94,421.34
ZEC,10,2022,36,6931.18,192.53
ZEC,11,2022,87,18367.3,211.12
ZEC,12,2022,54,7436.3,137.71
ZEC,1,2023,455,75445.72,165.81
ZEC,2,2023,534,97466.13,182.52
ZEC,3,2023,487,103708.68,212.95
ZEC,4,2023,94,11372.49,120.98
ZEC,5,2023,134,13556.69,101.17
ZEC,6,2023,129,17814.46,138.1
ZEC,7,2023,131,23472.98,179.18
ZEC,8,2023,125,19221.62,153.77
ZEC,9,2023,64,3569.3,55.77
ZEC,10,2023,117,14725.14,125.86
ZEC,11,2023,242,34804.91,143.82
ZEC,12,2023,201,47682.48,237.23
ZEC,1,2024,330,141688.98,429.36
ZEC,2,2024,240,63175.51,263.23
ZEC,3,2024,322,80838.08,251.05
ZEC,4,2024,345,1256041.49,3640.7
ZEC,5,2024,332,2423031.53,7298.29
ZEC,6,2024,153,140279.17,916.86
ZEC,7,2024,246,41043.61,166.84
ZEC,8,2024,341,223629.11,655.8
ZEC,9,2024,196,51354.64,262.01
ZEC,10,2024,434,58128.76,133.94
ZEC,11,2024,629,94441.25,150.15
ZEC,12,2024,1232,158229.29,128.43
ZEC,1,2025,328,85828.83,261.67
ZEC,2,2025,198,131257.69,662.92
ZEC,3,2025,177,52721.74,297.86
ZEC,4,2025,240,150283.93,626.18
ZEC,5,2025,286,50342.92,176.02
ZEC,6,2025,115,14336.26,124.66
ZRX,9,2019,5,51233.81,10246.76
ZRX,10,2019,35,70741.36,2021.18
ZRX,11,2019,50,4810.49,96.21
ZRX,12,2019,121,6283.56,51.93
ZRX,1,2020,135,4561.04,33.79
ZRX,2,2020,294,27192.95,92.49
ZRX,3,2020,137,9324.99,68.07
ZRX,4,2020,180,13329.48,74.05
ZRX,5,2020,770,97462.89,126.58
ZRX,6,2020,429,82258.49,191.74
ZRX,7,2020,860,69635.49,80.97
ZRX,8,2020,1662,222277.74,133.74
ZRX,9,2020,428,40025.72,93.52
ZRX,10,2020,346,69304.2,200.3
ZRX,11,2020,379,48327.6,127.51
ZRX,12,2020,346,49040.73,141.74
ZRX,1,2021,8,5200.17,650.02
ZRX,2,2021,1356,490023.05,361.37
ZRX,3,2021,1027,64638.09,62.94
ZRX,4,2021,817,187661.89,229.7
ZRX,5,2021,35066,24125521.12,688.0
ZRX,6,2021,14531,4538489.38,312.33
ZRX,7,2021,16358,5267184.96,321.99
ZRX,8,2021,49000,8743813.17,178.45
ZRX,9,2021,53061,7504862.86,141.44
ZRX,10,2021,20141,12276934.88,609.55
ZRX,11,2021,18851,11393590.79,604.4
ZRX,12,2021,6356,2136219.78,336.09
ZRX,1,2022,5204,2113338.73,406.1
ZRX,2,2022,3547,1006462.96,283.75
ZRX,3,2022,5137,2070828.45,403.12
ZRX,4,2022,7905,3509476.05,443.96
ZRX,5,2022,5583,24600652.11,4406.35
ZRX,6,2022,4057,1159698.44,285.85
ZRX,7,2022,3606,645163.67,178.91
ZRX,8,2022,2789,534029.98,191.48
ZRX,9,2022,2512,279187.47,111.14
ZRX,10,2022,2572,151054.67,58.73
ZRX,11,2022,3789,339845.58,89.69
ZRX,12,2022,3317,624523.68,188.28
ZRX,1,2023,9146,408531.83,44.67
ZRX,2,2023,10239,425851.09,41.59
ZRX,3,2023,11901,522534.2,43.91
ZRX,4,2023,13310,777639.9,58.43
ZRX,5,2023,4518,177444.17,39.27
ZRX,6,2023,3560,167713.2,47.11
ZRX,7,2023,6205,293093.92,47.24
ZRX,8,2023,4005,141145.74,35.24
ZRX,9,2023,2542,60648.34,23.86
ZRX,10,2023,7148,525156.07,73.47
ZRX,11,2023,6984,1102774.86,157.9
ZRX,12,2023,3337,322369.63,96.6
ZRX,1,2024,9315,464539.24,49.87
ZRX,2,2024,4010,415163.91,103.53
ZRX,3,2024,25087,6978370.15,278.17
ZRX,4,2024,5839,1054575.56,180.61
ZRX,5,2024,4272,783111.38,183.31
ZRX,6,2024,2859,594592.55,207.97
ZRX,7,2024,6325,1008623.85,159.47
ZRX,8,2024,4265,606074.3,142.1
ZRX,9,2024,1614,124753.39,77.29
ZRX,10,2024,2172,298351.49,137.36
ZRX,11,2024,5648,1319922.64,233.7
ZRX,12,2024,6426,1642978.07,255.68
ZRX,1,2025,4358,556338.48,127.66
ZRX,2,2025,2165,321054.04,148.29
ZRX,3,2025,1473,203928.06,138.44
ZRX,4,2025,1201,162781.94,135.54
ZRX,5,2025,1276,118668.88,93.0
ZRX,6,2025,770,100289.75,130.25
