criptoativo,mes,ano,num_operacoes,valor_total_operacoes,valor_medio_operacao
AAVE,8,2020,1,59638.94,59638.94
AAVE,1,2021,32,296891.77,9277.87
AAVE,2,2021,129,974326.69,7552.92
AAVE,3,2021,103,64072.39,622.06
AAVE,4,2021,2859,2948464.51,1031.29
AAVE,5,2021,59256,61860554.28,1043.95
AAVE,6,2021,25401,18010101.16,709.03
AAVE,7,2021,26930,20536073.53,762.57
AAVE,8,2021,28661,22763849.69,794.24
AAVE,9,2021,20999,16247672.88,773.74
AAVE,10,2021,23243,20454895.56,880.05
AAVE,11,2021,20521,13956242.73,680.1
AAVE,12,2021,14111,9001406.05,637.9
AAVE,1,2022,10788,7027490.85,651.42
AAVE,2,2022,5828,3025437.63,519.12
AAVE,3,2022,10743,7271146.68,676.83
AAVE,4,2022,9442,7126368.92,754.75
AAVE,5,2022,9636,35073104.59,3639.8
AAVE,6,2022,9318,5628916.79,604.09
AAVE,7,2022,10091,5621278.94,557.06
AAVE,8,2022,7852,3920630.8,499.32
AAVE,9,2022,5129,2930971.56,571.45
AAVE,10,2022,4653,1962271.27,421.72
AAVE,11,2022,12685,2640025.39,208.12
AAVE,12,2022,28229,1514105.72,53.64
AAVE,1,2023,50329,4705243.2,93.49
AAVE,2,2023,33996,4716632.8,138.74
AAVE,3,2023,22591,3122750.22,138.23
AAVE,4,2023,20279,2247310.0,110.82
AAVE,5,2023,14249,1324898.94,92.98
AAVE,6,2023,20202,3436567.48,170.11
AAVE,7,2023,27737,5062978.92,182.54
AAVE,8,2023,20278,3891275.45,191.9
AAVE,9,2023,32940,3616155.39,109.78
AAVE,10,2023,104105,13080126.43,125.64
AAVE,11,2023,109538,20714725.78,189.11
AAVE,12,2023,48966,10883209.1,222.26
AAVE,1,2024,15160,8072867.55,532.51
AAVE,2,2024,57179,25729576.63,449.98
AAVE,3,2024,112733,53579101.74,475.27
AAVE,4,2024,65550,27686061.53,422.37
AAVE,5,2024,49196,21455935.14,436.13
AAVE,6,2024,49152,24149328.42,491.32
AAVE,7,2024,89317,41086497.88,460.01
AAVE,8,2024,144288,78937132.53,547.08
AAVE,9,2024,151195,82400200.33,544.99
AAVE,10,2024,108545,66790200.8,615.32
AAVE,11,2024,283020,241098078.65,851.88
AAVE,12,2024,503434,508578345.38,1010.22
AAVE,1,2025,299787,329048533.62,1097.61
AAVE,2,2025,154325,154961631.76,1004.13
AAVE,3,2025,199352,197018995.96,988.3
AAVE,4,2025,120123,76058046.06,633.17
AAVE,5,2025,185307,198706200.08,1072.31
AAVE,6,2025,133616,142118307.57,1063.63
AAVE,7,2025,153301,169933685.73,1108.5
AAVE,8,2025,126489,139227857.04,1100.71
AAVE,9,2025,97033,94960339.77,978.64
AAVE,10,2025,100628,98911031.48,982.94
AAVE,11,2025,88978,69104894.32,776.65
AAVE,12,2025,60270,24891735.57,413.0
AAVE,1,2026,74962,39902925.77,532.31
AAVE,2,2026,67474,29598932.0,438.67
AAVE,3,2026,66743,29810821.05,446.65
AAVE,4,2026,67010,42985421.83,641.48
AAVE,5,2026,56413,24825813.86,440.07
AAVE,6,2026,67531,40077696.78,593.47
ADA,8,2019,1089,268153.02,246.24
ADA,9,2019,1005,352891.51,351.14
ADA,10,2019,1231,449362.85,365.04
ADA,11,2019,1583,544227.49,343.8
ADA,12,2019,685,153358.65,223.88
ADA,1,2020,2448,670268.85,273.8
ADA,2,2020,2103,843999.55,401.33
ADA,3,2020,1375,666906.46,485.02
ADA,4,2020,1960,1190848.14,607.58
ADA,5,2020,4501,3383610.2,751.75
ADA,6,2020,6100,6373308.8,1044.8
ADA,7,2020,10762,9880544.62,918.1
ADA,8,2020,8288,7015136.19,846.42
ADA,9,2020,3747,3108455.16,829.59
ADA,10,2020,3067,1955869.49,637.71
ADA,11,2020,6904,6005406.74,869.84
ADA,12,2020,6866,5074100.62,739.02
ADA,1,2021,30935,28837820.87,932.21
ADA,2,2021,107400,159879093.57,1488.63
ADA,3,2021,80950,112510591.61,1389.88
ADA,4,2021,107704,94514753.79,877.54
ADA,5,2021,231785,256087532.09,1104.85
ADA,6,2021,80383,77343500.54,962.19
ADA,7,2021,40743,34853018.25,855.44
ADA,8,2021,285751,241112445.9,843.79
ADA,9,2021,230640,182639770.3,791.88
ADA,10,2021,273012,211031510.79,772.98
ADA,11,2021,254719,203739251.8,799.86
ADA,12,2021,135481,81440273.53,601.12
ADA,1,2022,115013,73843205.32,642.04
ADA,2,2022,71475,60529968.6,846.87
ADA,3,2022,74293,32238440.5,433.94
ADA,4,2022,57326,19543403.01,340.92
ADA,5,2022,79823,44889210.07,562.36
ADA,6,2022,74792,34818328.84,465.54
ADA,7,2022,52659,20859299.61,396.12
ADA,8,2022,51880,14646770.55,282.32
ADA,9,2022,58404,13212047.33,226.22
ADA,10,2022,47156,13259336.6,281.18
ADA,11,2022,59103,22049303.15,373.07
ADA,12,2022,29922,11953908.84,399.5
ADA,1,2023,54358,14159664.05,260.49
ADA,2,2023,52602,19418334.08,369.16
ADA,3,2023,65724,18080991.7,275.1
ADA,4,2023,38543,14485984.77,375.84
ADA,5,2023,41510,10254778.61,247.04
ADA,6,2023,50711,15740427.06,310.39
ADA,7,2023,38309,10723409.9,279.92
ADA,8,2023,30737,6901191.66,224.52
ADA,9,2023,19472,5234721.97,268.83
ADA,10,2023,26392,8933946.35,338.51
ADA,11,2023,77792,19896999.78,255.77
ADA,12,2023,148315,51811941.71,349.34
ADA,1,2024,110770,28946392.43,261.32
ADA,2,2024,105254,37210893.42,353.53
ADA,3,2024,143034,67188043.61,469.73
ADA,4,2024,100583,35943126.7,357.35
ADA,5,2024,81801,25502949.57,311.77
ADA,6,2024,71504,25467024.77,356.16
ADA,7,2024,84335,39805013.63,471.99
ADA,8,2024,81748,94115649.45,1151.29
ADA,9,2024,69179,20759872.23,300.09
ADA,10,2024,76401,24039445.92,314.65
ADA,11,2024,301269,226975013.54,753.4
ADA,12,2024,274406,169982067.5,619.45
ADA,1,2025,192374,102650491.77,533.6
ADA,2,2025,101479,63764685.75,628.35
ADA,3,2025,203927,103426860.12,507.18
ADA,4,2025,190766,60422208.91,316.73
ADA,5,2025,142946,63002067.56,440.74
ADA,6,2025,75652,36560474.74,483.27
ADA,7,2025,131306,89977678.25,685.25
ADA,8,2025,132841,119415071.71,898.93
ADA,9,2025,99604,55556694.18,557.78
ADA,10,2025,97465,68770361.27,705.59
ADA,11,2025,83878,44421294.14,529.59
ADA,12,2025,64422,50966698.24,791.14
ADA,1,2026,80181,51230744.43,638.94
ADA,2,2026,59717,22982760.99,384.86
ADA,3,2026,55409,19193785.58,346.4
ADA,4,2026,53439,13425499.69,251.23
ADA,5,2026,59183,13649268.45,230.63
ADA,6,2026,72805,20081796.23,275.83
BCH,8,2019,57610,27731957.14,481.37
BCH,9,2019,45577,17916807.19,393.11
BCH,10,2019,43785,21539850.99,491.95
BCH,11,2019,40279,19261112.62,478.19
BCH,12,2019,21021,7395494.3,351.81
BCH,1,2020,81230,56837869.83,699.72
BCH,2,2020,75931,64964706.69,855.58
BCH,3,2020,63706,55936739.6,878.05
BCH,4,2020,48649,43473179.84,893.61
BCH,5,2020,42236,37548951.31,889.03
BCH,6,2020,19054,12904153.34,677.24
BCH,7,2020,29284,32856428.65,1121.99
BCH,8,2020,44894,37626616.47,838.12
BCH,9,2020,27986,15988606.84,571.31
BCH,10,2020,23931,15965016.47,667.13
BCH,11,2020,60979,55994613.93,918.26
BCH,12,2020,67877,55976510.9,824.68
BCH,1,2021,157763,145803503.15,924.19
BCH,2,2021,177554,201622291.07,1135.55
BCH,3,2021,106123,100354632.61,945.64
BCH,4,2021,229227,286483685.91,1249.78
BCH,5,2021,235273,359317427.12,1527.24
BCH,6,2021,46635,37538809.76,804.95
BCH,7,2021,34212,24465903.14,715.13
BCH,8,2021,58810,42183286.55,717.28
BCH,9,2021,48134,33342211.52,692.7
BCH,10,2021,56549,37984720.93,671.71
BCH,11,2021,46421,32202890.53,693.71
BCH,12,2021,23337,13286944.31,569.35
BCH,1,2022,16741,9081970.38,542.5
BCH,2,2022,15347,7525020.6,490.33
BCH,3,2022,18531,8626637.53,465.52
BCH,4,2022,15136,7934351.11,524.2
BCH,5,2022,19593,89489422.12,4567.42
BCH,6,2022,17713,5281372.46,298.16
BCH,7,2022,18060,6558225.31,363.14
BCH,8,2022,16363,6565608.18,401.25
BCH,9,2022,11546,4715958.93,408.45
BCH,10,2022,7628,2896027.9,379.66
BCH,11,2022,17113,5159405.35,301.49
BCH,12,2022,28206,1570826.04,55.69
BCH,1,2023,51271,5202300.14,101.47
BCH,2,2023,43197,3554750.19,82.29
BCH,3,2023,40226,5191101.22,129.05
BCH,4,2023,31017,2562618.46,82.62
BCH,5,2023,30268,2986699.34,98.68
BCH,6,2023,73562,20005168.1,271.95
BCH,7,2023,70300,17704973.91,251.85
BCH,8,2023,45713,7222671.28,158.0
BCH,9,2023,61123,7123705.3,116.55
BCH,10,2023,178115,15884202.18,89.18
BCH,11,2023,138504,12654153.82,91.36
BCH,12,2023,75552,11869974.36,157.11
BCH,1,2024,23616,9253066.94,391.81
BCH,2,2024,94672,19574389.48,206.76
BCH,3,2024,267209,131754635.08,493.08
BCH,4,2024,204229,128716608.14,630.26
BCH,5,2024,112212,42851973.7,381.88
BCH,6,2024,88311,28555917.15,323.36
BCH,7,2024,124040,42380828.48,341.67
BCH,8,2024,104364,31968498.19,306.32
BCH,9,2024,85017,24429926.3,287.35
BCH,10,2024,116684,38230454.57,327.64
BCH,11,2024,280862,171012238.97,608.88
BCH,12,2024,283202,171399309.42,605.22
BCH,1,2025,151669,68955461.62,454.64
BCH,2,2025,81946,34978745.36,426.85
BCH,3,2025,148890,84663505.08,568.63
BCH,4,2025,105862,59806430.33,564.95
BCH,5,2025,117294,73715492.83,628.47
BCH,6,2025,95641,42921703.19,448.78
BCH,7,2025,110957,59549484.38,536.69
BCH,8,2025,83365,43543258.36,522.32
BCH,9,2025,69407,39760705.75,572.86
BCH,10,2025,60769,42468759.62,698.86
BCH,11,2025,63895,41939284.16,656.38
BCH,12,2025,62410,21705826.48,347.79
BCH,1,2026,79663,31751513.75,398.57
BCH,2,2026,65982,27466785.27,416.28
BCH,3,2026,59854,15827187.75,264.43
BCH,4,2026,37878,9619493.48,253.96
BCH,5,2026,46681,17606587.49,377.17
BCH,6,2026,53329,31318727.86,587.27
BNB,8,2019,1,100.21,100.21
BNB,9,2019,18,8131.09,451.73
BNB,10,2019,10,5161.74,516.17
BNB,11,2019,26,64010.74,2461.95
BNB,12,2019,188,1648.06,8.77
BNB,1,2020,1976,326976.84,165.47
BNB,2,2020,3990,1497228.01,375.25
BNB,3,2020,1139,622838.63,546.83
BNB,4,2020,1210,871098.17,719.92
BNB,5,2020,1467,829162.11,565.21
BNB,6,2020,699,323603.14,462.95
BNB,7,2020,1513,686854.16,453.97
BNB,8,2020,2496,1433026.82,574.13
BNB,9,2020,2713,2263305.4,834.24
BNB,10,2020,4755,1312853.35,276.1
BNB,11,2020,3096,1118140.84,361.16
BNB,12,2020,2227,1087823.93,488.47
BNB,1,2021,5694,2660675.61,467.28
BNB,2,2021,54577,83884422.21,1536.99
BNB,3,2021,26039,44794693.68,1720.29
BNB,4,2021,49410,79804877.3,1615.16
BNB,5,2021,31642,42747814.4,1350.98
BNB,6,2021,16758,16668340.82,994.65
BNB,7,2021,18853,10345216.23,548.73
BNB,8,2021,20126,16992841.21,844.32
BNB,9,2021,18878,156810999.68,8306.55
BNB,10,2021,31340,20266777.73,646.67
BNB,11,2021,37800,26807162.61,709.18
BNB,12,2021,26497,18463581.36,696.82
BNB,1,2022,20318,14297808.43,703.7
BNB,2,2022,22637,10276278.84,453.96
BNB,3,2022,23853,8709107.45,365.12
BNB,4,2022,21739,9894342.14,455.14
BNB,5,2022,28046,9070017.91,323.4
BNB,6,2022,36952,13078930.32,353.94
BNB,7,2022,34915,10308498.44,295.25
BNB,8,2022,34887,7831127.78,224.47
BNB,9,2022,43911,6885505.13,156.81
BNB,10,2022,66084,6600482.88,99.88
BNB,11,2022,16705,11773463.79,704.79
BNB,12,2022,11193,6223374.91,556.01
BNB,1,2023,11736,6934518.65,590.88
BNB,2,2023,16503,6470846.69,392.1
BNB,3,2023,14437,5363658.77,371.52
BNB,4,2023,15302,4417856.76,288.71
BNB,5,2023,11118,5529152.25,497.32
BNB,6,2023,8549,4372213.37,511.43
BNB,7,2023,10012,3525098.18,352.09
BNB,8,2023,10085,19791772.9,1962.5
BNB,9,2023,10866,4859465.28,447.22
BNB,10,2023,10539,5621049.68,533.36
BNB,11,2023,12564,6905830.55,549.65
BNB,12,2023,15156,7476585.44,493.31
BNB,1,2024,12016,9292410.13,773.34
BNB,2,2024,17552,7346089.59,418.53
BNB,3,2024,24082,16517215.05,685.87
BNB,4,2024,14348,9761599.26,680.35
BNB,5,2024,11442,5837243.74,510.16
BNB,6,2024,12810,8686934.04,678.14
BNB,7,2024,18953,6587850.36,347.59
BNB,8,2024,23810,5868138.48,246.46
BNB,9,2024,18118,4790548.65,264.41
BNB,10,2024,22312,5977036.96,267.88
BNB,11,2024,37251,8918930.76,239.43
BNB,12,2024,40290,15289404.28,379.48
BNB,1,2025,27075,8139877.38,300.64
BNB,2,2025,26922,32654498.21,1212.93
BNB,3,2025,24457,7822302.54,319.84
BNB,4,2025,19298,5525586.96,286.33
BNB,5,2025,14421,6216654.01,431.08
BNB,6,2025,15984,4906638.38,306.97
BNB,7,2025,20915,7466392.58,356.99
BNB,8,2025,18863,6432965.96,341.04
BNB,9,2025,21373,8010759.1,374.81
BNB,10,2025,35999,12810714.16,355.86
BNB,11,2025,31718,6098174.9,192.26
BNB,12,2025,14012,4157603.14,296.72
BNB,1,2026,15389,3960822.72,257.38
BNB,2,2026,16808,3823852.41,227.5
BNB,3,2026,15010,2665562.99,177.59
BNB,4,2026,13968,2708726.29,193.92
BNB,5,2026,14064,2551769.59,181.44
BNB,6,2026,19762,3624179.7,183.39
BRLT,8,2020,1,3000000.0,3000000.0
BRZ,8,2019,58,3835538.43,66129.97
BRZ,9,2019,50,1854402.22,37088.04
BRZ,10,2019,181,41550173.52,229558.97
BRZ,11,2019,149,52138654.96,349923.86
BRZ,12,2019,230,120533411.56,524058.31
BRZ,1,2020,258,112661452.48,436672.3
BRZ,2,2020,156,54899904.94,351922.47
BRZ,3,2020,148,34941946.44,236094.23
BRZ,4,2020,51,2704506.98,53029.55
BRZ,5,2020,1387,11251028.3,8111.77
BRZ,6,2020,1382,34926638.13,25272.53
BRZ,7,2020,1277,75136076.69,58837.96
BRZ,8,2020,10194,115166718.02,11297.5
BRZ,9,2020,8393,157407914.71,18754.67
BRZ,10,2020,7772,327521563.09,42141.22
BRZ,11,2020,7145,248875819.7,34832.17
BRZ,12,2020,10247,347504280.35,33912.78
BRZ,1,2021,12535,220230600.79,17569.25
BRZ,2,2021,12974,392635430.79,30263.25
BRZ,3,2021,17124,416595097.94,24328.14
BRZ,4,2021,26931,946370520.91,35140.56
BRZ,5,2021,59077,1098969646.73,18602.33
BRZ,6,2021,37138,892552284.77,24033.4
BRZ,7,2021,34953,832567076.85,23819.62
BRZ,8,2021,47754,570361375.79,11943.74
BRZ,9,2021,51587,807513782.6,15653.44
BRZ,10,2021,55071,1068300354.03,19398.6
BRZ,11,2021,71839,1000956035.99,13933.32
BRZ,12,2021,87506,1059696870.3,12109.99
BRZ,1,2022,66156,854041808.19,12909.51
BRZ,2,2022,49379,566477936.11,11472.04
BRZ,3,2022,55687,1241334242.25,22291.28
BRZ,4,2022,37179,725491614.85,19513.48
BRZ,5,2022,33487,521110079.71,15561.56
BRZ,6,2022,54595,653950938.18,11978.22
BRZ,7,2022,93786,1119591325.62,11937.72
BRZ,8,2022,415596,557104693.09,1340.5
BRZ,9,2022,549075,624411517.7,1137.21
BRZ,10,2022,935747,655889030.37,700.93
BRZ,11,2022,959712,447706554.66,466.5
BRZ,12,2022,1753261,346236623.2,197.48
BRZ,1,2023,2178776,254547904.21,116.83
BRZ,2,2023,1212020,179582600.1,148.17
BRZ,3,2023,1330516,274490425.32,206.3
BRZ,4,2023,2232983,420746786.69,188.42
BRZ,5,2023,1899677,451042872.89,237.43
BRZ,6,2023,1911614,448028445.34,234.37
BRZ,7,2023,2482482,464780698.9,187.22
BRZ,8,2023,2954232,552297070.27,186.95
BRZ,9,2023,2378920,490004897.52,205.98
BRZ,10,2023,1707300,535865958.51,313.87
BRZ,11,2023,1173363,629219578.41,536.25
BRZ,12,2023,835641,572913904.82,685.6
BRZ,1,2024,892651,659884617.61,739.24
BRZ,2,2024,1219198,849783873.61,697.0
BRZ,3,2024,3838706,1283033555.51,334.24
BRZ,4,2024,3841359,1164573754.74,303.17
BRZ,5,2024,4072879,719812516.0,176.73
BRZ,6,2024,4332388,674492271.27,155.69
BRZ,7,2024,4029768,655550274.37,162.68
BRZ,8,2024,4999130,749133406.7,149.85
BRZ,9,2024,4258835,710435513.8,166.81
BRZ,10,2024,8062339,927794773.56,115.08
BRZ,11,2024,15585053,1262838032.8,81.03
BRZ,12,2024,5437529,1062953844.89,195.48
BRZ,1,2025,1372286,718541662.21,523.61
BRZ,2,2025,277084,419324936.69,1513.35
BRZ,3,2025,268971,275968300.46,1026.02
BRZ,4,2025,176890,324558234.63,1834.8
BRZ,5,2025,178441,225178375.07,1261.92
BRZ,6,2025,140522,120926742.59,860.55
BRZ,7,2025,213195,175754091.69,824.38
BRZ,8,2025,229442,79434009.23,346.21
BRZ,9,2025,295043,85609984.13,290.16
BRZ,10,2025,275054,77230623.71,280.78
BRZ,11,2025,266075,78651979.34,295.6
BRZ,12,2025,303881,170589098.72,561.37
BRZ,1,2026,299494,164880912.67,550.53
BRZ,2,2026,285395,468832511.36,1642.75
BRZ,3,2026,227641,367676419.22,1615.16
BRZ,4,2026,672422,433284537.51,644.36
BRZ,5,2026,707636,306382748.86,432.97
BRZ,6,2026,541579,399406965.18,737.49
BRZX,11,2019,185,12625.78,68.25
BRZX,12,2019,399,32215.9,80.74
BRZX,1,2020,388,73346.63,189.04
BRZX,2,2020,435,32089.96,73.77
BRZX,3,2020,696,23220.48,33.36
BRZX,4,2020,758,33321.71,43.96
BRZX,5,2020,1132,66185.1,58.47
BRZX,6,2020,5622,500803.18,89.08
BRZX,7,2020,4328,549113.69,126.87
BRZX,8,2020,4717,944550.69,200.24
BRZX,9,2020,1309,138299.53,105.65
BRZX,10,2020,2745,860302.37,313.41
BRZX,11,2020,2035,581065.61,285.54
BRZX,12,2020,1731,481774.4,278.32
BRZX,2,2021,1945,445940.34,229.28
BRZX,3,2021,1310,221757.57,169.28
BRZX,4,2021,1649,356047.64,215.92
BRZX,5,2021,1983,343550.45,173.25
BSV,8,2019,72,60528.53,840.67
BSV,9,2019,70,33557.93,479.4
BSV,10,2019,1,39.26,39.26
BSV,11,2019,2,260.19,130.1
BSV,12,2019,1,26.14,26.14
BSV,1,2020,4,1512.31,378.08
BSV,2,2020,3,2963.66,987.89
BSV,3,2020,4091,3243390.03,792.81
BSV,4,2020,3205,2610704.39,814.57
BSV,5,2020,3226,3061045.66,948.87
BSV,6,2020,1397,1021219.82,731.01
BSV,7,2020,2112,1560785.1,739.01
BSV,8,2020,2470,1781550.69,721.28
BSV,9,2020,1493,1261194.6,844.74
BSV,10,2020,779,435097.52,558.53
BSV,11,2020,1521,995115.29,654.25
BSV,12,2020,1380,1109592.86,804.05
BSV,1,2021,7595,6095455.7,802.56
BSV,2,2021,9724,7563558.41,777.82
BSV,3,2021,6618,4993861.06,754.59
BSV,4,2021,13634,9989284.4,732.67
BSV,5,2021,12061,10761572.29,892.26
BSV,6,2021,2207,1617697.32,732.98
BSV,7,2021,1416,996165.49,703.51
BSV,8,2021,2020,898094.09,444.6
BSV,9,2021,1597,828531.21,518.8
BSV,10,2021,1441,830796.06,576.54
BSV,11,2021,882,583894.54,662.01
BSV,12,2021,1065,833864.66,782.97
BSV,1,2022,306,218810.21,715.07
BSV,2,2022,180,87632.79,486.85
BSV,3,2022,178,98581.39,553.83
BSV,4,2022,184,85519.77,464.78
BSV,5,2022,250,45839.12,183.36
BSV,6,2022,488,128773.7,263.88
BSV,7,2022,144,47375.07,328.99
BSV,8,2022,137,47728.03,348.38
BSV,9,2022,82,20195.84,246.29
BSV,10,2022,66,17326.06,262.52
BSV,11,2022,178,48473.1,272.32
BSV,12,2022,95,34044.57,358.36
BSV,1,2023,492,91733.96,186.45
BSV,2,2023,737,144337.2,195.84
BSV,3,2023,286,73367.71,256.53
BSV,4,2023,75,14071.69,187.62
BSV,5,2023,717,98416.91,137.26
BSV,6,2023,881,41492.43,47.1
BSV,7,2023,450,38265.53,85.03
BSV,8,2023,155,8763.26,56.54
BSV,9,2023,70,4435.97,63.37
BSV,10,2023,457,49786.16,108.94
BSV,11,2023,241,40077.16,166.3
BSV,12,2023,750,162591.74,216.79
BSV,1,2024,379,540824.25,1426.98
BSV,2,2024,73,165705.32,2269.94
BSV,3,2024,327,72920.67,223.0
BSV,4,2024,177,164637.38,930.15
BSV,5,2024,121,12200.09,100.83
BSV,6,2024,175,25536.61,145.92
BSV,7,2024,270,55418.96,205.26
BSV,8,2024,247,73684.37,298.32
BSV,9,2024,107,16036.65,149.88
BSV,10,2024,144,21688.61,150.62
BSV,11,2024,175,47297.69,270.27
BSV,12,2024,243,161417.75,664.27
BSV,1,2025,90,18740.34,208.23
BSV,2,2025,64,5635.06,88.05
BSV,3,2025,102,19998.76,196.07
BSV,4,2025,150,33141.65,220.94
BSV,5,2025,56,11158.65,199.26
BSV,6,2025,115,18047.38,156.93
BSV,7,2025,215,34992.94,162.76
BSV,8,2025,121,19091.59,157.78
BSV,9,2025,83,9885.29,119.1
BSV,10,2025,265,28970.17,109.32
BSV,11,2025,150,22025.17,146.83
BSV,12,2025,103,12610.4,122.43
BSV,1,2026,237,38816.16,163.78
BSV,2,2026,136,18705.66,137.54
BSV,3,2026,50,12144.52,242.89
BSV,4,2026,127,13472.74,106.08
BSV,5,2026,46,4919.48,106.95
BSV,6,2026,127,23038.37,181.4
BTC,8,2019,1042292,3798621044.97,3644.49
BTC,9,2019,680741,4085187085.31,6001.09
BTC,10,2019,637264,5486079798.66,8608.8
BTC,11,2019,455909,4238625347.73,9297.09
BTC,12,2019,351874,4779770675.53,13583.76
BTC,1,2020,552970,4677529818.68,8458.92
BTC,2,2020,477527,2818004088.45,5901.25
BTC,3,2020,712118,3360166290.96,4718.55
BTC,4,2020,684786,1904940945.16,2781.8
BTC,5,2020,962450,2957648145.24,3073.04
BTC,6,2020,536581,2687572122.72,5008.7
BTC,7,2020,591224,3454595912.88,5843.13
BTC,8,2020,637279,3434285767.51,5388.98
BTC,9,2020,518361,3097097085.23,5974.79
BTC,10,2020,509960,2372680702.27,4652.68
BTC,11,2020,820407,3358594780.34,4093.82
BTC,12,2020,1031276,3813763174.18,3698.1
BTC,1,2021,2553676,8228747756.42,3222.31
BTC,2,2021,2082708,7745729718.29,3719.07
BTC,3,2021,1779009,7359879320.99,4137.07
BTC,4,2021,1895620,7632550370.24,4026.41
BTC,5,2021,1955707,7760015435.66,3967.88
BTC,6,2021,1303467,4175172073.27,3203.13
BTC,7,2021,1066253,2817060072.29,2642.02
BTC,8,2021,1346151,5590902122.98,4153.25
BTC,9,2021,1280129,3430476977.7,2679.79
BTC,10,2021,1817097,5176343980.19,2848.69
BTC,11,2021,1419831,4669862272.9,3289.03
BTC,12,2021,2834096,3298050847.04,1163.7
BTC,1,2022,2009468,2295961340.15,1142.57
BTC,2,2022,1802177,1990211164.42,1104.34
BTC,3,2022,1835643,1914763436.32,1043.1
BTC,4,2022,1678307,1883084327.07,1122.01
BTC,5,2022,1855087,2592462457.0,1397.49
BTC,6,2022,2308869,2440157900.79,1056.86
BTC,7,2022,3395613,1843716055.45,542.97
BTC,8,2022,2586839,1511095493.05,584.15
BTC,9,2022,2418493,1455390999.98,601.78
BTC,10,2022,1813293,1097281092.3,605.13
BTC,11,2022,1892618,1444287214.54,763.12
BTC,12,2022,1025755,986778441.34,962.0
BTC,1,2023,1978702,1062416696.12,536.93
BTC,2,2023,1628341,1085401592.75,666.57
BTC,3,2023,2247497,1628229958.05,724.46
BTC,4,2023,1672027,1245736885.91,745.05
BTC,5,2023,1454840,998580329.51,686.38
BTC,6,2023,1438838,1113628838.96,773.98
BTC,7,2023,1242621,794898297.13,639.69
BTC,8,2023,1481615,1073174687.75,724.33
BTC,9,2023,1146639,733352895.93,639.57
BTC,10,2023,1675645,1206446218.31,719.99
BTC,11,2023,1567254,1192855129.62,761.11
BTC,12,2023,1859012,1508364276.23,811.38
BTC,1,2024,2273787,1936429250.27,851.63
BTC,2,2024,2592650,3252432861.71,1254.48
BTC,3,2024,4364060,7423800083.17,1701.12
BTC,4,2024,3027925,6230667034.19,2057.73
BTC,5,2024,2182590,3420632057.86,1567.24
BTC,6,2024,2172471,3388924459.07,1559.94
BTC,7,2024,2631016,4297734364.47,1633.49
BTC,8,2024,2389622,5274399079.71,2207.21
BTC,9,2024,2023339,3118286992.94,1541.16
BTC,10,2024,2367537,3865265568.28,1632.61
BTC,11,2024,5692329,7355947276.47,1292.26
BTC,12,2024,6926089,7872842805.03,1136.69
BTC,1,2025,5032063,5820696457.79,1156.72
BTC,2,2025,2918041,4101108705.99,1405.43
BTC,3,2025,3314820,3914617895.41,1180.94
BTC,4,2025,2368101,3079897503.78,1300.58
BTC,5,2025,2817458,3743944003.66,1328.84
BTC,6,2025,2229538,3716051732.08,1666.74
BTC,7,2025,2695750,4527780535.52,1679.6
BTC,8,2025,2752609,3924371549.11,1425.69
BTC,9,2025,2263172,2761195854.13,1220.06
BTC,10,2025,2962728,4929596990.59,1663.87
BTC,11,2025,3000956,4921829209.96,1640.09
BTC,12,2025,2102715,2731966867.23,1299.26
BTC,1,2026,2385831,2709913655.07,1135.84
BTC,2,2026,2386632,3113575334.2,1304.59
BTC,3,2026,2191151,2149983517.36,981.21
BTC,4,2026,1837592,1496636866.59,814.46
BTC,5,2026,1773085,1362370579.72,768.36
BTC,6,2026,2014068,2386411374.05,1184.87
BTG,8,2019,8202,19355.58,2.36
BTG,9,2019,5791,9786.23,1.69
BTG,10,2019,3,5.65,1.88
BTG,11,2019,6,11.01,1.84
BTG,5,2020,2,802.89,401.44
BTG,5,2021,1,10.71,10.71
BTG,2,2022,26,1694.97,65.19
BTG,3,2022,27,1625.49,60.2
BTG,4,2022,9,332.72,36.97
BTG,5,2022,13,558.59,42.97
BTG,6,2022,5,177.83,35.57
BTG,7,2022,4,176.15,44.04
BTG,8,2022,3,195.48,65.16
BTG,4,2023,2261,46273915.67,20466.13
BTG,5,2023,1671,7643210.5,4574.03
BTG,6,2023,3704,45247251.29,12215.78
BTG,7,2023,1233,10392877.25,8428.94
BTG,8,2023,1019,14931706.76,14653.29
BTG,9,2023,570,5990234.22,10509.18
BTG,10,2023,605,3730826.84,6166.66
BTG,11,2023,1780,30851624.18,17332.37
BTG,12,2023,1778,88658836.59,49864.36
BTG,1,2024,1468,29711569.47,20239.49
BTG,2,2024,1626,59611868.2,36661.67
BTG,3,2024,2062,10485785.64,5085.25
BTG,4,2024,1559,18304493.45,11741.18
BTG,5,2024,1042,4631644.06,4444.96
BTG,6,2024,951,5513592.22,5797.68
BTG,7,2024,956,6710853.04,7019.72
BTG,8,2024,805,107303438.47,133296.2
BTG,9,2024,584,52358163.28,89654.39
BTG,10,2024,772,23533916.56,30484.35
BTG,11,2024,1652,24121977.24,14601.68
BTG,12,2024,896,10818213.56,12073.9
BTG,1,2025,2734,24664207.19,9021.29
BTG,2,2025,1890,9874908.23,5224.82
BTG,3,2025,1102,3793942.84,3442.78
BTG,4,2025,1000,5105698.21,5105.7
BTG,5,2025,1081,3790592.41,3506.56
BTG,6,2025,928,3381583.51,3643.95
BTG,7,2025,1755,24019535.96,13686.35
BTG,8,2025,1561,6828068.87,4374.16
BTG,9,2025,1693,3677494.96,2172.18
BTG,10,2025,1434,9011943.46,6284.48
BTG,11,2025,1048,4882013.57,4658.41
BTG,12,2025,951,3970134.87,4174.69
BTG,1,2026,1323,4819899.55,3643.16
BTG,2,2026,788,14449964.78,18337.52
BTG,3,2026,748,21609310.72,28889.45
BTG,4,2026,1485,7142072.5,4809.48
BTG,5,2026,932,2282411.58,2448.94
BTG,6,2026,665,3109843.59,4676.46
BTT,8,2019,479,84097.38,175.57
BTT,9,2019,653,165321.2,253.17
BTT,10,2019,825,123075.58,149.18
BTT,11,2019,854,132092.92,154.68
BTT,12,2019,673,119355.55,177.35
BTT,1,2020,1381,743607.14,538.46
BTT,2,2020,1533,749913.34,489.18
BTT,3,2020,940,358769.06,381.67
BTT,4,2020,1349,522753.28,387.51
BTT,5,2020,2505,1011558.78,403.82
BTT,6,2020,1695,437220.04,257.95
BTT,7,2020,3419,1382339.87,404.31
BTT,8,2020,4787,2109308.71,440.63
BTT,9,2020,2530,1055438.52,417.17
BTT,10,2020,2280,961994.65,421.93
BTT,11,2020,2234,760980.91,340.64
BTT,12,2020,2422,716578.01,295.86
BTT,1,2021,10206,3634576.57,356.12
BTT,2,2021,63606,53689154.38,844.09
BTT,3,2021,82734,108019391.0,1305.62
BTT,4,2021,180283,284350723.22,1577.25
BTT,5,2021,94873,93513635.27,985.67
BTT,6,2021,30347,23717714.51,781.55
BTT,7,2021,16744,13356539.0,797.69
BTT,8,2021,37367,42538000.36,1138.38
BTT,9,2021,18794,15957916.66,849.1
BTT,10,2021,20584,15785605.88,766.89
BTT,11,2021,12063,8890508.95,737.01
BTT,12,2021,13299,10328807.08,776.66
BTT,1,2022,3080,1579873.05,512.95
BTT,11,2022,1,0.01,0.01
BTT,11,2023,1,0.01,0.01
BTT,1,2024,9003,703570.9,78.15
BTT,2,2024,16272,1098699.43,67.52
BTT,3,2024,35382,4745309.79,134.12
BTT,4,2024,16316,1319989.34,80.9
BTT,5,2024,13650,997953.59,73.11
BTT,6,2024,10813,653647.79,60.45
BTT,7,2024,8630,405603.45,47.0
BTT,8,2024,6770,355207.71,52.47
BTT,9,2024,5900,363581.54,61.62
BTT,10,2024,5997,258163.08,43.05
BTT,11,2024,18935,1813037.6,95.75
BTT,12,2024,21178,3176939.04,150.01
BTT,1,2025,11827,614640.22,51.97
BTT,2,2025,4015,251921.89,62.75
BTT,3,2025,3233,141870.95,43.88
BTT,4,2025,3162,297839.63,94.19
BTT,5,2025,3615,242670.37,67.13
BTT,6,2025,3366,306443.29,91.04
BTT,7,2025,4350,326687.02,75.1
BTT,8,2025,2722,279865.51,102.82
BTT,9,2025,1926,458265.88,237.94
BTT,10,2025,2070,362186.07,174.97
BTT,11,2025,2900,1603818.32,553.04
BTT,12,2025,3339,1196149.75,358.24
BTT,1,2026,3071,823875.29,268.28
BTT,2,2026,4401,2359598.19,536.15
BTT,3,2026,41117,52811785.26,1284.43
BTT,4,2026,5500,3633017.38,660.55
BTT,5,2026,898,151767.29,169.01
BTT,6,2026,700,119752.07,171.07
BUSD,3,2020,6,150188.8,25031.47
BUSD,6,2020,1,100.0,100.0
BUSD,8,2020,2,0.37,0.18
BUSD,9,2020,1,10062.0,10062.0
BUSD,11,2020,17,2204552.62,129679.57
BUSD,12,2020,923,70709075.88,76607.88
BUSD,1,2021,645,69787926.92,108198.34
BUSD,2,2021,1883,105120760.75,55826.21
BUSD,3,2021,1010,182342265.57,180536.9
BUSD,4,2021,838,509280228.87,607732.97
BUSD,5,2021,2986,797938336.95,267226.5
BUSD,6,2021,1549,274936038.71,177492.6
BUSD,7,2021,2022,28155737.11,13924.7
BUSD,8,2021,4915,46870971.84,9536.31
BUSD,9,2021,4257,98829103.45,23215.67
BUSD,10,2021,4637,29167051.8,6290.07
BUSD,11,2021,6317,59665441.62,9445.22
BUSD,12,2021,5815,101652242.22,17481.04
BUSD,1,2022,4162,49439738.41,11878.84
BUSD,2,2022,4147,19988238.71,4819.93
BUSD,3,2022,3862,43783182.08,11336.92
BUSD,4,2022,4865,52039740.28,10696.76
BUSD,5,2022,5633,63929192.03,11349.05
BUSD,6,2022,9518,49424805.55,5192.77
BUSD,7,2022,9973,59908867.95,6007.11
BUSD,8,2022,6732,24529732.25,3643.75
BUSD,9,2022,6838,37998901.43,5557.02
BUSD,10,2022,4437,34551122.09,7787.05
BUSD,11,2022,8518,28446033.57,3339.52
BUSD,12,2022,7893,31757135.13,4023.46
BUSD,1,2023,8583,28775226.4,3352.58
BUSD,2,2023,8520,45073826.93,5290.36
BUSD,3,2023,5395,18759589.59,3477.22
BUSD,4,2023,6640,24079544.22,3626.44
BUSD,5,2023,8434,32393468.34,3840.82
BUSD,6,2023,7291,40364172.69,5536.16
BUSD,7,2023,4828,17678647.12,3661.69
BUSD,8,2023,3715,19488837.35,5245.99
BUSD,9,2023,5081,5249264.78,1033.12
BUSD,10,2023,7758,7231841.6,932.18
BUSD,11,2023,545,406264.56,745.44
BUSD,12,2023,287,247296.18,861.66
BUSD,1,2024,22,660708.69,30032.21
BUSD,2,2024,16,595402.19,37212.64
BUSD,3,2024,28,25990600.99,928235.75
BUSD,4,2024,45,133022303.86,2956051.2
BUSD,5,2024,100,228699464.25,2286994.64
BUSD,6,2024,227,214346789.31,944258.98
BUSD,7,2024,455,413796101.05,909441.98
BUSD,8,2024,514,342166903.95,665694.37
BUSD,9,2024,539,449473941.32,833903.42
BUSD,10,2024,590,596673897.3,1011311.69
BUSD,11,2024,2582,700671236.97,271367.64
BUSD,12,2024,532,646713709.66,1215627.27
BUSD,1,2025,776,658523799.69,848613.14
BUSD,2,2025,362,275940426.52,762266.37
BUSD,3,2025,21,33107614.98,1576553.09
BUSD,4,2025,76,243655281.32,3205990.54
BUSD,5,2025,35,508912574.92,14540359.28
BUSD,6,2025,14,728532.1,52038.01
BUSD,7,2025,9,940323.84,104480.43
BUSD,8,2025,6,653727.75,108954.62
BUSD,9,2025,5,49109.57,9821.91
BUSD,10,2025,12,1560376.12,130031.34
BUSD,11,2025,4,113547.69,28386.92
BUSD,12,2025,3,33065.01,11021.67
BUSD,1,2026,2,41585.5,20792.75
BUSD,2,2026,2,15806.18,7903.09
BUSD,3,2026,2,14637.79,7318.9
BUSD,5,2026,5,35582.02,7116.4
BUSD,6,2026,7,6904.16,986.31
CBRL,12,2019,13,1305.02,100.39
CBRL,1,2020,10,1009.0,100.9
CBRL,2,2020,49,40423.42,824.97
CBRL,3,2020,40,63838.48,1595.96
CBRL,4,2020,320,433273.04,1353.98
CBRL,5,2020,3797,2415956.72,636.28
CBRL,6,2020,3130,1667454.98,532.73
CBRL,7,2020,6887,5005166.98,726.76
CBRL,8,2020,14029,76477097.41,5451.36
CBRL,9,2020,6390,112642115.35,17627.87
CBRL,10,2020,8141,6124671.09,752.32
CBRL,11,2020,11383,27849633.21,2446.6
CBRL,12,2020,8947,9005709.24,1006.56
CBRL,1,2021,22819,16043443.82,703.07
CBRL,2,2021,9674,15901168.86,1643.7
CBRL,3,2021,13932,21392651.91,1535.5
CBRL,4,2021,10380,15936157.64,1535.28
CBRL,5,2021,9447,12626430.16,1336.55
CBRL,6,2021,14115,7221874.93,511.65
CBRL,7,2021,7375,6171239.02,836.78
CBRL,8,2021,11206,12262211.29,1094.25
CBRL,9,2021,7575,7196893.43,950.08
CBRL,10,2021,5196,6755744.06,1300.18
CBRL,11,2021,4253,6473493.08,1522.1
CBRL,12,2021,2113,2338989.68,1106.95
CBRL,1,2022,1539,3707194.4,2408.83
CBRL,2,2022,1171,1204863.91,1028.92
CBRL,3,2022,1100,1185248.09,1077.5
CBRL,4,2022,1046,1126174.63,1076.65
CBRL,5,2022,942,971439.52,1031.25
CBRL,6,2022,635,632851.28,996.62
CBRL,7,2022,106,110038.82,1038.1
CBRL,8,2022,1,33117.22,33117.22
CBRL,10,2022,4,240409.74,60102.44
CBRL,6,2023,1,530.0,530.0
CBRL,8,2023,1,30000.0,30000.0
CHZ,11,2019,4,1353.18,338.29
CHZ,6,2020,1,5066.35,5066.35
CHZ,7,2020,22123,9472376.1,428.17
CHZ,8,2020,39503,20672908.65,523.33
CHZ,9,2020,18868,7031757.88,372.68
CHZ,10,2020,11173,3286101.04,294.11
CHZ,11,2020,25106,9229272.36,367.61
CHZ,12,2020,91911,56948108.38,619.6
CHZ,1,2021,96102,49828000.07,518.49
CHZ,2,2021,178585,229037776.81,1282.51
CHZ,3,2021,1093514,2695210256.52,2464.72
CHZ,4,2021,534200,1009498785.34,1889.74
CHZ,5,2021,397802,1006175677.08,2529.34
CHZ,6,2021,242192,729986892.11,3014.08
CHZ,7,2021,148831,806993212.54,5422.21
CHZ,8,2021,202897,404626450.96,1994.25
CHZ,9,2021,137749,164077124.56,1191.13
CHZ,10,2021,170869,259535618.08,1518.92
CHZ,11,2021,191849,351470056.87,1832.01
CHZ,12,2021,73145,81703903.08,1117.01
CHZ,1,2022,51346,51618521.74,1005.31
CHZ,2,2022,41836,30833742.22,737.01
CHZ,3,2022,50425,50696307.9,1005.38
CHZ,4,2022,34211,25905679.94,757.23
CHZ,5,2022,40403,67170931.25,1662.52
CHZ,6,2022,24447,18640167.46,762.47
CHZ,7,2022,21347,13769212.72,645.02
CHZ,8,2022,49421,44512941.02,900.69
CHZ,9,2022,39459,40629541.07,1029.66
CHZ,10,2022,35514,29375657.36,827.16
CHZ,11,2022,96110,94215455.25,980.29
CHZ,12,2022,31231,19115650.52,612.07
CHZ,1,2023,29906,15829934.31,529.32
CHZ,2,2023,28243,16273593.92,576.2
CHZ,3,2023,21445,11955436.53,557.49
CHZ,4,2023,16323,10186196.53,624.04
CHZ,5,2023,27333,6129510.76,224.25
CHZ,6,2023,20335,5381564.44,264.65
CHZ,7,2023,12524,3968194.0,316.85
CHZ,8,2023,11512,3170426.1,275.4
CHZ,9,2023,8049,2018621.42,250.79
CHZ,10,2023,12049,4664501.89,387.13
CHZ,11,2023,15642,6767988.94,432.68
CHZ,12,2023,15958,5594003.29,350.55
CHZ,1,2024,23823,10335064.55,433.83
CHZ,2,2024,18670,10137664.49,542.99
CHZ,3,2024,40543,17020802.44,419.82
CHZ,4,2024,22996,10621559.8,461.89
CHZ,5,2024,17934,10658083.98,594.29
CHZ,6,2024,18027,9555153.19,530.05
CHZ,7,2024,12610,6391413.88,506.85
CHZ,8,2024,11206,5686299.44,507.43
CHZ,9,2024,8764,3507624.09,400.23
CHZ,10,2024,14681,9725757.33,662.47
CHZ,11,2024,26912,15492244.88,575.66
CHZ,12,2024,49500,27943829.5,564.52
CHZ,1,2025,42062,13465265.39,320.13
CHZ,2,2025,24839,9761928.29,393.01
CHZ,3,2025,20668,6887851.46,333.26
CHZ,4,2025,19308,5276992.09,273.31
CHZ,5,2025,23920,8110025.44,339.05
CHZ,6,2025,16911,6695717.79,395.94
CHZ,7,2025,25580,11984665.07,468.52
CHZ,8,2025,21867,8480823.07,387.84
CHZ,9,2025,16667,7510901.75,450.65
CHZ,10,2025,21018,12958775.09,616.56
CHZ,11,2025,14462,9619654.56,665.17
CHZ,12,2025,15790,7709469.41,488.25
CHZ,1,2026,22946,11747636.42,511.97
CHZ,2,2026,22361,5373232.68,240.29
CHZ,3,2026,20055,4563518.94,227.55
CHZ,4,2026,34068,5829942.29,171.13
CHZ,5,2026,32657,9670582.97,296.13
CHZ,6,2026,23592,6138290.33,260.19
COMP,7,2020,1,5293.59,5293.59
COMP,8,2020,1,613.23,613.23
COMP,1,2021,5,1322.74,264.55
COMP,2,2021,21,56796.46,2704.59
COMP,3,2021,8,6416.12,802.02
COMP,4,2021,29,32060.15,1105.52
COMP,5,2021,12733,10083383.65,791.91
COMP,6,2021,8574,5012286.99,584.59
COMP,7,2021,21646,23304915.07,1076.64
COMP,8,2021,13541,13854987.57,1023.19
COMP,9,2021,7663,8129463.77,1060.87
COMP,10,2021,9734,9898193.56,1016.87
COMP,11,2021,5381,4310056.42,800.98
COMP,12,2021,3868,1970389.13,509.41
COMP,1,2022,2989,1640484.86,548.84
COMP,2,2022,1775,728578.02,410.47
COMP,3,2022,2780,1151542.19,414.22
COMP,4,2022,3052,1514184.1,496.13
COMP,5,2022,1719,521196.35,303.2
COMP,6,2022,4069,898422.03,220.8
COMP,7,2022,3264,867785.38,265.87
COMP,8,2022,2063,898208.54,435.39
COMP,9,2022,1903,626915.4,329.44
COMP,10,2022,1315,235874.14,179.37
COMP,11,2022,1495,413470.56,276.57
COMP,12,2022,1015,157694.58,155.36
COMP,1,2023,1817,365768.87,201.3
COMP,2,2023,1655,407244.05,246.07
COMP,3,2023,1554,544071.83,350.11
COMP,4,2023,1347,158915.12,117.98
COMP,5,2023,1216,199550.58,164.1
COMP,6,2023,2406,642652.11,267.1
COMP,7,2023,5918,1818334.68,307.25
COMP,8,2023,2238,1006872.32,449.9
COMP,9,2023,1955,324250.46,165.86
COMP,10,2023,1762,334709.56,189.96
COMP,11,2023,2274,674518.85,296.62
COMP,12,2023,2892,757264.12,261.85
COMP,1,2024,4387,551108.92,125.62
COMP,2,2024,4465,1206266.93,270.16
COMP,3,2024,13410,1963281.27,146.4
COMP,4,2024,3387,689116.95,203.46
COMP,5,2024,2421,434428.14,179.44
COMP,6,2024,2095,1056614.51,504.35
COMP,7,2024,6873,1247310.19,181.48
COMP,8,2024,5594,930724.68,166.38
COMP,9,2024,2005,610849.98,304.66
COMP,10,2024,1438,254788.57,177.18
COMP,11,2024,3579,1235371.16,345.17
COMP,12,2024,6734,3090038.99,458.87
COMP,1,2025,2912,812159.71,278.9
COMP,2,2025,1539,433324.04,281.56
COMP,3,2025,1724,364985.3,211.71
COMP,4,2025,1641,791587.17,482.38
COMP,5,2025,1628,214461.41,131.73
COMP,6,2025,2305,778137.29,337.59
COMP,7,2025,1881,709488.68,377.19
COMP,8,2025,1637,778229.12,475.4
COMP,9,2025,1176,288971.59,245.72
COMP,10,2025,7352,538341.72,73.22
COMP,11,2025,8322,256833.45,30.86
COMP,12,2025,7718,460363.8,59.65
COMP,1,2026,4435,279650.32,63.06
COMP,2,2026,3245,814497.22,251.0
COMP,3,2026,1795,228283.4,127.18
COMP,4,2026,3303,427522.09,129.43
COMP,5,2026,2493,153064.17,61.4
COMP,6,2026,2065,201038.63,97.36
CRV,8,2020,1,25000.0,25000.0
CRV,9,2020,1,5000.0,5000.0
CRV,1,2021,12,12662.69,1055.22
CRV,2,2021,14,35098.09,2507.01
CRV,3,2021,15,27380.56,1825.37
CRV,4,2021,7,10439.04,1491.29
CRV,5,2021,21061,13020972.57,618.25
CRV,6,2021,14596,12130289.8,831.07
CRV,7,2021,8878,5485396.18,617.86
CRV,8,2021,18264,12601648.64,689.97
CRV,9,2021,18089,16390420.17,906.1
CRV,10,2021,30222,41347513.36,1368.13
CRV,11,2021,25477,30852210.72,1210.98
CRV,12,2021,17166,18025315.49,1050.06
CRV,1,2022,13819,16983560.72,1229.0
CRV,2,2022,6473,5369574.56,829.53
CRV,3,2022,7953,4638954.56,583.3
CRV,4,2022,7360,3409779.13,463.29
CRV,5,2022,8002,3033914.89,379.14
CRV,6,2022,6080,1967891.67,323.67
CRV,7,2022,9190,4293278.84,467.17
CRV,8,2022,5585,3407436.74,610.11
CRV,9,2022,4203,2684231.39,638.65
CRV,10,2022,3137,1345007.04,428.76
CRV,11,2022,6145,3011192.48,490.02
CRV,12,2022,2625,956265.42,364.29
CRV,1,2023,4452,2155724.22,484.21
CRV,2,2023,6450,4258309.14,660.2
CRV,3,2023,4168,1879622.87,450.97
CRV,4,2023,2356,791232.23,335.84
CRV,5,2023,1680,408074.98,242.9
CRV,6,2023,2708,428969.99,158.41
CRV,7,2023,2740,560117.06,204.42
CRV,8,2023,3343,939339.82,280.99
CRV,9,2023,2405,396094.46,164.7
CRV,10,2023,2313,390941.55,169.02
CRV,11,2023,2312,664123.37,287.25
CRV,12,2023,2786,738547.91,265.09
CRV,1,2024,5915,710866.05,120.18
CRV,2,2024,4892,1109055.49,226.71
CRV,3,2024,6753,3899760.37,577.49
CRV,4,2024,8652,1077071.74,124.49
CRV,5,2024,3186,905912.92,284.34
CRV,6,2024,5670,6017091.96,1061.22
CRV,7,2024,2579,1618961.94,627.75
CRV,8,2024,3023,1355182.77,448.29
CRV,9,2024,1652,1685620.13,1020.35
CRV,10,2024,1719,778980.21,453.16
CRV,11,2024,6877,9269247.18,1347.86
CRV,12,2024,11244,10494691.14,933.36
CRV,1,2025,4427,8065591.67,1821.91
CRV,2,2025,2340,1587042.59,678.22
CRV,3,2025,1730,522254.76,301.88
CRV,4,2025,3557,1564474.62,439.83
CRV,5,2025,4858,2081651.8,428.5
CRV,6,2025,2103,832391.13,395.81
CRV,7,2025,7380,6398193.57,866.96
CRV,8,2025,16062,8351765.72,519.97
CRV,9,2025,17169,3594438.77,209.36
CRV,10,2025,15963,6449563.27,404.03
CRV,11,2025,7369,1770884.82,240.32
CRV,12,2025,5051,770680.87,152.58
CRV,1,2026,5996,1288886.72,214.96
CRV,2,2026,3573,407728.76,114.11
CRV,3,2026,3452,377265.63,109.29
CRV,4,2026,3553,204451.34,57.54
CRV,5,2026,3555,366036.79,102.96
CRV,6,2026,3089,586757.87,189.95
DAI,8,2019,21,15656.69,745.56
DAI,9,2019,12,183330.23,15277.52
DAI,10,2019,2,913.44,456.72
DAI,11,2019,2,100.0,50.0
DAI,12,2019,5,40289.95,8057.99
DAI,1,2020,5,1045.57,209.11
DAI,2,2020,9,433167.48,48129.72
DAI,3,2020,32,4460.71,139.4
DAI,4,2020,29,46292.3,1596.29
DAI,5,2020,153,62021.2,405.37
DAI,6,2020,188,22507.73,119.72
DAI,7,2020,3843,1357366.88,353.21
DAI,8,2020,4079,1699347.41,416.61
DAI,9,2020,1729,1313936.62,759.94
DAI,10,2020,1737,1289706.34,742.49
DAI,11,2020,7545,4188352.34,555.12
DAI,12,2020,6794,3877527.97,570.73
DAI,1,2021,12103,6030013.56,498.22
DAI,2,2021,16421,6524312.64,397.32
DAI,3,2021,12431,5160751.11,415.15
DAI,4,2021,19238,8054941.68,418.7
DAI,5,2021,24833,12263703.76,493.85
DAI,6,2021,7898,3968003.14,502.41
DAI,7,2021,5907,5380697.48,910.9
DAI,8,2021,14810,10588874.23,714.98
DAI,9,2021,12279,9436043.92,768.47
DAI,10,2021,10332,5394004.84,522.07
DAI,11,2021,7787,4859523.44,624.06
DAI,12,2021,5710,3705304.51,648.91
DAI,1,2022,4462,3342035.66,749.0
DAI,2,2022,3085,2411607.57,781.72
DAI,3,2022,3022,2400400.75,794.31
DAI,4,2022,2556,3009596.46,1177.46
DAI,5,2022,2378,1761623.76,740.8
DAI,6,2022,1581,1105497.56,699.24
DAI,7,2022,1784,932112.54,522.48
DAI,8,2022,1624,1016422.7,625.88
DAI,9,2022,1421,812294.01,571.64
DAI,10,2022,1173,1256698.79,1071.35
DAI,11,2022,1793,1226410.44,684.0
DAI,12,2022,1220,1170720.94,959.61
DAI,1,2023,1491,778396.73,522.06
DAI,2,2023,1334,922042.53,691.19
DAI,3,2023,2013,1566995.6,778.44
DAI,4,2023,980,699219.09,713.49
DAI,5,2023,934,680042.18,728.1
DAI,6,2023,852,525256.65,616.5
DAI,7,2023,942,670402.4,711.68
DAI,8,2023,1057,1429453.8,1352.37
DAI,9,2023,1188,906435.76,762.99
DAI,10,2023,919,473655.7,515.4
DAI,11,2023,1057,513627.69,485.93
DAI,12,2023,1739,534974.38,307.63
DAI,1,2024,1753,519885.99,296.57
DAI,2,2024,1694,452833.19,267.32
DAI,3,2024,3942,812466.82,206.11
DAI,4,2024,2410,538357.36,223.38
DAI,5,2024,2023,1318241.71,651.63
DAI,6,2024,2179,1707278.25,783.51
DAI,7,2024,2256,478484.95,212.09
DAI,8,2024,2107,459908.37,218.28
DAI,9,2024,1557,487084.48,312.84
DAI,10,2024,1516,224787.2,148.28
DAI,11,2024,3753,487227.08,129.82
DAI,12,2024,4495,963187.38,214.28
DAI,1,2025,4124,442521.49,107.3
DAI,2,2025,1717,356290.56,207.51
DAI,3,2025,1364,317420.64,232.71
DAI,4,2025,1393,435301.91,312.49
DAI,5,2025,1697,418089.0,246.37
DAI,6,2025,1144,194052.28,169.63
DAI,7,2025,1615,169505.73,104.96
DAI,8,2025,1478,153712.27,104.0
DAI,9,2025,503,109329.44,217.35
DAI,10,2025,149,176754.03,1186.27
DAI,11,2025,112,42337.26,378.01
DAI,12,2025,183,63698.29,348.08
DAI,1,2026,174,28732.02,165.13
DAI,2,2026,182,26607.53,146.2
DAI,3,2026,180,51290.04,284.94
DAI,4,2026,270,61756.88,228.73
DAI,5,2026,275,19060.96,69.31
DAI,6,2026,74,3357.95,45.38
DASH,8,2019,12471,845231.29,67.78
DASH,9,2019,10291,1440027.79,139.93
DASH,10,2019,3922,935357.89,238.49
DASH,11,2019,2817,585489.3,207.84
DASH,12,2019,2090,406415.81,194.46
DASH,1,2020,19069,8479294.01,444.66
DASH,2,2020,12046,5759506.75,478.13
DASH,3,2020,7431,2754837.17,370.72
DASH,4,2020,5837,2161442.91,370.3
DASH,5,2020,3661,1391130.39,379.99
DASH,6,2020,1706,442227.72,259.22
DASH,7,2020,1741,549648.41,315.71
DASH,8,2020,3312,1458644.19,440.41
DASH,9,2020,1605,628719.18,391.73
DASH,10,2020,1549,536609.39,346.42
DASH,11,2020,3829,2053681.23,536.35
DASH,12,2020,2609,1045624.26,400.78
DASH,1,2021,6834,4299767.17,629.17
DASH,2,2021,14842,10922221.39,735.9
DASH,3,2021,6320,3982901.49,630.21
DASH,4,2021,11037,8360834.12,757.53
DASH,5,2021,9188,6297372.36,685.39
DASH,6,2021,1674,814408.15,486.5
DASH,7,2021,2131,1381210.71,648.15
DASH,8,2021,3018,2070586.61,686.08
DASH,9,2021,1721,1078299.69,626.55
DASH,10,2021,1649,902980.54,547.59
DASH,11,2021,2315,1494824.82,645.71
DASH,12,2021,813,405143.59,498.33
DASH,1,2022,1054,574636.96,545.2
DASH,2,2022,4648,3393473.76,730.09
DASH,3,2022,11624,944063.65,81.22
DASH,4,2022,5071,355733.49,70.15
DASH,5,2022,8401,396201.51,47.16
DASH,6,2022,11223,491688.7,43.81
DASH,7,2022,11400,333674.11,29.27
DASH,8,2022,8089,249975.71,30.9
DASH,9,2022,7234,261548.39,36.16
DASH,10,2022,13666,432559.04,31.65
DASH,11,2022,438,130106.51,297.05
DASH,12,2022,243,79864.99,328.66
DASH,1,2023,381,253923.19,666.47
DASH,2,2023,326,109565.83,336.09
DASH,3,2023,296,118704.94,401.03
DASH,4,2023,274,183101.07,668.25
DASH,5,2023,454,267407.52,589.0
DASH,6,2023,293,60639.5,206.96
DASH,7,2023,188,25124.49,133.64
DASH,8,2023,229,54588.12,238.38
DASH,9,2023,188,38885.39,206.84
DASH,10,2023,318,103146.04,324.36
DASH,11,2023,340,104787.52,308.2
DASH,12,2023,450,185743.19,412.76
DASH,1,2024,408,391636.13,959.89
DASH,2,2024,422,151977.18,360.14
DASH,3,2024,594,162926.21,274.29
DASH,4,2024,318,119237.66,374.96
DASH,5,2024,310,52039.58,167.87
DASH,6,2024,243,64335.53,264.76
DASH,7,2024,272,45808.35,168.41
DASH,8,2024,234,38935.22,166.39
DASH,9,2024,236,40633.24,172.17
DASH,10,2024,239,55078.32,230.45
DASH,11,2024,588,163291.52,277.71
DASH,12,2024,1557,490525.17,315.05
DASH,1,2025,414,169855.41,410.28
DASH,2,2025,330,82419.1,249.75
DASH,3,2025,337,70078.25,207.95
DASH,4,2025,239,71881.84,300.76
DASH,5,2025,232,139468.83,601.16
DASH,6,2025,177,25096.52,141.79
DASH,7,2025,330,63410.99,192.15
DASH,8,2025,199,102935.91,517.27
DASH,9,2025,190,271558.41,1429.25
DASH,10,2025,584,367784.79,629.77
DASH,11,2025,1560,1683377.84,1079.09
DASH,12,2025,286,167821.58,586.79
DASH,1,2026,1067,496051.28,464.9
DASH,2,2026,277,297070.01,1072.45
DASH,3,2026,136,35375.82,260.12
DASH,4,2026,185,103533.82,559.64
DASH,5,2026,232,150533.3,648.85
DASH,6,2026,240,187690.22,782.04
DCR,8,2019,8069,138181.63,17.13
DCR,9,2019,6283,77066.44,12.27
DCR,10,2019,234,41949.85,179.27
DCR,11,2019,309,68883.69,222.92
DCR,12,2019,70,35970.62,513.87
DCR,1,2020,123,9444.02,76.78
DCR,2,2020,143,23691.93,165.68
DCR,3,2020,108,25801.54,238.9
DCR,4,2020,145,25693.25,177.19
DCR,5,2020,134,31629.31,236.04
DCR,6,2020,1639,1156235.72,705.45
DCR,7,2020,2045,1274140.8,623.05
DCR,8,2020,2865,1850794.42,646.0
DCR,9,2020,1097,729060.9,664.6
DCR,10,2020,1913,1925907.85,1006.75
DCR,11,2020,3944,3405343.59,863.42
DCR,12,2020,5351,10406261.44,1944.73
DCR,1,2021,6546,8749698.87,1336.65
DCR,2,2021,9675,9559876.74,988.1
DCR,3,2021,4262,3882701.94,911.0
DCR,4,2021,4751,3209122.53,675.46
DCR,5,2021,4834,3893776.82,805.5
DCR,6,2021,1836,1491123.02,812.16
DCR,7,2021,1016,725459.9,714.04
DCR,8,2021,1928,1245587.47,646.05
DCR,9,2021,991,759340.95,766.24
DCR,10,2021,1332,1340641.02,1006.49
DCR,11,2021,772,569928.48,738.25
DCR,12,2021,1502,1107199.62,737.15
DCR,1,2022,6133,142016150.59,23156.07
DCR,2,2022,9681,179114341.93,18501.64
DCR,3,2022,9709,240621133.97,24783.31
DCR,4,2022,12406,224548873.56,18100.02
DCR,5,2022,15859,273108857.37,17221.06
DCR,6,2022,16347,264318701.96,16169.25
DCR,7,2022,14301,246007780.62,17202.14
DCR,8,2022,22189,336138552.82,15148.88
DCR,9,2022,13445,203877713.26,15163.83
DCR,10,2022,204,61901.45,303.44
DCR,11,2022,373,90865.24,243.61
DCR,12,2022,275,71791.33,261.06
DCR,1,2023,307,96036.18,312.82
DCR,2,2023,419,113676.3,271.3
DCR,3,2023,410,131457.37,320.63
DCR,4,2023,805,336132.08,417.56
DCR,5,2023,285,63981.12,224.5
DCR,6,2023,327,45161.17,138.11
DCR,7,2023,216,38949.97,180.32
DCR,8,2023,55,13376.45,243.21
DCR,9,2023,25,24256.37,970.25
DCR,10,2023,504,99298.93,197.02
DCR,11,2023,338,52076.06,154.07
DCR,12,2023,982,189591.23,193.07
DCR,1,2024,732,135732.27,185.43
DCR,2,2024,206,51449.15,249.75
DCR,3,2024,573,125444.82,218.93
DCR,4,2024,288,131043.23,455.01
DCR,5,2024,366,120436.95,329.06
DCR,6,2024,246,54780.23,222.68
DCR,7,2024,216,53178.07,246.19
DCR,8,2024,350,75912.5,216.89
DCR,9,2024,438,85533.57,195.28
DCR,10,2024,207,56049.39,270.77
DCR,11,2024,562,142329.88,253.26
DCR,12,2024,475,147286.25,310.08
DCR,1,2025,244,61340.72,251.4
DCR,2,2025,218,49743.23,228.18
DCR,3,2025,218,62040.87,284.59
DCR,4,2025,291,89508.73,307.59
DCR,5,2025,289,75824.13,262.37
DCR,6,2025,325,68170.53,209.76
DCR,7,2025,200,44783.38,223.92
DCR,8,2025,155,45622.13,294.34
DCR,9,2025,21,16295.05,775.95
DCR,10,2025,123,140328.41,1140.88
DCR,11,2025,712,277295.46,389.46
DCR,12,2025,175,52188.96,298.22
DCR,1,2026,131,44395.52,338.9
DCR,2,2026,99,174724.03,1764.89
DCR,3,2026,54,24284.36,449.71
DCR,4,2026,140,59041.69,421.73
DCR,5,2026,94,18805.87,200.06
DCR,6,2026,111,71700.26,645.95
DGB,8,2019,7,372.93,53.28
DGB,4,2020,2,34677.9,17338.95
DGB,5,2020,1,9.47,9.47
DGB,6,2020,1,50634.09,50634.09
DGB,7,2020,1,20000.0,20000.0
DGB,8,2020,3564,1721391.05,482.99
DGB,9,2020,6926,3716955.8,536.67
DGB,10,2020,4544,1997597.89,439.61
DGB,11,2020,6308,2804460.57,444.59
DGB,12,2020,6267,2769121.31,441.86
DGB,1,2021,12700,4383983.06,345.2
DGB,2,2021,36287,17650363.41,486.41
DGB,3,2021,22842,10682172.36,467.65
DGB,4,2021,65069,43774337.09,672.74
DGB,5,2021,41095,26926962.71,655.24
DGB,6,2021,17519,10105864.43,576.85
DGB,7,2021,5958,2574580.58,432.12
DGB,8,2021,14999,9217248.03,614.52
DGB,9,2021,7602,4077096.25,536.32
DGB,10,2021,9285,4506705.93,485.37
DGB,11,2021,6874,2748904.78,399.9
DGB,12,2021,3068,1062712.16,346.39
DGB,1,2022,1892,511849.69,270.53
DGB,2,2022,1790,659276.18,368.31
DGB,3,2022,4127,2004474.25,485.7
DGB,4,2022,1838,616812.51,335.59
DGB,5,2022,2470,704073.21,285.05
DGB,6,2022,1794,357411.34,199.23
DGB,7,2022,1430,339270.66,237.25
DGB,8,2022,1330,300782.2,226.15
DGB,9,2022,926,214778.45,231.94
DGB,10,2022,681,108689.47,159.6
DGB,11,2022,850,177634.47,208.98
DGB,12,2022,799,145148.09,181.66
DGB,1,2023,799,185591.49,232.28
DGB,2,2023,762,205591.49,269.81
DGB,3,2023,545,149015.55,273.42
DGB,4,2023,575,141758.18,246.54
DGB,5,2023,440,93850.83,213.3
DGB,6,2023,310,57107.72,184.22
DGB,7,2023,260,47558.26,182.92
DGB,8,2023,235,35448.25,150.84
DGB,9,2023,233,35386.97,151.88
DGB,10,2023,299,49785.14,166.51
DGB,11,2023,420,103555.18,246.56
DGB,12,2023,741,116936.67,157.81
DGB,1,2024,561,110730.84,197.38
DGB,2,2024,899,207780.49,231.12
DGB,3,2024,1208,160733.92,133.06
DGB,4,2024,806,114714.65,142.33
DGB,5,2024,556,69449.47,124.91
DGB,6,2024,356,41591.27,116.83
DGB,7,2024,207,22168.85,107.1
DGB,8,2024,254,28204.25,111.04
DGB,9,2024,368,64429.33,175.08
DGB,10,2024,301,51767.88,171.99
DGB,11,2024,1888,497940.22,263.74
DGB,12,2024,1676,529929.79,316.19
DGB,1,2025,1857,581420.22,313.1
DGB,2,2025,276,42216.41,152.96
DGB,3,2025,392,58945.34,150.37
DGB,4,2025,473,96012.71,202.99
DGB,5,2025,302,56298.76,186.42
DGB,6,2025,114,12970.75,113.78
DGB,7,2025,176,28766.35,163.45
DGB,8,2025,138,21876.61,158.53
DGB,9,2025,139,19212.15,138.22
DGB,10,2025,72,8571.55,119.05
DGB,11,2025,383,102672.36,268.07
DGB,12,2025,141,36682.82,260.16
DGB,1,2026,218,34602.38,158.73
DGB,2,2026,121,14562.09,120.35
DGB,3,2026,123,10765.99,87.53
DGB,4,2026,90,10649.43,118.33
DGB,5,2026,131,22138.6,169.0
DGB,6,2026,184,24278.33,131.95
DOGE,8,2019,1397,226603.64,162.21
DOGE,9,2019,1268,183913.64,145.04
DOGE,10,2019,1921,246221.08,128.17
DOGE,11,2019,1752,203314.79,116.05
DOGE,12,2019,1130,104366.18,92.36
DOGE,1,2020,3964,505669.57,127.57
DOGE,2,2020,3968,727535.34,183.35
DOGE,3,2020,2015,259592.57,128.83
DOGE,4,2020,3334,545920.12,163.74
DOGE,5,2020,4437,833487.42,187.85
DOGE,6,2020,3313,527916.23,159.35
DOGE,7,2020,16216,5410278.08,333.64
DOGE,8,2020,6947,1497767.66,215.6
DOGE,9,2020,3715,672101.19,180.92
DOGE,10,2020,3399,533069.53,156.83
DOGE,11,2020,4610,835808.89,181.3
DOGE,12,2020,8420,1553002.99,184.44
DOGE,1,2021,89556,91007619.82,1016.21
DOGE,2,2021,110739,121069102.01,1093.28
DOGE,3,2021,29306,37280334.86,1272.11
DOGE,4,2021,331257,368730930.1,1113.13
DOGE,5,2021,561700,694856536.63,1237.06
DOGE,6,2021,114335,88694782.15,775.74
DOGE,7,2021,44114,33193185.49,752.44
DOGE,8,2021,100113,73589129.44,735.06
DOGE,9,2021,52069,22828102.98,438.42
DOGE,10,2021,78616,48019766.64,610.81
DOGE,11,2021,84881,41792710.67,492.37
DOGE,12,2021,86026,33598296.68,390.56
DOGE,1,2022,78203,20693808.21,264.62
DOGE,2,2022,51594,45998973.94,891.56
DOGE,3,2022,44019,11114801.59,252.5
DOGE,4,2022,61154,15810703.09,258.54
DOGE,5,2022,47850,25240987.27,527.5
DOGE,6,2022,32955,4984384.44,151.25
DOGE,7,2022,25800,3611421.82,139.98
DOGE,8,2022,26999,4494624.11,166.47
DOGE,9,2022,25905,2908661.28,112.28
DOGE,10,2022,52274,22065582.05,422.11
DOGE,11,2022,80776,34342470.21,425.16
DOGE,12,2022,35921,14059915.15,391.41
DOGE,1,2023,29849,7949579.29,266.33
DOGE,2,2023,24223,7276310.48,300.39
DOGE,3,2023,21554,4636647.61,215.12
DOGE,4,2023,35915,11277707.93,314.01
DOGE,5,2023,19683,3545556.78,180.13
DOGE,6,2023,19369,5872938.98,303.21
DOGE,7,2023,26271,9041765.84,344.17
DOGE,8,2023,23936,4785761.02,199.94
DOGE,9,2023,16838,2880596.24,171.08
DOGE,10,2023,20488,5180345.57,252.85
DOGE,11,2023,30985,9514586.1,307.07
DOGE,12,2023,39947,11110524.24,278.13
DOGE,1,2024,30478,8374243.57,274.76
DOGE,2,2024,61910,16675183.35,269.35
DOGE,3,2024,205385,77188089.77,375.82
DOGE,4,2024,108206,35664010.3,329.59
DOGE,5,2024,90949,35681073.64,392.32
DOGE,6,2024,54906,16726478.06,304.64
DOGE,7,2024,59248,30823563.72,520.25
DOGE,8,2024,48067,88426704.07,1839.66
DOGE,9,2024,46267,13821592.16,298.74
DOGE,10,2024,78241,29992615.71,383.34
DOGE,11,2024,372515,291836049.53,783.42
DOGE,12,2024,373115,164892976.56,441.94
DOGE,1,2025,284786,110935064.44,389.54
DOGE,2,2025,96195,42425035.77,441.03
DOGE,3,2025,63369,20650794.98,325.88
DOGE,4,2025,55602,16617473.07,298.86
DOGE,5,2025,69773,31734900.68,454.83
DOGE,6,2025,35650,20064707.44,562.82
DOGE,7,2025,71391,43337880.47,607.05
DOGE,8,2025,99995,36252812.15,362.55
DOGE,9,2025,111104,40959249.95,368.66
DOGE,10,2025,83947,42966633.14,511.83
DOGE,11,2025,59663,16882267.22,282.96
DOGE,12,2025,57684,244131883.3,4232.23
DOGE,1,2026,56848,73452698.0,1292.09
DOGE,2,2026,44123,17112549.53,387.84
DOGE,3,2026,34637,11139554.49,321.61
DOGE,4,2026,27278,5398767.51,197.92
DOGE,5,2026,25453,6072341.9,238.57
DOGE,6,2026,21673,6131431.64,282.91
EOS,8,2019,699,118991.09,170.23
EOS,9,2019,658,466455.93,708.9
EOS,10,2019,899,561582.66,624.67
EOS,11,2019,904,544666.12,602.51
EOS,12,2019,299,249814.81,835.5
EOS,1,2020,1577,1010211.67,640.59
EOS,2,2020,1554,1035590.77,666.4
EOS,3,2020,965,665848.91,690.0
EOS,4,2020,1597,772411.29,483.66
EOS,5,2020,5718,3045963.09,532.7
EOS,6,2020,3548,1977796.85,557.44
EOS,7,2020,4876,2720854.75,558.01
EOS,8,2020,9401,5885922.08,626.1
EOS,9,2020,5016,2989514.83,596.0
EOS,10,2020,4096,2540116.1,620.15
EOS,11,2020,9669,6699629.38,692.9
EOS,12,2020,7969,5520053.91,692.69
EOS,1,2021,20076,10022457.29,499.23
EOS,2,2021,26303,15633632.36,594.37
EOS,3,2021,14867,8160833.14,548.92
EOS,4,2021,39990,25191471.44,629.94
EOS,5,2021,90735,69262913.76,763.35
EOS,6,2021,15604,7510564.79,481.32
EOS,7,2021,10130,4233803.28,417.95
EOS,8,2021,18010,10928467.81,606.8
EOS,9,2021,14997,8763916.18,584.38
EOS,10,2021,13056,8938253.91,684.61
EOS,11,2021,8196,4815499.68,587.54
EOS,12,2021,5903,2420445.58,410.04
EOS,1,2022,4273,1499487.89,350.92
EOS,2,2022,3405,741168.61,217.67
EOS,3,2022,3433,923251.11,268.93
EOS,4,2022,2941,587063.16,199.61
EOS,5,2022,4488,550386.65,122.64
EOS,6,2022,2369,228353.66,96.39
EOS,7,2022,2786,323981.66,116.29
EOS,8,2022,4914,1240193.48,252.38
EOS,9,2022,4367,686693.15,157.25
EOS,10,2022,1980,229460.93,115.89
EOS,11,2022,1470,164207.94,111.71
EOS,12,2022,1257,114610.87,91.18
EOS,1,2023,1907,164465.71,86.24
EOS,2,2023,2030,299464.85,147.52
EOS,3,2023,3310,576702.71,174.23
EOS,4,2023,1606,267803.02,166.75
EOS,5,2023,1058,114483.09,108.21
EOS,6,2023,2346,199915.12,85.22
EOS,7,2023,2021,133644.12,66.13
EOS,8,2023,1480,124005.61,83.79
EOS,9,2023,1334,56510.59,42.36
EOS,10,2023,1457,100002.41,68.64
EOS,11,2023,1937,237772.02,122.75
EOS,12,2023,2984,336844.25,112.88
EOS,1,2024,9843,245552.87,24.95
EOS,2,2024,6274,511314.39,81.5
EOS,3,2024,9238,1595059.07,172.66
EOS,4,2024,6038,699671.04,115.88
EOS,5,2024,3038,462889.45,152.37
EOS,6,2024,2105,336716.67,159.96
EOS,7,2024,3249,279639.41,86.07
EOS,8,2024,2862,283991.15,99.23
EOS,9,2024,1327,90128.91,67.92
EOS,10,2024,1968,256658.13,130.42
EOS,11,2024,4871,959715.33,197.03
EOS,12,2024,6954,2069044.85,297.53
EOS,1,2025,3953,707945.09,179.09
EOS,2,2025,1948,263677.97,135.36
EOS,3,2025,1954,213856.72,109.45
EOS,4,2025,3012,417015.54,138.45
EOS,5,2025,1978,266767.63,134.87
EOS,6,2025,522,67770.52,129.83
EOS,7,2025,729,61865.94,84.86
EOS,8,2025,305,41409.56,135.77
EOS,9,2025,14,2220.92,158.64
EOS,10,2025,8,1511.68,188.96
EOS,11,2025,11,781.08,71.01
EOS,12,2025,1,150.0,150.0
ETC,8,2019,13,972.03,74.77
ETC,9,2019,6,897.14,149.52
ETC,11,2019,8,135.51,16.94
ETC,12,2019,2,12.9,6.45
ETC,1,2020,6,78599.23,13099.87
ETC,2,2020,1110,903952.23,814.37
ETC,3,2020,1968,1615611.34,820.94
ETC,4,2020,816,448907.31,550.13
ETC,5,2020,2429,1785267.4,734.98
ETC,6,2020,751,529575.46,705.16
ETC,7,2020,859,480178.19,559.0
ETC,8,2020,1350,742834.06,550.25
ETC,9,2020,580,352225.81,607.29
ETC,10,2020,563,228606.16,406.05
ETC,11,2020,1390,644611.8,463.75
ETC,12,2020,1054,535644.88,508.2
ETC,1,2021,3009,1843052.31,612.51
ETC,2,2021,6914,5505447.91,796.28
ETC,3,2021,3574,2211676.69,618.82
ETC,4,2021,16948,18858159.79,1112.71
ETC,5,2021,53113,93487047.37,1760.15
ETC,6,2021,4825,5441897.44,1127.85
ETC,7,2021,3194,3375986.43,1056.98
ETC,8,2021,4560,5176176.31,1135.13
ETC,9,2021,2035,1493613.05,733.96
ETC,10,2021,1952,1560735.12,799.56
ETC,11,2021,1783,1350596.93,757.49
ETC,12,2021,844,383831.33,454.78
ETC,1,2022,730,329471.67,451.33
ETC,2,2022,933,355605.45,381.14
ETC,3,2022,2564,1610311.27,628.05
ETC,4,2022,763,246589.69,323.18
ETC,5,2022,742,245235.15,330.51
ETC,6,2022,511,116172.43,227.34
ETC,7,2022,5564,3070231.8,551.8
ETC,8,2022,5999,3656486.22,609.52
ETC,9,2022,4638,2660806.64,573.7
ETC,10,2022,1108,451019.29,407.06
ETC,11,2022,1458,577354.03,395.99
ETC,12,2022,286,46508.98,162.62
ETC,1,2023,683,224324.69,328.44
ETC,2,2023,416,107230.48,257.77
ETC,3,2023,439,107576.44,245.05
ETC,4,2023,331,74790.76,225.95
ETC,5,2023,271,68076.55,251.2
ETC,6,2023,304,80539.01,264.93
ETC,7,2023,345,55456.07,160.74
ETC,8,2023,157,25744.29,163.98
ETC,9,2023,202,30305.95,150.03
ETC,10,2023,219,51935.91,237.15
ETC,11,2023,442,65566.73,148.34
ETC,12,2023,653,132836.47,203.42
ETC,1,2024,748,185293.41,247.72
ETC,2,2024,3749,1758617.67,469.09
ETC,3,2024,8278,2323266.05,280.66
ETC,4,2024,4581,894592.97,195.28
ETC,5,2024,3871,727217.76,187.86
ETC,6,2024,2949,455131.17,154.33
ETC,7,2024,2815,685934.39,243.67
ETC,8,2024,2076,368374.18,177.44
ETC,9,2024,1696,248446.56,146.49
ETC,10,2024,2001,384210.99,192.01
ETC,11,2024,7058,1946382.83,275.77
ETC,12,2024,10767,5100886.89,473.75
ETC,1,2025,4684,1134110.51,242.12
ETC,2,2025,2278,312227.02,137.06
ETC,3,2025,2128,263273.28,123.72
ETC,4,2025,1907,286345.08,150.15
ETC,5,2025,45497,14068356.88,309.22
ETC,6,2025,16002,2933192.53,183.3
ETC,7,2025,37409,21040182.04,562.44
ETC,8,2025,25885,13435827.14,519.06
ETC,9,2025,15686,9275284.54,591.31
ETC,10,2025,18833,11525526.97,611.99
ETC,11,2025,16608,10175093.92,612.66
ETC,12,2025,994,359180.57,361.35
ETC,1,2026,8776,2359851.07,268.9
ETC,2,2026,7404,1525809.49,206.08
ETC,3,2026,7755,1526182.48,196.8
ETC,4,2026,7688,2442403.58,317.69
ETC,5,2026,7899,1344316.46,170.19
ETC,6,2026,7542,1374520.62,182.25
ETH,8,2019,67935,30053333.1,442.38
ETH,9,2019,65717,29727721.47,452.36
ETH,10,2019,49856,24631908.09,494.06
ETH,11,2019,38283,19589878.66,511.71
ETH,12,2019,29514,12806084.51,433.9
ETH,1,2020,51229,26052891.83,508.56
ETH,2,2020,95610,84364489.2,882.38
ETH,3,2020,93773,74764107.71,797.29
ETH,4,2020,134671,163608125.68,1214.87
ETH,5,2020,164542,106422530.5,646.78
ETH,6,2020,69299,49180424.15,709.68
ETH,7,2020,95612,82571201.32,863.61
ETH,8,2020,148239,219748779.58,1482.4
ETH,9,2020,182140,176276255.53,967.81
ETH,10,2020,82154,102464773.1,1247.23
ETH,11,2020,187275,268411338.77,1433.25
ETH,12,2020,196485,256059322.27,1303.2
ETH,1,2021,765633,1600727829.78,2090.72
ETH,2,2021,712483,1669961402.6,2343.86
ETH,3,2021,463158,994364848.98,2146.92
ETH,4,2021,691422,1596674274.42,2309.26
ETH,5,2021,1077773,3488066867.38,3236.37
ETH,6,2021,360074,1061928154.32,2949.19
ETH,7,2021,290156,744441143.99,2565.66
ETH,8,2021,506922,1419152024.41,2799.55
ETH,9,2021,441258,1533351940.31,3474.96
ETH,10,2021,535486,1625216319.71,3035.03
ETH,11,2021,426228,1336195514.75,3134.93
ETH,12,2021,1074002,1285141305.07,1196.59
ETH,1,2022,1024140,1022908288.25,998.8
ETH,2,2022,768981,913046479.82,1187.35
ETH,3,2022,739118,607428963.89,821.83
ETH,4,2022,625811,434352399.55,694.06
ETH,5,2022,669301,689536320.4,1030.23
ETH,6,2022,897378,615268905.29,685.63
ETH,7,2022,1781869,670562903.99,376.33
ETH,8,2022,1488412,642233907.72,431.49
ETH,9,2022,1221190,527360241.56,431.84
ETH,10,2022,774262,288544637.01,372.67
ETH,11,2022,834972,498960845.8,597.58
ETH,12,2022,319379,178050626.72,557.49
ETH,1,2023,771368,271973314.34,352.59
ETH,2,2023,607454,240753945.81,396.33
ETH,3,2023,820275,364155182.79,443.94
ETH,4,2023,645273,277166782.8,429.53
ETH,5,2023,473126,199161611.24,420.95
ETH,6,2023,440762,232533325.45,527.57
ETH,7,2023,447886,164948433.89,368.28
ETH,8,2023,535246,272272120.86,508.69
ETH,9,2023,483644,138733050.41,286.85
ETH,10,2023,600541,243458129.55,405.4
ETH,11,2023,691414,360463102.5,521.34
ETH,12,2023,767078,402423828.02,524.62
ETH,1,2024,978430,566395835.05,578.88
ETH,2,2024,1108732,723043323.99,652.14
ETH,3,2024,2081532,1783609076.15,856.87
ETH,4,2024,1623240,1192886512.98,734.88
ETH,5,2024,1105158,845784492.69,765.31
ETH,6,2024,1088338,718001218.45,659.72
ETH,7,2024,1051364,869282779.66,826.81
ETH,8,2024,1031151,1276871643.59,1238.3
ETH,9,2024,845581,909809653.96,1075.96
ETH,10,2024,949417,1026375893.14,1081.06
ETH,11,2024,2175664,1992853710.11,915.97
ETH,12,2024,2552856,2270612053.13,889.44
ETH,1,2025,1804671,1427396029.34,790.95
ETH,2,2025,1191346,1216391555.57,1021.02
ETH,3,2025,1214615,1086468462.26,894.5
ETH,4,2025,882226,864680253.93,980.11
ETH,5,2025,1251504,1586940952.7,1268.03
ETH,6,2025,894939,1254341719.56,1401.59
ETH,7,2025,1281276,2136917221.9,1667.8
ETH,8,2025,1431179,2740626885.61,1914.94
ETH,9,2025,955000,1238815490.32,1297.19
ETH,10,2025,1077096,1597323430.63,1482.99
ETH,11,2025,928414,1144412315.14,1232.65
ETH,12,2025,557324,616520161.58,1106.21
ETH,1,2026,792699,728472793.19,918.98
ETH,2,2026,709242,747024309.33,1053.27
ETH,3,2026,659747,656953717.15,995.77
ETH,4,2026,606905,543256521.94,895.13
ETH,5,2026,518159,386160312.1,745.25
ETH,6,2026,499516,417892314.44,836.59
FIL,2,2021,7,14230.94,2032.99
FIL,3,2021,64,32895.09,513.99
FIL,4,2021,36,92512.01,2569.78
FIL,5,2021,4,43219.88,10804.97
FIL,6,2021,14,17600.06,1257.15
FIL,7,2021,925,423866.68,458.23
FIL,8,2021,1886,1179801.36,625.56
FIL,9,2021,3933,5025161.48,1277.69
FIL,10,2021,2078,2311016.13,1112.13
FIL,11,2021,1097,1014167.5,924.49
FIL,12,2021,11799,4665465.08,395.41
FIL,1,2022,6946,2591183.61,373.05
FIL,2,2022,3711,43318875.33,11673.1
FIL,3,2022,6949,4478815.25,644.53
FIL,4,2022,5823,1690918.64,290.39
FIL,5,2022,3735,1423361.19,381.09
FIL,6,2022,2453,589248.27,240.22
FIL,7,2022,4862,1271204.74,261.46
FIL,8,2022,8637,3138483.38,363.38
FIL,9,2022,2820,865211.37,306.81
FIL,10,2022,1195,202731.5,169.65
FIL,11,2022,1418,300651.74,212.03
FIL,12,2022,1848,219849.85,118.97
FIL,1,2023,1996,667447.4,334.39
FIL,2,2023,5090,1692530.1,332.52
FIL,3,2023,3469,1136862.14,327.72
FIL,4,2023,1256,335326.84,266.98
FIL,5,2023,972,243945.86,250.97
FIL,6,2023,1978,518623.6,262.2
FIL,7,2023,1806,561327.03,310.81
FIL,8,2023,1170,312435.01,267.04
FIL,9,2023,907,164832.62,181.73
FIL,10,2023,1201,319557.1,266.08
FIL,11,2023,1815,473778.1,261.03
FIL,12,2023,3460,1156187.67,334.16
FIL,1,2024,4760,1217394.69,255.76
FIL,2,2024,7956,2597029.08,326.42
FIL,3,2024,14902,6965433.21,467.42
FIL,4,2024,9402,2846592.64,302.76
FIL,5,2024,5494,1529974.35,278.48
FIL,6,2024,4480,1938675.42,432.74
FIL,7,2024,3868,1028413.12,265.88
FIL,8,2024,3815,629710.12,165.06
FIL,9,2024,2003,644169.04,321.6
FIL,10,2024,2320,374133.81,161.26
FIL,11,2024,5783,1799450.02,311.16
FIL,12,2024,7798,3571209.83,457.96
FIL,1,2025,4773,1159908.46,243.01
FIL,2,2025,2981,702959.59,235.81
FIL,3,2025,2055,980928.31,477.34
FIL,4,2025,1675,1323633.6,790.23
FIL,5,2025,2002,187041.28,93.43
FIL,6,2025,1498,171390.0,114.41
FIL,7,2025,2106,429190.93,203.79
FIL,8,2025,1580,232642.67,147.24
FIL,9,2025,1400,212990.5,152.14
FIL,10,2025,1716,233405.45,136.02
FIL,11,2025,3659,990677.73,270.75
FIL,12,2025,1667,203098.13,121.83
FIL,1,2026,2106,214402.64,101.81
FIL,2,2026,1337,62366.57,46.65
FIL,3,2026,1107,46323.5,41.85
FIL,4,2026,777,50778.7,65.35
FIL,5,2026,1153,70621.58,61.25
FIL,6,2026,1227,135994.46,110.83
ICP,5,2021,36,206895.45,5747.1
ICP,6,2021,34,14624.25,430.12
ICP,7,2021,31,78574.99,2534.68
ICP,8,2021,125,334944.1,2679.55
ICP,9,2021,73,67901.94,930.16
ICP,10,2021,3027,2023494.08,668.48
ICP,11,2021,2177,1542806.13,708.68
ICP,12,2021,16026,7340101.51,458.01
ICP,1,2022,38506,23938292.44,621.68
ICP,2,2022,7444,3075309.71,413.13
ICP,3,2022,6705,2703935.91,403.27
ICP,4,2022,4805,1351869.04,281.35
ICP,5,2022,9352,1922022.82,205.52
ICP,6,2022,5682,1891476.38,332.89
ICP,7,2022,4911,1186694.74,241.64
ICP,8,2022,3361,870696.83,259.06
ICP,9,2022,1819,380289.72,209.07
ICP,10,2022,1758,281845.52,160.32
ICP,11,2022,2131,320869.66,150.57
ICP,12,2022,1668,177130.49,106.19
ICP,1,2023,3007,439138.18,146.04
ICP,2,2023,5122,1071773.44,209.25
ICP,3,2023,2767,485035.25,175.29
ICP,4,2023,3374,882772.7,261.64
ICP,5,2023,2644,507050.23,191.77
ICP,6,2023,2166,272817.58,125.95
ICP,7,2023,2288,266459.59,116.46
ICP,8,2023,1934,206302.61,106.67
ICP,9,2023,1708,112050.64,65.6
ICP,10,2023,1822,237708.1,130.47
ICP,11,2023,2680,503802.43,187.99
ICP,12,2023,10895,3635538.33,333.69
ICP,1,2024,10874,3928138.35,361.24
ICP,2,2024,8756,2709732.83,309.47
ICP,3,2024,20557,8460392.3,411.56
ICP,4,2024,15484,5316647.14,343.36
ICP,5,2024,7954,2515441.68,316.25
ICP,6,2024,5346,1960837.53,366.79
ICP,7,2024,6713,1955210.84,291.26
ICP,8,2024,4141,1078381.39,260.42
ICP,9,2024,3532,1048774.85,296.94
ICP,10,2024,4292,996576.33,232.19
ICP,11,2024,9318,4211609.17,451.99
ICP,12,2024,7972,4350710.3,545.75
ICP,1,2025,5343,2010169.17,376.22
ICP,2,2025,2806,942300.96,335.82
ICP,3,2025,2904,842857.41,290.24
ICP,4,2025,1651,359228.02,217.58
ICP,5,2025,2084,697798.62,334.84
ICP,6,2025,1675,412820.96,246.46
ICP,7,2025,2183,532343.81,243.86
ICP,8,2025,1725,486887.36,282.25
ICP,9,2025,1392,355253.78,255.21
ICP,10,2025,2283,344637.86,150.96
ICP,11,2025,9527,2849143.82,299.06
ICP,12,2025,2790,916811.29,328.61
ICP,1,2026,3686,1408534.48,382.13
ICP,2,2026,2328,407146.27,174.89
ICP,3,2026,1485,259244.43,174.58
ICP,4,2026,1019,190080.22,186.54
ICP,5,2026,1717,245431.09,142.94
ICP,6,2026,1577,294534.47,186.77
IMOB01,10,2020,49,500800.0,10220.41
IMOB01,8,2021,58,1112690.83,19184.32
IOTA,8,2019,763,197646.4,259.04
IOTA,9,2019,537,400919.72,746.59
IOTA,10,2019,876,441680.06,504.2
IOTA,11,2019,579,224197.14,387.21
IOTA,12,2019,623,236401.75,379.46
IOTA,1,2020,1466,735743.23,501.87
IOTA,2,2020,2932,1442372.04,491.94
IOTA,3,2020,1201,418552.16,348.5
IOTA,4,2020,1757,647546.02,368.55
IOTA,5,2020,3323,1215976.85,365.93
IOTA,6,2020,2609,649604.54,248.99
IOTA,7,2020,3637,1075176.96,295.62
IOTA,8,2020,6866,3413244.47,497.12
IOTA,9,2020,2246,1106136.88,492.49
IOTA,10,2020,1412,732461.5,518.74
IOTA,11,2020,3154,1529768.45,485.02
IOTA,12,2020,2521,833841.07,330.76
IOTA,1,2021,9688,5140939.89,530.65
IOTA,2,2021,30664,21501743.24,701.2
IOTA,3,2021,17330,15307265.08,883.28
IOTA,4,2021,22525,18857223.84,837.17
IOTA,5,2021,15570,12043842.58,773.53
IOTA,6,2021,5631,3582161.79,636.15
IOTA,7,2021,3607,2067150.9,573.09
IOTA,8,2021,6882,4665399.65,677.91
IOTA,9,2021,14346,12941700.44,902.11
IOTA,10,2021,8688,8937780.7,1028.75
IOTA,11,2021,5197,4852836.06,933.78
IOTA,12,2021,2768,2102351.56,759.52
IOTA,1,2022,1244,978792.96,786.81
IOTA,2,2022,667,300914.4,451.15
IOTA,3,2022,802,594360.29,741.1
IOTA,4,2022,557,298287.47,535.53
IOTA,5,2022,981,416492.11,424.56
IOTA,6,2022,454,113170.97,249.28
IOTA,7,2022,725,209157.63,288.49
IOTA,8,2022,306,72118.1,235.68
IOTA,9,2022,440,148439.43,337.36
IOTA,10,2022,432,154336.64,357.26
IOTA,11,2022,272,70766.04,260.17
IOTA,12,2022,167,32952.96,197.32
IOTA,1,2023,549,122740.62,223.57
IOTA,2,2023,277,58409.27,210.86
IOTA,3,2023,401,70560.94,175.96
IOTA,4,2023,221,34829.53,157.6
IOTA,5,2023,258,51572.62,199.89
IOTA,6,2023,366,56223.74,153.62
IOTA,7,2023,196,51679.84,263.67
IOTA,8,2023,118,10925.97,92.59
IOTA,9,2023,115,10710.52,93.13
IOTA,10,2023,236,37888.33,160.54
IOTA,11,2023,850,159612.12,187.78
IOTA,12,2023,899,208533.81,231.96
IOTA,1,2024,305,97984.89,321.26
IOTA,2,2024,283,70876.06,250.45
IOTA,3,2024,606,206017.74,339.96
IOTA,4,2024,236,63571.44,269.37
IOTA,5,2024,150,19910.23,132.73
IOTA,6,2024,171,29670.06,173.51
IOTA,7,2024,112,17256.81,154.08
IOTA,8,2024,113,45531.47,402.93
IOTA,9,2024,126,20095.37,159.49
IOTA,10,2024,244,72838.08,298.52
IOTA,11,2024,693,387732.52,559.5
IOTA,12,2024,1757,906528.48,515.95
IOTA,1,2025,537,174494.21,324.94
IOTA,2,2025,202,47307.3,234.19
IOTA,3,2025,250,89743.5,358.97
IOTA,4,2025,207,86437.42,417.57
IOTA,5,2025,222,93712.58,422.13
IOTA,6,2025,89,27918.34,313.69
IOTA,7,2025,203,59379.4,292.51
IOTA,8,2025,154,64491.04,418.77
IOTA,9,2025,108,13882.74,128.54
IOTA,10,2025,162,34927.59,215.6
IOTA,11,2025,100,23628.19,236.28
IOTA,12,2025,94,20321.97,216.19
IOTA,1,2026,141,20291.99,143.91
IOTA,2,2026,70,11746.27,167.8
IOTA,3,2026,252,33055.18,131.17
IOTA,4,2026,63,7380.73,117.15
IOTA,5,2026,82,20779.1,253.4
IOTA,6,2026,325,52300.08,160.92
LINK,8,2019,6,31561.27,5260.21
LINK,9,2019,46,473826.77,10300.58
LINK,10,2019,82,596748.98,7277.43
LINK,11,2019,316,56719.02,179.49
LINK,12,2019,734,110528.92,150.58
LINK,1,2020,1806,608530.13,336.95
LINK,2,2020,2972,1803088.52,606.69
LINK,3,2020,6100,3467746.09,568.48
LINK,4,2020,3850,2116627.6,549.77
LINK,5,2020,4484,2331501.6,519.96
LINK,6,2020,2699,1607548.18,595.61
LINK,7,2020,8818,7363439.94,835.05
LINK,8,2020,21132,23421914.62,1108.36
LINK,9,2020,11260,9750155.4,865.91
LINK,10,2020,6191,4917760.79,794.34
LINK,11,2020,8295,6936175.71,836.19
LINK,12,2020,40706,25070024.15,615.88
LINK,1,2021,176809,190819940.75,1079.24
LINK,2,2021,141399,186627174.43,1319.86
LINK,3,2021,122758,148036286.08,1205.92
LINK,4,2021,183893,233224154.91,1268.26
LINK,5,2021,158199,212562535.93,1343.64
LINK,6,2021,61045,75396431.03,1235.1
LINK,7,2021,44464,51632965.14,1161.23
LINK,8,2021,70200,79266369.04,1129.15
LINK,9,2021,58721,64937435.57,1105.86
LINK,10,2021,54488,58218495.59,1068.46
LINK,11,2021,50267,56917444.31,1132.3
LINK,12,2021,98651,45134128.07,457.51
LINK,1,2022,35542,35979890.99,1012.32
LINK,2,2022,17066,9845511.95,576.91
LINK,3,2022,14373,10452475.62,727.23
LINK,4,2022,11785,10812474.68,917.48
LINK,5,2022,17908,45584509.99,2545.48
LINK,6,2022,17604,9034131.65,513.19
LINK,7,2022,11438,4866302.85,425.45
LINK,8,2022,11603,6251298.01,538.77
LINK,9,2022,13736,6649720.68,484.11
LINK,10,2022,18105,8162533.18,450.84
LINK,11,2022,44168,15441390.76,349.61
LINK,12,2022,27583,7084607.85,256.85
LINK,1,2023,38745,8857579.25,228.61
LINK,2,2023,43483,13256638.84,304.87
LINK,3,2023,33789,10210257.42,302.18
LINK,4,2023,33081,8461663.26,255.79
LINK,5,2023,26142,5356105.01,204.89
LINK,6,2023,31245,9802770.31,313.74
LINK,7,2023,48823,14261564.76,292.11
LINK,8,2023,30784,8846334.77,287.37
LINK,9,2023,186607,26637356.36,142.75
LINK,10,2023,241218,61362256.86,254.39
LINK,11,2023,332346,129841128.43,390.68
LINK,12,2023,205765,80099897.83,389.28
LINK,1,2024,164902,65610744.16,397.88
LINK,2,2024,315103,121077747.34,384.25
LINK,3,2024,334994,136845873.98,408.5
LINK,4,2024,204071,70410427.56,345.03
LINK,5,2024,204795,70759767.27,345.52
LINK,6,2024,168873,62669026.27,371.1
LINK,7,2024,165863,57552050.83,346.99
LINK,8,2024,145990,52687761.91,360.9
LINK,9,2024,141404,37690108.36,266.54
LINK,10,2024,165428,52326129.82,316.31
LINK,11,2024,392825,169648191.25,431.87
LINK,12,2024,854691,558822372.23,653.83
LINK,1,2025,422716,262085609.17,620.0
LINK,2,2025,230795,143228104.05,620.59
LINK,3,2025,236027,107355837.0,454.85
LINK,4,2025,159933,62836330.74,392.89
LINK,5,2025,169914,80837388.1,475.75
LINK,6,2025,131670,68553534.33,520.65
LINK,7,2025,207817,119574447.37,575.38
LINK,8,2025,300294,275538071.57,917.56
LINK,9,2025,161223,112318938.64,696.67
LINK,10,2025,160699,131107659.97,815.86
LINK,11,2025,136631,87367193.7,639.44
LINK,12,2025,79646,31348782.23,393.6
LINK,1,2026,97361,40011822.14,410.96
LINK,2,2026,56316,27901317.53,495.44
LINK,3,2026,74441,25828381.07,346.96
LINK,4,2026,54068,22127463.28,409.25
LINK,5,2026,54679,19608693.31,358.61
LINK,6,2026,48919,17544317.7,358.64
LTC,8,2019,92620,66823611.51,721.48
LTC,9,2019,76099,43869418.58,576.48
LTC,10,2019,51387,31743261.03,617.73
LTC,11,2019,46990,23250359.94,494.79
LTC,12,2019,31659,19117218.38,603.85
LTC,1,2020,68890,39168644.38,568.57
LTC,2,2020,94365,76661946.72,812.4
LTC,3,2020,68584,46853960.52,683.16
LTC,4,2020,49613,35360542.77,712.73
LTC,5,2020,60521,45209661.46,747.01
LTC,6,2020,37491,21819692.06,582.0
LTC,7,2020,51748,34213077.39,661.15
LTC,8,2020,88863,79972995.26,899.96
LTC,9,2020,56600,28027934.53,495.19
LTC,10,2020,52377,29877387.15,570.43
LTC,11,2020,135515,101897118.99,751.93
LTC,12,2020,159840,165845109.11,1037.57
LTC,1,2021,259004,250555971.86,967.38
LTC,2,2021,312265,356158543.74,1140.57
LTC,3,2021,205267,223360195.29,1088.14
LTC,4,2021,345655,398959129.39,1154.21
LTC,5,2021,407454,507647288.25,1245.9
LTC,6,2021,134297,96288315.75,716.98
LTC,7,2021,84620,50471025.73,596.44
LTC,8,2021,148148,101678624.85,686.33
LTC,9,2021,156845,124810205.22,795.76
LTC,10,2021,153940,110495102.5,717.78
LTC,11,2021,177971,154387275.77,867.49
LTC,12,2021,98772,64450279.61,652.52
LTC,1,2022,69108,40196840.89,581.65
LTC,2,2022,60106,31187005.49,518.87
LTC,3,2022,49833,25123884.12,504.16
LTC,4,2022,37404,18488438.65,494.29
LTC,5,2022,53848,55531463.8,1031.26
LTC,6,2022,52739,21064875.88,399.42
LTC,7,2022,43238,17389034.26,402.17
LTC,8,2022,32101,13685351.84,426.32
LTC,9,2022,36447,14064168.26,385.88
LTC,10,2022,79400,12256419.7,154.36
LTC,11,2022,108767,22886847.85,210.42
LTC,12,2022,73800,14720007.93,199.46
LTC,1,2023,89497,16893980.19,188.77
LTC,2,2023,76376,17047462.86,223.2
LTC,3,2023,89280,27439028.52,307.34
LTC,4,2023,56752,16527125.86,291.22
LTC,5,2023,56827,19190247.12,337.7
LTC,6,2023,58441,26293404.27,449.91
LTC,7,2023,88598,30193676.71,340.79
LTC,8,2023,134569,21073797.66,156.6
LTC,9,2023,117411,18549173.46,157.98
LTC,10,2023,167556,24552118.98,146.53
LTC,11,2023,159958,31108928.98,194.48
LTC,12,2023,247007,30076907.85,121.77
LTC,1,2024,193382,28333717.14,146.52
LTC,2,2024,202538,35744992.02,176.49
LTC,3,2024,435561,97947467.58,224.88
LTC,4,2024,282942,91594598.35,323.72
LTC,5,2024,148940,33924321.06,227.77
LTC,6,2024,131301,31087995.11,236.77
LTC,7,2024,149417,45808151.8,306.58
LTC,8,2024,130623,89743211.37,687.04
LTC,9,2024,121850,26546074.87,217.86
LTC,10,2024,163603,48623491.54,297.2
LTC,11,2024,365568,140507512.48,384.35
LTC,12,2024,602511,335038597.61,556.07
LTC,1,2025,409540,187695936.95,458.31
LTC,2,2025,327643,216057108.67,659.43
LTC,3,2025,260483,200004324.19,767.82
LTC,4,2025,157365,60114052.69,382.0
LTC,5,2025,186018,88808204.79,477.42
LTC,6,2025,117614,43294411.0,368.11
LTC,7,2025,200805,90326674.8,449.82
LTC,8,2025,205243,92060663.04,448.54
LTC,9,2025,124017,44240965.88,356.73
LTC,10,2025,155131,99066550.63,638.6
LTC,11,2025,138091,83351982.51,603.6
LTC,12,2025,86595,182045199.79,2102.26
LTC,1,2026,101828,56716682.29,556.99
LTC,2,2026,50824,26416693.4,519.77
LTC,3,2026,71429,19071953.99,267.01
LTC,4,2026,59100,15468149.13,261.73
LTC,5,2026,51049,14446783.42,283.0
LTC,6,2026,53958,14126905.78,261.81
MATIC,8,2019,50,189713.78,3794.28
MATIC,9,2019,4,1011.89,252.97
MATIC,10,2019,13,123191.36,9476.26
MATIC,11,2019,29,239935.85,8273.65
MATIC,12,2019,48,236755.86,4932.41
MATIC,6,2020,1,25314.53,25314.53
MATIC,7,2020,1,12515.0,12515.0
MATIC,8,2020,1,89.37,89.37
MATIC,11,2020,2,997.92,498.96
MATIC,2,2021,33,229992.86,6969.48
MATIC,3,2021,41,72694.27,1773.03
MATIC,4,2021,28,297980.58,10642.16
MATIC,5,2021,377,2961724.56,7856.03
MATIC,6,2021,193,1400715.32,7257.59
MATIC,7,2021,7604,7625599.51,1002.84
MATIC,8,2021,21495,18403388.74,856.17
MATIC,9,2021,30791,25416399.65,825.45
MATIC,10,2021,40622,44589913.83,1097.68
MATIC,11,2021,31638,31768351.48,1004.12
MATIC,12,2021,46853,52228707.29,1114.74
MATIC,1,2022,25039,19916953.8,795.44
MATIC,2,2022,17192,29270131.52,1702.54
MATIC,3,2022,12413,6881020.14,554.34
MATIC,4,2022,12689,4392293.7,346.15
MATIC,5,2022,23224,44162240.76,1901.58
MATIC,6,2022,20255,5097004.27,251.64
MATIC,7,2022,35132,17422922.62,495.93
MATIC,8,2022,24730,11190006.16,452.49
MATIC,9,2022,30290,7549257.86,249.23
MATIC,10,2022,139116,13105614.41,94.21
MATIC,11,2022,166363,65612811.29,394.4
MATIC,12,2022,94027,13989612.55,148.78
MATIC,1,2023,362678,44402145.39,122.43
MATIC,2,2023,421991,89422955.23,211.91
MATIC,3,2023,321159,61997080.75,193.04
MATIC,4,2023,262058,33802083.08,128.99
MATIC,5,2023,219659,22942157.48,104.44
MATIC,6,2023,274400,45938902.64,167.42
MATIC,7,2023,320186,50553310.97,157.89
MATIC,8,2023,370114,48453223.94,130.91
MATIC,9,2023,227728,29204496.36,128.24
MATIC,10,2023,319818,63630188.79,198.96
MATIC,11,2023,416843,133903627.8,321.23
MATIC,12,2023,289142,81184203.47,280.78
MATIC,1,2024,366864,80276055.99,218.82
MATIC,2,2024,312052,108452554.71,347.55
MATIC,3,2024,505865,171784695.7,339.59
MATIC,4,2024,400167,93322850.62,233.21
MATIC,5,2024,248083,61992373.27,249.89
MATIC,6,2024,209738,55453584.14,264.39
MATIC,7,2024,225206,54821513.98,243.43
MATIC,8,2024,206949,114217137.23,551.91
MATIC,9,2024,171126,37519550.4,219.25
MATIC,10,2024,149708,30023397.34,200.55
MATIC,11,2024,467612,200631147.26,429.05
MATIC,12,2024,437714,213707704.8,488.24
MATIC,1,2025,227734,68952324.79,302.78
MATIC,2,2025,9862,1455827.25,147.62
MATIC,3,2025,5778,941710.3,162.98
MATIC,4,2025,5102,823870.87,161.48
MATIC,5,2025,5639,951038.17,168.65
MATIC,6,2025,3943,652106.75,165.38
MATIC,7,2025,6709,1430130.6,213.17
MATIC,8,2025,4670,908951.21,194.64
MATIC,9,2025,3641,636858.33,174.91
MATIC,10,2025,2663,390277.87,146.56
MATIC,11,2025,12,3939.09,328.26
MATIC,12,2025,100,27160.04,271.6
MATIC,1,2026,84,682.48,8.12
MATIC,2,2026,62,484.88,7.82
MATIC,3,2026,54,618.41,11.45
MATIC,4,2026,59,513.38,8.7
MATIC,5,2026,38,377.69,9.94
MBCONS02,9,2020,105,48668.47,463.51
MBCONS02,10,2020,113,31179.47,275.92
MBCONS02,11,2020,154,33036.97,214.53
MBCONS02,12,2020,525,626015.41,1192.41
MBCONS02,2,2021,311,53018.83,170.48
MBPRK02,9,2020,328,182166.26,555.38
MBPRK02,10,2020,237,95869.85,404.51
MBPRK02,11,2020,465,344795.78,741.5
MBPRK02,12,2020,432,436472.21,1010.35
MBPRK02,1,2021,2812,761631.84,270.85
MBPRK02,2,2021,890,276002.81,310.12
MBPRK02,3,2021,1769,564058.93,318.86
MBPRK02,4,2021,1384,595220.87,430.07
MBPRK02,5,2021,491,437866.06,891.78
MBPRK02,6,2021,346,269535.13,779.0
MBPRK02,7,2021,384,257792.63,671.33
MBPRK02,8,2021,267,111329.62,416.96
MBPRK02,9,2021,303,165033.47,544.66
MBPRK02,10,2021,371,149242.71,402.27
MBPRK02,11,2021,514,123860.71,240.97
MBPRK02,12,2021,306,161110.68,526.51
MBPRK02,1,2022,243,93898.95,386.42
MBPRK02,2,2022,26,15912.4,612.02
MBPRK02,3,2022,20,5661.74,283.09
MBPRK02,4,2022,25,10968.62,438.74
MBPRK02,5,2022,18,9983.65,554.65
MBPRK02,6,2022,10,5265.8,526.58
MBPRK02,7,2022,5,15473.66,3094.73
MBPRK02,8,2022,9,2796.95,310.77
MBPRK02,9,2022,10,1784.92,178.49
MBPRK02,10,2022,15,9706.21,647.08
MBPRK02,11,2022,25,45106.24,1804.25
MBPRK02,12,2022,25,11068.27,442.73
MBPRK02,1,2023,26,9600.74,369.26
MBPRK02,2,2023,40,27368.55,684.21
MBPRK02,3,2023,136,59967.1,440.93
MBPRK02,4,2023,38,9437.18,248.35
MBPRK02,5,2023,63,17616.71,279.63
MBPRK02,6,2023,39,15301.89,392.36
MBPRK02,7,2023,27,19528.05,723.26
MBPRK02,8,2023,1025,4857635.92,4739.16
MBPRK03,9,2020,426,238286.12,559.36
MBPRK03,10,2020,412,191526.24,464.87
MBPRK03,11,2020,582,212897.68,365.8
MBPRK03,12,2020,1594,1971814.18,1237.02
MBPRK03,1,2021,1121,430850.62,384.34
MBPRK03,2,2021,643,307770.17,478.65
MBPRK03,3,2021,971,277275.21,285.56
MBPRK03,4,2021,872,263227.53,301.87
MBPRK03,5,2021,501,592396.79,1182.43
MBPRK03,6,2021,158,41116.47,260.23
MBPRK03,7,2021,165,30486.23,184.77
MBPRK03,8,2021,203,61048.72,300.73
MBPRK03,9,2021,223,54226.75,243.17
MBPRK03,10,2021,92,26834.9,291.68
MBPRK03,12,2021,1,495.59,495.59
MBPRK03,1,2022,80,72636.79,907.96
MBPRK03,2,2022,39,87910.47,2254.11
MBPRK03,3,2022,27,16560.92,613.37
MBPRK03,4,2022,17,7949.03,467.59
MBPRK03,5,2022,9,1504.32,167.15
MBPRK03,6,2022,13,19152.16,1473.24
MBPRK03,7,2022,13,5297.35,407.49
MBPRK03,8,2022,12,4569.26,380.77
MBPRK03,9,2022,8,2830.55,353.82
MBPRK03,10,2022,7,1808.43,258.35
MBPRK03,11,2022,7,1154.65,164.95
MBPRK03,12,2022,9,4702.9,522.54
MBPRK03,1,2023,10,74010.4,7401.04
MBPRK03,2,2023,6,1170.18,195.03
MBPRK03,3,2023,11,14338.84,1303.53
MBPRK03,4,2023,8,7735.25,966.91
MBPRK03,5,2023,7,74436.21,10633.74
MBPRK03,6,2023,3,490.11,163.37
MBPRK03,7,2023,6,618.88,103.15
MBPRK03,8,2023,2,8083.47,4041.74
MBPRK03,9,2023,2,194.82,97.41
MBPRK03,10,2023,1,210.69,210.69
MBPRK03,11,2023,3,292.31,97.44
MBPRK03,12,2023,8,1254.34,156.79
MBPRK03,1,2024,7,3112.12,444.59
MBPRK03,2,2024,7,12157.66,1736.81
MBPRK03,3,2024,13,9784.88,752.68
MBPRK03,4,2024,3,1091.93,363.98
MBPRK03,5,2024,3,1140.89,380.3
MBPRK03,6,2024,3,8559.79,2853.26
MBPRK03,7,2024,2,466.12,233.06
MBPRK03,12,2024,2,322.96,161.48
MBPRK04,9,2020,161,124976.31,776.25
MBPRK04,10,2020,134,35932.7,268.15
MBPRK04,11,2020,233,118261.51,507.56
MBPRK04,12,2020,331,235349.15,711.02
MBPRK04,1,2021,3429,1031026.32,300.68
MBPRK04,2,2021,970,190889.39,196.79
MBPRK04,3,2021,1129,194041.83,171.87
MBPRK04,4,2021,920,295513.87,321.21
MBPRK04,5,2021,699,350684.75,501.69
MBPRK04,6,2021,175,86169.59,492.4
MBPRK04,7,2021,272,164010.01,602.98
MBPRK04,8,2021,243,151356.24,622.87
MBPRK04,9,2021,273,143563.58,525.87
MBPRK04,10,2021,376,153198.77,407.44
MBPRK04,11,2021,630,177136.62,281.17
MBPRK04,12,2021,338,95618.52,282.9
MBPRK04,1,2022,108,30290.42,280.47
MBPRK04,2,2022,70,23794.72,339.92
MBPRK04,3,2022,164,39755.92,242.41
MBPRK04,4,2022,242,80111.44,331.04
MBPRK04,5,2022,18,7831.54,435.09
MBPRK04,6,2022,12,7143.96,595.33
MBPRK04,7,2022,45,60397.56,1342.17
MBPRK04,8,2022,28,21957.2,784.19
MBPRK04,9,2022,67,21073.32,314.53
MBPRK04,10,2022,15,3000.26,200.02
MBPRK04,11,2022,121,40771.21,336.95
MBPRK04,12,2022,201,62187.4,309.39
MBPRK04,1,2023,187,65291.17,349.15
MBPRK04,2,2023,91,27784.66,305.33
MBPRK04,3,2023,96,26033.31,271.18
MBPRK04,4,2023,98,23986.31,244.76
MBPRK04,5,2023,146,46139.39,316.02
MBPRK04,6,2023,36,9284.34,257.9
MBPRK04,7,2023,62,28510.82,459.85
MBPRK04,8,2023,57,12722.97,223.21
MBPRK04,9,2023,39,11902.24,305.19
MBPRK04,10,2023,35,12193.38,348.38
MBPRK04,11,2023,39,7327.0,187.87
MBPRK04,12,2023,66,21279.43,322.42
MBPRK04,1,2024,83,26468.83,318.9
MBPRK04,2,2024,70,19105.93,272.94
MBPRK04,3,2024,21,2108.03,100.38
MBPRK04,4,2024,7,1518.85,216.98
MBPRK04,5,2024,9,2725.62,302.85
MBPRK04,6,2024,5,1132.21,226.44
MBPRK04,7,2024,10,6834.86,683.49
MBPRK04,8,2024,6,897.11,149.52
MBPRK04,9,2024,4,315.0,78.75
MBPRK04,10,2024,9,1190.02,132.22
MBPRK04,11,2024,19,1347.52,70.92
MBPRK04,12,2024,508,12240760.87,24095.99
MBPRK04,1,2025,14,2531.86,180.85
MBPRK04,3,2025,1,21.0,21.0
MBPRK04,10,2025,1,100.81,100.81
MBPRK04,12,2025,1,1250.8,1250.8
MCO2,2,2021,57925,64094235.19,1106.5
MCO2,3,2021,44417,64891762.24,1460.97
MCO2,4,2021,40020,68797359.84,1719.07
MCO2,5,2021,22398,23463753.71,1047.58
MCO2,6,2021,8858,11765344.03,1328.22
MCO2,7,2021,8084,7121408.45,880.93
MCO2,8,2021,9677,5483507.54,566.65
MCO2,9,2021,18760,19837330.0,1057.43
MCO2,10,2021,16798,11450957.76,681.69
MCO2,11,2021,12226,8200268.24,670.72
MCO2,12,2021,24500,25720847.85,1049.83
MCO2,1,2022,38347,36557689.08,953.34
MCO2,2,2022,24359,22685262.34,931.29
MCO2,3,2022,30630,15633685.13,510.4
MCO2,4,2022,27258,12048096.39,442.0
MCO2,5,2022,4938,3234203.17,654.96
MCO2,6,2022,3819,2097103.79,549.12
MCO2,7,2022,2878,918072.58,319.0
MCO2,8,2022,9845,1913603.75,194.37
MCO2,9,2022,3937,1049359.33,266.54
MCO2,10,2022,3595,1009588.33,280.83
MCO2,11,2022,5296,1351988.43,255.28
MCO2,12,2022,2199,342629.31,155.81
MCO2,1,2023,2793,420208.92,150.45
MCO2,2,2023,3414,701069.31,205.35
MCO2,3,2023,3590,575749.93,160.38
MCO2,4,2023,2662,386911.23,145.35
MCO2,5,2023,2160,235089.45,108.84
MCO2,6,2023,3316,432630.6,130.47
MCO2,7,2023,2098,250622.4,119.46
MCO2,8,2023,2059,301074.51,146.22
MCO2,9,2023,18898,4165944.5,220.44
MCO2,10,2023,4639,741862.73,159.92
MCO2,11,2023,7884,1245201.35,157.94
MCO2,12,2023,9159,1263302.84,137.93
MCO2,1,2024,4297,434568.72,101.13
MCO2,2,2024,5600,707611.55,126.36
MCO2,3,2024,8671,1136762.25,131.1
MCO2,4,2024,5867,630057.29,107.39
MCO2,5,2024,4201,645672.62,153.69
MCO2,6,2024,3250,359843.54,110.72
MCO2,7,2024,2381,224020.18,94.09
MCO2,8,2024,2980,211413.31,70.94
MCO2,9,2024,1630,129525.25,79.46
MCO2,10,2024,2520,161605.98,64.13
MCO2,11,2024,3612,410889.14,113.76
MCO2,12,2024,4038,498581.86,123.47
MCO2,1,2025,2612,240256.07,91.98
MCO2,2,2025,1489,130585.9,87.7
MCO2,3,2025,1708,55090.93,32.25
MCO2,4,2025,1765,100078.97,56.7
MCO2,5,2025,4408,238786.12,54.17
MCO2,6,2025,2036,96379.76,47.34
MCO2,7,2025,1836,109922.37,59.87
MCO2,8,2025,1526,83473.35,54.7
MCO2,9,2025,1246,55593.62,44.62
MCO2,10,2025,1347,54404.86,40.39
MCO2,11,2025,931,52477.4,56.37
MCO2,12,2025,748,29097.15,38.9
MCO2,1,2026,1300,47720.05,36.71
MCO2,2,2026,748,50519.48,67.54
MCO2,3,2026,402,12330.29,30.67
MCO2,4,2026,597,14588.32,24.44
MCO2,5,2026,639,32636.91,51.07
MCO2,6,2026,467,18528.37,39.68
MKR,8,2019,28,27211.07,971.82
MKR,9,2019,30,16207.8,540.26
MKR,7,2020,1,5992.58,5992.58
MKR,10,2020,1,40000.0,40000.0
MKR,1,2021,3,123479.61,41159.87
MKR,2,2021,8,8228.71,1028.59
MKR,3,2021,1,11545.26,11545.26
MKR,4,2021,40,80169.42,2004.24
MKR,5,2021,5251,6153190.32,1171.81
MKR,6,2021,4004,4200710.91,1049.13
MKR,7,2021,3483,3317119.66,952.37
MKR,8,2021,5345,4425011.3,827.88
MKR,9,2021,3830,3570648.66,932.28
MKR,10,2021,3901,3794260.26,972.64
MKR,11,2021,7811,8704639.59,1114.41
MKR,12,2021,3278,1735055.97,529.3
MKR,1,2022,3016,1217999.24,403.85
MKR,2,2022,2215,954586.39,430.96
MKR,3,2022,2121,772231.69,364.09
MKR,4,2022,1795,570217.88,317.67
MKR,5,2022,3969,1743638.84,439.31
MKR,6,2022,2601,1410052.13,542.12
MKR,7,2022,1463,646200.2,441.7
MKR,8,2022,1901,827482.14,435.29
MKR,9,2022,1508,574970.74,381.28
MKR,10,2022,2521,861512.52,341.73
MKR,11,2022,1866,699809.81,375.03
MKR,12,2022,1266,767750.48,606.44
MKR,1,2023,1642,735751.73,448.08
MKR,2,2023,2462,594782.82,241.59
MKR,3,2023,5615,1451985.52,258.59
MKR,4,2023,2424,690498.71,284.86
MKR,5,2023,1060,117498.76,110.85
MKR,6,2023,1620,403504.99,249.08
MKR,7,2023,4451,1584554.7,356.0
MKR,8,2023,2401,576498.84,240.11
MKR,9,2023,3008,883686.16,293.78
MKR,10,2023,4078,1233981.9,302.59
MKR,11,2023,15655,14322690.04,914.9
MKR,12,2023,15103,7555886.39,500.29
MKR,1,2024,15499,7927146.63,511.46
MKR,2,2024,12810,7984858.22,623.33
MKR,3,2024,23792,21265569.62,893.81
MKR,4,2024,21541,35243071.92,1636.09
MKR,5,2024,13474,15899451.95,1180.01
MKR,6,2024,10741,10718158.33,997.87
MKR,7,2024,13056,16117364.3,1234.48
MKR,8,2024,12166,11631277.63,956.05
MKR,9,2024,9320,6336757.82,679.91
MKR,10,2024,14574,14188808.01,973.57
MKR,11,2024,23557,15669156.5,665.16
MKR,12,2024,19729,15340407.98,777.56
MKR,1,2025,20292,10648907.46,524.78
MKR,2,2025,7384,8178903.26,1107.65
MKR,3,2025,5271,5428503.78,1029.88
MKR,4,2025,10403,5021377.42,482.69
MKR,5,2025,57945,22160531.08,382.44
MKR,6,2025,140598,61010883.08,433.94
MKR,7,2025,140641,118689436.42,843.92
MKR,8,2025,73324,80732705.12,1101.04
MKR,9,2025,56640,55558288.15,980.9
MKR,10,2025,9179,2961880.73,322.68
MKR,11,2025,13094,1574603.27,120.25
MKR,12,2025,31,25284.41,815.63
MKR,1,2026,9,1625.25,180.58
MKR,3,2026,2,181.16,90.58
NANO,8,2019,108,35160.83,325.56
NANO,9,2019,73,24242.51,332.09
NANO,10,2019,11,47766.39,4342.4
NANO,11,2019,1,1000.0,1000.0
NANO,2,2020,11,1950.0,177.27
NANO,3,2020,18,636.05,35.34
NANO,4,2020,35,38014.39,1086.13
NANO,5,2020,81,21092.15,260.4
NANO,6,2020,169,121799.5,720.71
NANO,7,2020,162,95301.27,588.28
NANO,8,2020,114,66619.7,584.38
NANO,9,2020,149,55676.81,373.67
NANO,10,2020,114,42137.36,369.63
NANO,11,2020,132,76327.84,578.24
NANO,12,2020,138,48670.75,352.69
NANO,1,2021,497,1185695.47,2385.71
NANO,2,2021,461,920053.5,1995.78
NANO,3,2021,255,158955.54,623.36
NANO,4,2021,245,420801.41,1717.56
NANO,5,2021,319,632275.98,1982.06
NANO,6,2021,123,68066.38,553.39
NANO,7,2021,72,62731.06,871.26
NANO,8,2021,170,225335.07,1325.5
NANO,9,2021,110,126375.33,1148.87
NANO,10,2021,125,76533.95,612.27
NANO,11,2021,101,45555.26,451.04
NANO,12,2021,74,27431.19,370.69
NANO,1,2022,61,20130.54,330.01
NANO,2,2022,64,19280.79,301.26
NANO,3,2022,90,34843.63,387.15
NANO,4,2022,59,12075.95,204.68
NANO,5,2022,51,8382.99,164.37
NANO,6,2022,22,2959.76,134.53
NANO,7,2022,7,2043.54,291.93
NANO,8,2022,7,1422.35,203.19
NANO,9,2022,9,4343.46,482.61
NANO,10,2022,9,543.63,60.4
NANO,11,2022,16,4445.16,277.82
NANO,12,2022,6,698.17,116.36
NANO,1,2023,12,1811.88,150.99
NANO,2,2023,13,8528.11,656.01
NANO,3,2023,7,1504.85,214.98
NANO,4,2023,8,1771.84,221.48
NANO,5,2023,6,258.31,43.05
NANO,6,2023,5,1011.05,202.21
NANO,7,2023,1,100.0,100.0
NANO,8,2023,6,254.94,42.49
NANO,9,2023,10,2178.98,217.9
NANO,10,2023,5,2108.0,421.6
NANO,11,2023,8,1394.07,174.26
NANO,12,2023,5,883.71,176.74
NANO,1,2024,1,100.0,100.0
NANO,2,2024,13,5124.47,394.19
NANO,3,2024,9,7489.82,832.2
NANO,4,2024,5,5247.98,1049.6
NANO,5,2024,12,7808.19,650.68
NANO,6,2024,2,7255.75,3627.88
NANO,7,2024,1,1630.73,1630.73
NANO,8,2024,1,42.0,42.0
NANO,9,2024,1,100.0,100.0
NANO,10,2024,2,1705.66,852.83
NANO,12,2024,15,10239.11,682.61
NANO,1,2025,1,500.0,500.0
NANO,3,2025,6,4340.73,723.46
NANO,5,2025,2,211.55,105.78
NEO,8,2019,1,99.5,99.5
NEO,9,2019,16,3648.75,228.05
NEO,10,2019,18,8148.82,452.71
NEO,11,2019,24,127586.15,5316.09
NEO,12,2019,11,40829.6,3711.78
NEO,1,2020,21,134713.08,6414.91
NEO,2,2020,14,204322.84,14594.49
NEO,3,2020,18,67070.81,3726.16
NEO,4,2020,31,32959.74,1063.22
NEO,5,2020,6,3152.76,525.46
NEO,6,2020,1,25314.53,25314.53
NEO,7,2020,3,20669.71,6889.9
NEO,8,2020,2,299.76,149.88
NEO,9,2020,2,20012.03,10006.02
NEO,12,2020,4,6796.66,1699.16
NEO,1,2021,9,10786.71,1198.52
NEO,2,2021,4,256451.89,64112.97
NEO,3,2021,19,33179.38,1746.28
NEO,4,2021,45,86257.53,1916.83
NEO,5,2021,15,22724.86,1514.99
NEO,6,2021,5,36265.69,7253.14
NEO,7,2021,6,4540.27,756.71
NEO,8,2021,6,4196.43,699.41
NEO,10,2021,3,7554.44,2518.15
NEO,11,2021,5,27545.26,5509.05
NEO,12,2021,10,7352.53,735.25
NEO,1,2022,21,8585.69,408.84
NEO,2,2022,45,6776.65,150.59
NEO,3,2022,38,6626.18,174.37
NEO,4,2022,28,8126.48,290.23
NEO,5,2022,11,1816.76,165.16
NEO,6,2022,13,2954.64,227.28
NEO,7,2022,9,2547.39,283.04
NEO,8,2022,8,344.53,43.07
NEO,9,2022,7,665.52,95.07
NEO,10,2022,5,1056.91,211.38
NEO,11,2022,12,1242.57,103.55
NEO,12,2022,5,621.26,124.25
NEO,2,2023,18,4256.16,236.45
NEO,3,2023,7,461.73,65.96
NEO,4,2023,10,61141.48,6114.15
NEO,5,2023,8,5640.1,705.01
NEO,6,2023,7,1370.31,195.76
NEO,7,2023,7,8056.86,1150.98
NEO,8,2023,7,6461.84,923.12
NEO,9,2023,4,269.27,67.32
NEO,10,2023,2,1698.83,849.42
NEO,11,2023,14,8911.25,636.52
NEO,12,2023,15,14105.89,940.39
NEO,1,2024,5,360.55,72.11
NEO,2,2024,17,15796.38,929.2
NEO,3,2024,40,6073.73,151.84
NEO,4,2024,97,12061.33,124.34
NEO,5,2024,21,18938.72,901.84
NEO,6,2024,4,323.12,80.78
NEO,7,2024,3,4090.43,1363.48
NEO,8,2024,5,2027.95,405.59
NEO,9,2024,26,8280.67,318.49
NEO,10,2024,146,31600.65,216.44
NEO,11,2024,353,55708.78,157.82
NEO,12,2024,565,149365.39,264.36
NEO,1,2025,249,35476.79,142.48
NEO,2,2025,89,11460.89,128.77
NEO,3,2025,59,23043.69,390.57
NEO,4,2025,92,42809.12,465.32
NEO,5,2025,52,18302.66,351.97
NEO,6,2025,32,13945.11,435.78
NEO,7,2025,55,17618.03,320.33
NEO,8,2025,47,8690.15,184.9
NEO,9,2025,31,4003.45,129.14
NEO,10,2025,39,11634.96,298.33
NEO,11,2025,23,7895.0,343.26
NEO,12,2025,18,2478.8,137.71
NEO,1,2026,8,898.74,112.34
NEO,2,2026,26,4574.68,175.95
NEO,3,2026,9,476.41,52.93
NEO,4,2026,3,156.98,52.33
NEO,5,2026,14,465.36,33.24
NEO,6,2026,201,22671.99,112.8
NULS,8,2019,1,4975.11,4975.11
NULS,12,2019,1995,406350.73,203.68
NULS,1,2020,1791,435356.75,243.08
NULS,2,2020,1981,813343.88,410.57
NULS,3,2020,2671,955260.37,357.64
NULS,4,2020,4368,1663305.24,380.79
NULS,5,2020,6029,2307107.77,382.67
NULS,6,2020,9589,5217800.75,544.14
NULS,7,2020,10527,7084614.15,672.99
NULS,8,2020,5683,3092648.03,544.19
NULS,9,2020,3889,1708145.42,439.22
NULS,10,2020,3589,1361886.73,379.46
NULS,11,2020,8232,3356760.31,407.77
NULS,12,2020,9276,3448895.84,371.81
NULS,1,2021,16343,7051033.4,431.44
NULS,2,2021,23645,11936199.18,504.81
NULS,3,2021,30974,23451749.83,757.14
NULS,4,2021,34485,27203739.64,788.86
NULS,5,2021,21650,15839586.2,731.62
NULS,6,2021,6468,3192167.52,493.53
NULS,7,2021,5562,2526222.47,454.19
NULS,8,2021,15502,8937778.51,576.56
NULS,9,2021,9412,5399289.32,573.66
NULS,10,2021,14128,9240454.63,654.05
NULS,11,2021,5438,4062750.88,747.1
NULS,12,2021,40949,62952186.98,1537.33
NULS,1,2022,5842,5256259.4,899.74
NULS,2,2022,7742,7605953.88,982.43
NULS,3,2022,4970,4630886.27,931.77
NULS,4,2022,6743,6547359.84,970.99
NULS,5,2022,6199,3428507.99,553.07
NULS,6,2022,5006,2252685.26,450.0
NULS,7,2022,6544,3374700.69,515.69
NULS,8,2022,3981,2164459.51,543.7
NULS,9,2022,2630,997556.4,379.3
NULS,10,2022,5605,2941805.21,524.85
NULS,11,2022,3446,1500654.39,435.48
NULS,12,2022,3667,1733305.39,472.68
NULS,1,2023,1838,787291.95,428.34
NULS,2,2023,1992,840020.3,421.7
NULS,3,2023,1471,530626.93,360.73
NULS,4,2023,904,290910.5,321.8
NULS,5,2023,726,160813.21,221.51
NULS,6,2023,1314,332111.67,252.75
NULS,7,2023,769,194316.14,252.69
NULS,8,2023,603,135952.62,225.46
NULS,9,2023,399,85696.75,214.78
NULS,10,2023,630,167201.05,265.4
NULS,11,2023,555,114269.82,205.89
NULS,12,2023,1285,214803.7,167.16
NULS,1,2024,183,60547.77,330.86
NULS,2,2024,535,204195.5,381.67
NULS,3,2024,3624,1542642.29,425.67
NULS,4,2024,1099,480497.35,437.21
NULS,5,2024,399,156897.93,393.23
NULS,6,2024,433,154206.9,356.14
NULS,7,2024,396,159249.35,402.14
NULS,8,2024,1279,786604.06,615.01
NULS,9,2024,1426,978263.87,686.02
NULS,10,2024,658,314091.52,477.34
NULS,11,2024,980,328152.19,334.85
NULS,12,2024,1122,456047.62,406.46
NULS,1,2025,435,109296.07,251.26
NULS,2,2025,278,93695.6,337.03
NULS,3,2025,759,304036.54,400.58
NULS,4,2025,2314,556516.39,240.5
NULS,5,2025,1887,330674.11,175.24
NULS,6,2025,8805,818948.99,93.01
NULS,7,2025,2675,231193.7,86.43
NULS,8,2025,1452,123060.43,84.75
NULS,9,2025,2846,201318.28,70.74
NULS,10,2025,404,57664.39,142.73
NULS,11,2025,338,36787.34,108.84
NULS,12,2025,151,13622.56,90.22
NULS,1,2026,196,21673.78,110.58
NULS,2,2026,326,22311.83,68.44
OKB,7,2020,1,208.52,208.52
OKB,3,2022,396,78248.71,197.6
OKB,4,2022,735,192965.11,262.54
OKB,5,2022,172,9149.8,53.2
OKB,6,2022,224,16568.32,73.97
OKB,7,2022,227,23014.13,101.38
OKB,8,2022,352,29479.13,83.75
OKB,9,2022,289,17039.31,58.96
OKB,10,2022,175,26492.95,151.39
OKB,11,2022,172,19780.02,115.0
OKB,12,2022,118,14954.13,126.73
OKB,1,2023,190,27989.23,147.31
OKB,2,2023,264,54913.41,208.01
OKB,3,2023,127,17582.77,138.45
OKB,4,2023,173,27524.66,159.1
OKB,5,2023,95,8019.08,84.41
OKB,6,2023,63,6698.36,106.32
OKB,7,2023,46,3182.9,69.19
OKB,8,2023,101,8957.77,88.69
OKB,9,2023,19,3824.99,201.32
OKB,10,2023,44,9226.58,209.69
OKB,11,2023,124,29058.85,234.35
OKB,12,2023,123,28672.4,233.11
OKB,1,2024,152,27343.83,179.89
OKB,2,2024,273,66398.67,243.22
OKB,3,2024,401,106626.51,265.9
OKB,4,2024,225,45836.1,203.72
OKB,5,2024,164,27245.09,166.13
OKB,6,2024,105,24294.4,231.38
OKB,7,2024,167,44737.74,267.89
OKB,8,2024,102,11309.6,110.88
OKB,9,2024,213,26057.67,122.34
OKB,10,2024,84,6937.69,82.59
OKB,11,2024,339,41854.4,123.46
OKB,12,2024,237,27454.88,115.84
OMG,8,2019,447,42499.6,95.08
OMG,9,2019,367,32391.36,88.26
OMG,10,2019,340,30100.97,88.53
OMG,11,2019,141,45947.81,325.87
OMG,12,2019,52,43101.48,828.87
OMG,1,2020,185,103193.09,557.8
OMG,2,2020,269,151346.27,562.63
OMG,3,2020,166,124295.91,748.77
OMG,4,2020,1847,924422.07,500.5
OMG,5,2020,14132,20938854.72,1481.66
OMG,6,2020,3820,4171241.87,1091.95
OMG,7,2020,2131,2032502.68,953.78
OMG,8,2020,17197,28382995.11,1650.46
OMG,9,2020,7770,10747653.57,1383.22
OMG,10,2020,4674,6214198.49,1329.52
OMG,11,2020,5594,8374963.15,1497.13
OMG,12,2020,3502,3568449.1,1018.97
OMG,1,2021,7230,7715932.63,1067.21
OMG,2,2021,11504,10587913.41,920.37
OMG,3,2021,8576,6546777.5,763.38
OMG,4,2021,14851,13886665.88,935.07
OMG,5,2021,14947,16147067.52,1080.29
OMG,6,2021,8484,3467050.96,408.66
OMG,7,2021,6219,1769063.11,284.46
OMG,8,2021,18424,4997771.16,271.26
OMG,9,2021,100166,28086966.89,280.4
OMG,10,2021,36111,41626913.66,1152.75
OMG,11,2021,50087,55450402.27,1107.08
OMG,12,2021,10563,7006060.9,663.26
OMG,1,2022,6446,3662352.24,568.16
OMG,2,2022,3099,1172768.96,378.43
OMG,3,2022,5461,3085628.4,565.03
OMG,4,2022,2857,1586235.61,555.21
OMG,5,2022,3989,704405.81,176.59
OMG,6,2022,3854,2009095.48,521.3
OMG,7,2022,2804,1482618.57,528.75
OMG,8,2022,1917,283424.48,147.85
OMG,9,2022,1990,363999.9,182.91
OMG,10,2022,1099,173824.22,158.17
OMG,11,2022,1890,350087.57,185.23
OMG,12,2022,903,114404.39,126.69
OMG,1,2023,905,165224.38,182.57
OMG,2,2023,1895,538145.84,283.98
OMG,3,2023,4547,1319075.2,290.1
OMG,4,2023,3766,851714.13,226.16
OMG,5,2023,3173,356653.14,112.4
OMG,6,2023,3536,305922.52,86.52
OMG,7,2023,2462,224736.73,91.28
OMG,8,2023,2930,187546.58,64.01
OMG,9,2023,3337,127685.22,38.26
OMG,10,2023,2377,176205.03,74.13
OMG,11,2023,2183,286267.81,131.14
OMG,12,2023,3788,512203.26,135.22
OMG,1,2024,10082,309160.47,30.66
OMG,2,2024,5395,323584.65,59.98
OMG,3,2024,7928,1260065.74,158.94
OMG,4,2024,5452,560216.1,102.75
OMG,5,2024,3070,369269.59,120.28
OMG,6,2024,5670,994517.94,175.4
OMG,7,2024,1429,100407.68,70.26
OMG,8,2024,1395,87327.87,62.6
OMG,9,2024,1879,148450.8,79.01
OMG,10,2024,3105,389044.73,125.3
OMG,11,2024,2595,471831.8,181.82
OMG,12,2024,2757,563973.19,204.56
OMG,1,2025,2013,305083.73,151.56
OMG,2,2025,855,84968.01,99.38
OMG,3,2025,1038,88747.02,85.5
OMG,4,2025,3805,165776.14,43.57
OMG,5,2025,1271,121731.28,95.78
OMG,6,2025,800,162074.23,202.59
OMG,7,2025,693,79376.69,114.54
OMG,8,2025,638,47471.38,74.41
OMG,9,2025,463,38699.73,83.58
OMG,10,2025,542,358793.24,661.98
OMG,11,2025,25,1638.49,65.54
OMG,12,2025,66,7336.56,111.16
OMG,1,2026,22,1055.75,47.99
OMG,2,2026,112,11409.21,101.87
OMG,3,2026,35,2937.9,83.94
OMG,4,2026,19,1156.54,60.87
OMG,5,2026,83,11638.13,140.22
OMG,6,2026,6,139.48,23.25
PAX,4,2020,1,38667.16,38667.16
PAX,5,2020,2,26725.98,13362.99
PAX,6,2020,11,5352681.38,486607.4
PAX,7,2020,2,40207.35,20103.68
PAX,8,2020,4,50900.04,12725.01
PAX,9,2020,3,84122.85,28040.95
PAX,10,2020,1,33480.0,33480.0
PAX,11,2020,611,65632207.95,107417.69
PAX,12,2020,359,45130417.61,125711.47
PAX,2,2021,1,26935.0,26935.0
PAX,3,2021,95,16875854.39,177640.57
PAX,4,2021,51,4094113.5,80276.74
PAX,5,2021,82,14004947.41,170792.04
PAX,6,2021,57,3708819.38,65067.01
PAX,7,2021,79,5913834.98,74858.67
PAX,8,2021,37,3084261.05,83358.41
PAX,9,2021,10,401848.13,40184.81
PAX,10,2021,12,1022994.86,85249.57
PAX,11,2021,10,176629.11,17662.91
PAX,12,2021,10,193986.66,19398.67
PAX,1,2022,10,170702.45,17070.25
PAX,2,2022,18,156298.34,8683.24
PAX,3,2022,9,103331.65,11481.29
PAX,4,2022,23,24324.37,1057.58
PAX,5,2022,30,4816.81,160.56
PAX,6,2022,23,835.99,36.35
PAX,7,2022,13,870.17,66.94
PAX,8,2022,13,1279.77,98.44
PAX,9,2022,12,1347.09,112.26
PAX,10,2022,12,5714.48,476.21
PAX,11,2022,14,989.23,70.66
PAX,12,2022,6,1286.19,214.36
PAX,1,2023,11,610.23,55.48
PAX,2,2023,8,159.86,19.98
PAX,3,2023,9,271.88,30.21
PAX,4,2023,20,3516.88,175.84
PAX,5,2023,15,466.64,31.11
PAX,6,2023,11,2361.43,214.68
PAX,7,2023,3,165.6,55.2
PAX,8,2023,6,506.05,84.34
PAX,9,2023,5,40.81,8.16
PAX,10,2023,3,20.45,6.82
PAX,11,2023,6,1064.55,177.42
PAX,12,2023,20,2411.39,120.57
PAX,1,2024,8,244.16,30.52
PAX,2,2024,6,211.54,35.26
PAX,3,2024,9,189.18,21.02
PAX,4,2024,114,10420.7,91.41
PAX,5,2024,25,1642.46,65.7
PAX,6,2024,25,1473.98,58.96
PAX,7,2024,25,1960.93,78.44
PAX,8,2024,31,783.86,25.29
PAX,9,2024,26,454.44,17.48
PAX,10,2024,21,758.86,36.14
PAX,11,2024,33,1693.7,51.32
PAX,12,2024,142,3630.81,25.57
PAX,1,2025,37,2047.95,55.35
PAX,2,2025,15,1963.17,130.88
PAX,3,2025,23,538.85,23.43
PAX,4,2025,16,463.58,28.97
PAX,5,2025,12,113.43,9.45
PAX,6,2025,8,245.82,30.73
PAX,7,2025,18,134.79,7.49
PAX,8,2025,18,2563.77,142.43
PAX,9,2025,1,10.0,10.0
PAX,10,2025,10,4969.27,496.93
PAX,11,2025,5,6628.67,1325.73
PAX,12,2025,3,110.68,36.89
PAX,1,2026,10,4153.65,415.36
PAX,2,2026,3,119.34,39.78
PAX,3,2026,2,180.1,90.05
PAX,4,2026,11,3752.03,341.09
PAX,5,2026,6,2358.51,393.08
PAXG,11,2019,12,66000.0,5500.0
PAXG,12,2019,2,51000.0,25500.0
PAXG,1,2020,7,105500.0,15071.43
PAXG,2,2020,9,44900.5,4988.94
PAXG,3,2020,22,26484.6,1203.85
PAXG,4,2020,17,66747.28,3926.31
PAXG,5,2020,68,36771.65,540.76
PAXG,6,2020,198,90917.36,459.18
PAXG,7,2020,106,4922.39,46.44
PAXG,8,2020,13104,7736415.33,590.39
PAXG,9,2020,4608,1980805.33,429.86
PAXG,10,2020,3800,1615695.11,425.18
PAXG,11,2020,10022,6063129.5,604.98
PAXG,12,2020,12437,4796373.69,385.65
PAXG,1,2021,26883,12967371.55,482.36
PAXG,2,2021,25720,13598187.9,528.7
PAXG,3,2021,20130,10898395.62,541.4
PAXG,4,2021,28803,18342491.41,636.83
PAXG,5,2021,20964,13738443.33,655.34
PAXG,6,2021,8529,8732399.03,1023.85
PAXG,7,2021,6389,2851644.41,446.34
PAXG,8,2021,11922,4894209.59,410.52
PAXG,9,2021,9249,3378778.69,365.31
PAXG,10,2021,13300,4380105.18,329.33
PAXG,11,2021,12540,4118313.58,328.41
PAXG,12,2021,8940,3246038.65,363.09
PAXG,1,2022,6501,3277233.87,504.11
PAXG,2,2022,10092,3234009.01,320.45
PAXG,3,2022,9299,3064746.56,329.58
PAXG,4,2022,9586,1894781.93,197.66
PAXG,5,2022,9329,25096676.53,2690.18
PAXG,6,2022,7304,1451960.39,198.79
PAXG,7,2022,5164,965115.43,186.89
PAXG,8,2022,3580,828469.49,231.42
PAXG,9,2022,2862,539208.15,188.4
PAXG,10,2022,1979,576261.33,291.19
PAXG,11,2022,3562,1577742.12,442.94
PAXG,12,2022,2512,868336.69,345.68
PAXG,1,2023,3224,909578.7,282.13
PAXG,2,2023,3436,3599832.64,1047.68
PAXG,3,2023,4116,1402073.28,340.64
PAXG,4,2023,2314,507943.71,219.51
PAXG,5,2023,2351,593366.9,252.39
PAXG,6,2023,1900,452261.17,238.03
PAXG,7,2023,1948,431011.88,221.26
PAXG,8,2023,2490,521836.79,209.57
PAXG,9,2023,1765,286368.63,162.25
PAXG,10,2023,3161,497839.11,157.49
PAXG,11,2023,3617,693270.74,191.67
PAXG,12,2023,3918,558166.34,142.46
PAXG,1,2024,3447,540713.88,156.87
PAXG,2,2024,4304,631102.76,146.63
PAXG,3,2024,7163,1066241.88,148.85
PAXG,4,2024,6259,1530802.62,244.58
PAXG,5,2024,4264,513661.31,120.46
PAXG,6,2024,4259,610518.64,143.35
PAXG,7,2024,5288,904179.47,170.99
PAXG,8,2024,4461,846193.47,189.69
PAXG,9,2024,4309,821531.5,190.65
PAXG,10,2024,7206,1584013.42,219.82
PAXG,11,2024,10035,2072232.21,206.5
PAXG,12,2024,7819,2462823.81,314.98
PAXG,1,2025,8190,3140976.16,383.51
PAXG,2,2025,8159,2427848.59,297.57
PAXG,3,2025,9027,1462451.07,162.01
PAXG,4,2025,12219,5281011.66,432.2
PAXG,5,2025,10788,2894804.41,268.34
PAXG,6,2025,11584,2822301.63,243.64
PAXG,7,2025,13015,2586615.64,198.74
PAXG,8,2025,10176,2273021.07,223.37
PAXG,9,2025,16139,6230465.03,386.05
PAXG,10,2025,26114,57179943.52,2189.63
PAXG,11,2025,19516,7155064.21,366.63
PAXG,12,2025,14349,5173892.0,360.58
PAXG,1,2026,23096,13560139.45,587.12
PAXG,2,2026,18942,13283999.1,701.3
PAXG,3,2026,14974,10185312.96,680.2
PAXG,4,2026,13296,3690294.64,277.55
PAXG,5,2026,33133,11291512.3,340.79
PAXG,6,2026,20771,4890970.69,235.47
PUNDIX,4,2021,33184,29467736.18,888.01
PUNDIX,5,2021,24025,18184315.51,756.89
PUNDIX,6,2021,8133,4725601.73,581.04
PUNDIX,7,2021,10876,7417785.32,682.03
PUNDIX,8,2021,12207,9549969.94,782.34
PUNDIX,9,2021,5669,3909947.15,689.71
PUNDIX,10,2021,7493,5473225.01,730.45
PUNDIX,11,2021,2814,1714553.66,609.29
PUNDIX,12,2021,1759,967328.35,549.93
PUNDIX,1,2022,975,528413.11,541.96
PUNDIX,2,2022,1242,716632.1,577.0
PUNDIX,3,2022,933,529001.94,566.99
PUNDIX,4,2022,1840,1141986.45,620.64
PUNDIX,5,2022,790,331249.01,419.3
PUNDIX,6,2022,576,161846.78,280.98
PUNDIX,7,2022,1673,853863.4,510.38
PUNDIX,8,2022,3303,1500826.24,454.38
PUNDIX,9,2022,3666,2225221.54,606.99
PUNDIX,10,2022,1034,476418.98,460.75
PUNDIX,11,2022,677,224941.64,332.26
PUNDIX,12,2022,518,153750.5,296.82
PUNDIX,1,2023,463,135040.7,291.66
PUNDIX,2,2023,711,241679.99,339.92
PUNDIX,3,2023,272,55069.99,202.46
PUNDIX,4,2023,164,27805.93,169.55
PUNDIX,5,2023,138,18195.64,131.85
PUNDIX,6,2023,161,26197.93,162.72
PUNDIX,7,2023,207,41910.85,202.47
PUNDIX,8,2023,145,31337.54,216.12
PUNDIX,9,2023,74,16482.2,222.73
PUNDIX,10,2023,150,44200.73,294.67
PUNDIX,11,2023,163,48736.62,299.0
PUNDIX,12,2023,208,43633.23,209.78
PUNDIX,1,2024,172,24686.25,143.52
PUNDIX,2,2024,197,30950.77,157.11
PUNDIX,3,2024,710,246981.9,347.86
PUNDIX,4,2024,1849,512656.44,277.26
PUNDIX,5,2024,380,105712.45,278.19
PUNDIX,6,2024,237,42594.55,179.72
PUNDIX,7,2024,246,37101.61,150.82
PUNDIX,8,2024,114,27599.79,242.1
PUNDIX,9,2024,205,27153.19,132.45
PUNDIX,10,2024,122,22823.68,187.08
PUNDIX,11,2024,526,149658.19,284.52
PUNDIX,12,2024,276,129739.92,470.07
PUNDIX,1,2025,429,98988.47,230.74
PUNDIX,2,2025,51,4399.53,86.27
PUNDIX,3,2025,48,6435.01,134.06
PUNDIX,4,2025,275,206522.67,750.99
PUNDIX,5,2025,388,78236.71,201.64
PUNDIX,6,2025,72,26622.14,369.75
PUNDIX,7,2025,145,62105.34,428.31
PUNDIX,8,2025,57,23729.09,416.3
PUNDIX,9,2025,28,3168.18,113.15
PUNDIX,10,2025,138,33151.24,240.23
PUNDIX,11,2025,35,8004.54,228.7
PUNDIX,12,2025,23,3649.59,158.68
PUNDIX,1,2026,40,5684.24,142.11
PUNDIX,2,2026,60,26189.54,436.49
PUNDIX,3,2026,14,840.88,60.06
PUNDIX,4,2026,11,1044.62,94.97
PUNDIX,5,2026,34,3082.37,90.66
PUNDIX,6,2026,209,30997.91,148.32
SNX,7,2020,1,5295.5,5295.5
SNX,8,2020,1,613.18,613.18
SNX,12,2020,8,160941.39,20117.67
SNX,1,2021,37,329400.59,8902.72
SNX,2,2021,46,173657.1,3775.15
SNX,3,2021,28,86189.64,3078.2
SNX,4,2021,23,48069.04,2089.96
SNX,5,2021,21938,17191422.52,783.64
SNX,6,2021,13506,4691318.72,347.35
SNX,7,2021,26616,19058711.2,716.06
SNX,8,2021,27731,19080666.23,688.06
SNX,9,2021,18396,15681440.31,852.44
SNX,10,2021,14848,10671212.76,718.7
SNX,11,2021,13440,9409433.39,700.11
SNX,12,2021,7212,3998234.99,554.39
SNX,1,2022,7799,4444015.23,569.82
SNX,2,2022,3907,1359869.75,348.06
SNX,3,2022,4646,1979912.21,426.15
SNX,4,2022,7332,3130083.67,426.91
SNX,5,2022,4079,935127.19,229.25
SNX,6,2022,6617,2201742.12,332.74
SNX,7,2022,6785,2621170.09,386.32
SNX,8,2022,4760,2410745.46,506.46
SNX,9,2022,4355,1479528.76,339.73
SNX,10,2022,3012,1015386.36,337.11
SNX,11,2022,3381,889740.01,263.16
SNX,12,2022,2175,458840.41,210.96
SNX,1,2023,3149,693103.44,220.1
SNX,2,2023,5509,2024564.43,367.5
SNX,3,2023,10009,3524497.78,352.13
SNX,4,2023,3287,966162.95,293.93
SNX,5,2023,2207,957399.64,433.8
SNX,6,2023,2774,663556.6,239.21
SNX,7,2023,5454,1585506.21,290.71
SNX,8,2023,3232,738393.88,228.46
SNX,9,2023,3184,736719.81,231.38
SNX,10,2023,2797,663597.27,237.25
SNX,11,2023,6227,3398862.31,545.83
SNX,12,2023,10141,5110239.53,503.92
SNX,1,2024,25016,3366338.76,134.57
SNX,2,2024,13705,9661288.31,704.95
SNX,3,2024,16270,10347186.07,635.97
SNX,4,2024,13011,6582817.83,505.94
SNX,5,2024,7467,2516491.19,337.02
SNX,6,2024,6418,3141966.2,489.56
SNX,7,2024,6895,2004793.36,290.76
SNX,8,2024,5728,2096156.58,365.95
SNX,9,2024,3111,1105947.25,355.5
SNX,10,2024,4138,1227123.4,296.55
SNX,11,2024,8992,5121875.0,569.6
SNX,12,2024,11325,4245745.39,374.9
SNX,1,2025,6137,2819919.58,459.49
SNX,2,2025,4724,1558873.04,329.99
SNX,3,2025,2923,651027.91,222.73
SNX,4,2025,2585,752194.39,290.98
SNX,5,2025,3317,723336.56,218.07
SNX,6,2025,2422,779463.33,321.83
SNX,7,2025,4822,1106559.88,229.48
SNX,8,2025,3905,1579478.8,404.48
SNX,9,2025,5214,4527034.92,868.25
SNX,10,2025,17175,29427348.58,1713.38
SNX,11,2025,3786,1421147.44,375.37
SNX,12,2025,2838,505186.08,178.01
SNX,1,2026,2718,756073.54,278.17
SNX,2,2026,4207,922535.97,219.29
SNX,3,2026,2833,239057.77,84.38
SNX,4,2026,2122,231815.28,109.24
SNX,5,2026,1736,122358.16,70.48
SNX,6,2026,2401,154124.14,64.19
SOL,8,2020,1,14322.0,14322.0
SOL,9,2020,2,54774.26,27387.13
SOL,11,2020,2,1829.21,914.6
SOL,12,2020,8,357.67,44.71
SOL,1,2021,12,3706.55,308.88
SOL,2,2021,65,77384.27,1190.53
SOL,3,2021,25,49357.0,1974.28
SOL,4,2021,125,1024317.77,8194.54
SOL,5,2021,149,1289233.63,8652.57
SOL,6,2021,125,177359.27,1418.87
SOL,7,2021,4538,5875836.76,1294.81
SOL,8,2021,33457,61203288.11,1829.31
SOL,9,2021,62791,165328064.07,2632.99
SOL,10,2021,36563,75482852.68,2064.46
SOL,11,2021,44174,72842958.27,1649.0
SOL,12,2021,96126,119780683.84,1246.08
SOL,1,2022,55726,48101173.7,863.17
SOL,2,2022,56924,84553858.64,1485.38
SOL,3,2022,46613,25823858.35,554.01
SOL,4,2022,43561,28998946.3,665.71
SOL,5,2022,43923,239733030.31,5458.03
SOL,6,2022,38302,18806395.42,491.0
SOL,7,2022,39831,18903375.08,474.59
SOL,8,2022,34328,14129378.69,411.6
SOL,9,2022,25693,8368010.22,325.69
SOL,10,2022,20212,6572850.91,325.2
SOL,11,2022,62740,30134894.77,480.31
SOL,12,2022,36300,23209321.4,639.38
SOL,1,2023,142920,35239289.0,246.57
SOL,2,2023,87127,27306408.79,313.41
SOL,3,2023,73792,23730754.98,321.59
SOL,4,2023,69598,17930728.62,257.63
SOL,5,2023,51584,10932790.46,211.94
SOL,6,2023,61023,16542526.18,271.09
SOL,7,2023,103986,26216526.9,252.12
SOL,8,2023,48817,13730311.3,281.26
SOL,9,2023,60465,13114115.31,216.89
SOL,10,2023,222771,56709838.66,254.57
SOL,11,2023,385332,201756743.77,523.59
SOL,12,2023,199911,145992622.19,730.29
SOL,1,2024,139072,119936038.96,862.4
SOL,2,2024,365545,232175650.48,635.15
SOL,3,2024,866468,665848012.21,768.46
SOL,4,2024,522555,481587733.25,921.6
SOL,5,2024,446003,360840898.55,809.05
SOL,6,2024,384200,276495494.95,719.67
SOL,7,2024,513893,475361763.45,925.02
SOL,8,2024,509467,641186595.84,1258.54
SOL,9,2024,355320,376710877.05,1060.2
SOL,10,2024,443657,510726680.79,1151.17
SOL,11,2024,1011995,1296593147.12,1281.22
SOL,12,2024,1029695,999816477.32,970.98
SOL,1,2025,1153411,1386110177.91,1201.75
SOL,2,2025,684092,728259366.99,1064.56
SOL,3,2025,767281,749346595.59,976.63
SOL,4,2025,501304,475527611.94,948.58
SOL,5,2025,551602,514463494.52,932.67
SOL,6,2025,431137,369083780.43,856.07
SOL,7,2025,591119,738873781.91,1249.96
SOL,8,2025,611700,790871828.38,1292.91
SOL,9,2025,603157,726086409.59,1203.81
SOL,10,2025,624616,838606445.51,1342.6
SOL,11,2025,537835,551414870.79,1025.25
SOL,12,2025,273238,285618389.71,1045.31
SOL,1,2026,409740,364846749.71,890.43
SOL,2,2026,422926,282041248.72,666.88
SOL,3,2026,356173,288786112.44,810.8
SOL,4,2026,328514,180518306.16,549.5
SOL,5,2026,327675,173246815.8,528.72
SOL,6,2026,323532,163491302.74,505.33
SUSHI,11,2020,2,49396.18,24698.09
SUSHI,12,2020,6,5238.48,873.08
SUSHI,1,2021,35,58168.45,1661.96
SUSHI,2,2021,68,64111.32,942.81
SUSHI,3,2021,33,18414.13,558.0
SUSHI,4,2021,73,21800.42,298.64
SUSHI,5,2021,10352,6534474.72,631.23
SUSHI,6,2021,11388,6934348.47,608.92
SUSHI,7,2021,10523,7881659.51,748.99
SUSHI,8,2021,13505,10477375.16,775.81
SUSHI,9,2021,30888,25370317.24,821.36
SUSHI,10,2021,18906,13502655.66,714.2
SUSHI,11,2021,30496,24352408.17,798.54
SUSHI,12,2021,43648,31431789.84,720.12
SUSHI,1,2022,22756,13424974.84,589.95
SUSHI,2,2022,10202,4608265.9,451.7
SUSHI,3,2022,9237,3813884.42,412.89
SUSHI,4,2022,6792,3583657.84,527.63
SUSHI,5,2022,7237,1426135.58,197.06
SUSHI,6,2022,6593,1451536.07,220.16
SUSHI,7,2022,7284,1847957.78,253.7
SUSHI,8,2022,5627,1542328.42,274.09
SUSHI,9,2022,3642,926168.33,254.3
SUSHI,10,2022,6972,2149811.26,308.35
SUSHI,11,2022,6780,2175532.37,320.87
SUSHI,12,2022,3954,836783.12,211.63
SUSHI,1,2023,3032,989191.13,326.25
SUSHI,2,2023,3049,1074827.85,352.52
SUSHI,3,2023,2691,1069208.37,397.33
SUSHI,4,2023,2125,493229.69,232.11
SUSHI,5,2023,1634,263574.36,161.31
SUSHI,6,2023,2113,280571.71,132.78
SUSHI,7,2023,2146,276423.22,128.81
SUSHI,8,2023,1884,249178.41,132.26
SUSHI,9,2023,1552,147018.81,94.73
SUSHI,10,2023,3136,399511.58,127.4
SUSHI,11,2023,8944,1756372.0,196.37
SUSHI,12,2023,4142,786794.0,189.96
SUSHI,1,2024,9406,458096.54,48.7
SUSHI,2,2024,8904,1533878.56,172.27
SUSHI,3,2024,10887,2424969.19,222.74
SUSHI,4,2024,6441,1291078.43,200.45
SUSHI,5,2024,3685,783740.41,212.68
SUSHI,6,2024,2796,790177.86,282.61
SUSHI,7,2024,2731,657165.15,240.63
SUSHI,8,2024,2660,291441.79,109.56
SUSHI,9,2024,1650,260151.94,157.67
SUSHI,10,2024,2238,386995.37,172.92
SUSHI,11,2024,5536,1157597.84,209.1
SUSHI,12,2024,10137,4247798.2,419.04
SUSHI,1,2025,4509,1144447.96,253.81
SUSHI,2,2025,1978,327958.66,165.8
SUSHI,3,2025,1452,252935.02,174.2
SUSHI,4,2025,1314,160543.4,122.18
SUSHI,5,2025,1563,341337.42,218.39
SUSHI,6,2025,1557,248239.87,159.43
SUSHI,7,2025,3145,598012.37,190.15
SUSHI,8,2025,1675,335477.93,200.29
SUSHI,9,2025,1152,214274.88,186.0
SUSHI,10,2025,1820,195227.92,107.27
SUSHI,11,2025,1646,289142.85,175.66
SUSHI,12,2025,1313,90976.68,69.29
SUSHI,1,2026,1413,212288.88,150.24
SUSHI,2,2026,2020,171467.97,84.89
SUSHI,3,2026,1001,78744.62,78.67
SUSHI,4,2026,1730,234658.52,135.64
SUSHI,5,2026,1436,92162.06,64.18
SUSHI,6,2026,1930,92183.85,47.76
THETA,8,2019,3,874.49,291.5
THETA,5,2020,5,55768.94,11153.79
THETA,6,2020,3,70946.87,23648.96
THETA,11,2020,16,11178.48,698.66
THETA,12,2020,17,127387.5,7493.38
THETA,1,2021,12,196650.26,16387.52
THETA,2,2021,27,33075.39,1225.01
THETA,3,2021,159,2150143.35,13522.91
THETA,4,2021,77,565215.55,7340.46
THETA,5,2021,55,38941.11,708.02
THETA,6,2021,6190,5341398.02,862.91
THETA,7,2021,6212,5102378.37,821.37
THETA,8,2021,7873,6599182.29,838.2
THETA,9,2021,5662,3974410.48,701.94
THETA,10,2021,5717,4413553.87,772.01
THETA,11,2021,3615,2389482.89,660.99
THETA,12,2021,2237,1327528.77,593.44
THETA,1,2022,2080,948704.87,456.11
THETA,2,2022,1962,1128138.17,574.99
THETA,3,2022,1160,534567.21,460.83
THETA,4,2022,917,443039.36,483.14
THETA,5,2022,958,362746.53,378.65
THETA,6,2022,1613,555090.48,344.14
THETA,7,2022,1458,455519.82,312.43
THETA,8,2022,1455,500716.95,344.14
THETA,9,2022,387,164152.49,424.17
THETA,10,2022,382,87546.21,229.18
THETA,11,2022,317,131348.66,414.35
THETA,12,2022,415,45357.91,109.3
THETA,1,2023,456,186158.42,408.24
THETA,2,2023,485,156172.2,322.0
THETA,3,2023,130,18635.0,143.35
THETA,4,2023,188,36233.27,192.73
THETA,5,2023,62,6540.98,105.5
THETA,6,2023,80,6769.41,84.62
THETA,7,2023,82,6530.2,79.64
THETA,8,2023,134,24337.68,181.62
THETA,9,2023,65,8104.39,124.68
THETA,10,2023,105,14892.77,141.84
THETA,11,2023,277,70037.84,252.84
THETA,12,2023,342,101532.08,296.88
THETA,1,2024,212,57761.65,272.46
THETA,2,2024,576,334708.96,581.09
THETA,3,2024,1399,693590.33,495.78
THETA,4,2024,734,363664.44,495.46
THETA,5,2024,659,384783.07,583.89
THETA,6,2024,559,222683.4,398.36
THETA,7,2024,217,51746.12,238.46
THETA,8,2024,85,6941.25,81.66
THETA,9,2024,146,37862.96,259.34
THETA,10,2024,236,93613.62,396.67
THETA,11,2024,815,738655.96,906.33
THETA,12,2024,818,405135.34,495.28
THETA,1,2025,351,147152.66,419.24
THETA,2,2025,140,16687.67,119.2
THETA,3,2025,68,10119.71,148.82
THETA,4,2025,119,42393.89,356.25
THETA,5,2025,143,20380.58,142.52
THETA,6,2025,89,26739.93,300.45
THETA,7,2025,130,40092.42,308.4
THETA,8,2025,75,7185.6,95.81
THETA,9,2025,73,10343.81,141.7
THETA,10,2025,90,16037.54,178.19
THETA,11,2025,73,5889.93,80.68
THETA,12,2025,47,2825.69,60.12
THETA,1,2026,84,11273.5,134.21
THETA,2,2026,47,1745.5,37.14
THETA,3,2026,30,34476.98,1149.23
THETA,4,2026,82,20634.74,251.64
THETA,5,2026,175,21633.33,123.62
THETA,6,2026,242,17497.71,72.3
TRX,8,2019,606,82507.43,136.15
TRX,9,2019,688,368796.96,536.04
TRX,10,2019,1418,1312221.52,925.4
TRX,11,2019,1208,1306904.67,1081.87
TRX,12,2019,622,322509.74,518.5
TRX,1,2020,1958,545713.65,278.71
TRX,2,2020,2052,738733.15,360.01
TRX,3,2020,1808,409256.35,226.36
TRX,4,2020,1823,765297.31,419.8
TRX,5,2020,2886,972892.62,337.11
TRX,6,2020,2113,664506.07,314.48
TRX,7,2020,2779,908337.99,326.86
TRX,8,2020,6780,3003244.73,442.96
TRX,9,2020,8941,7335156.98,820.4
TRX,10,2020,3399,1984715.43,583.91
TRX,11,2020,4729,2422484.41,512.26
TRX,12,2020,5347,2732181.9,510.97
TRX,1,2021,14905,8396147.94,563.31
TRX,2,2021,30905,16755570.54,542.16
TRX,3,2021,28263,17210429.74,608.94
TRX,4,2021,81645,67963665.29,832.43
TRX,5,2021,42009,27639926.86,657.95
TRX,6,2021,14653,6861135.42,468.24
TRX,7,2021,7320,2840917.34,388.1
TRX,8,2021,13476,6365944.31,472.39
TRX,9,2021,13867,8731266.32,629.64
TRX,10,2021,11562,5749097.32,497.24
TRX,11,2021,11931,6069572.49,508.72
TRX,12,2021,7623,2980685.04,391.01
TRX,1,2022,7882,2474094.69,313.89
TRX,2,2022,7879,3011402.86,382.21
TRX,3,2022,7112,2244571.58,315.6
TRX,4,2022,7438,2977190.42,400.27
TRX,5,2022,12487,6644918.0,532.15
TRX,6,2022,10038,6997014.22,697.05
TRX,7,2022,7990,3857001.62,482.73
TRX,8,2022,5303,1394182.36,262.9
TRX,9,2022,4487,1100371.62,245.24
TRX,10,2022,4572,1135468.09,248.35
TRX,11,2022,4713,1322595.96,280.63
TRX,12,2022,4497,1100182.23,244.65
TRX,1,2023,3951,958716.34,242.65
TRX,2,2023,4201,1057728.72,251.78
TRX,3,2023,15677,2069822.46,132.03
TRX,4,2023,21476,1984790.53,92.42
TRX,5,2023,13430,1847404.31,137.56
TRX,6,2023,11538,1174423.81,101.79
TRX,7,2023,10267,1356790.27,132.15
TRX,8,2023,7680,983830.1,128.1
TRX,9,2023,4539,1218162.94,268.38
TRX,10,2023,3687,825135.72,223.8
TRX,11,2023,4681,1158487.34,247.49
TRX,12,2023,7628,1716547.43,225.03
TRX,1,2024,19705,2952127.91,149.82
TRX,2,2024,27444,3766992.64,137.26
TRX,3,2024,25280,5274096.31,208.63
TRX,4,2024,17342,3438017.75,198.25
TRX,5,2024,17076,3057623.67,179.06
TRX,6,2024,17277,4280121.74,247.74
TRX,7,2024,17156,3925273.79,228.8
TRX,8,2024,21058,5131324.57,243.68
TRX,9,2024,17405,3473420.51,199.56
TRX,10,2024,20121,3546605.11,176.26
TRX,11,2024,31180,7058061.28,226.37
TRX,12,2024,54089,28664903.94,529.96
TRX,1,2025,26199,7244034.37,276.5
TRX,2,2025,17809,5249366.19,294.76
TRX,3,2025,16718,5387713.26,322.27
TRX,4,2025,18349,4368399.04,238.07
TRX,5,2025,17139,3826214.37,223.25
TRX,6,2025,17334,5858033.66,337.95
TRX,7,2025,27039,12622805.35,466.84
TRX,8,2025,22714,6810442.09,299.83
TRX,9,2025,17800,4288612.63,240.93
TRX,10,2025,21707,4712328.05,217.09
TRX,11,2025,18817,3728478.3,198.14
TRX,12,2025,14533,3632690.16,249.96
TRX,1,2026,13658,3063401.54,224.29
TRX,2,2026,11973,2970385.25,248.09
TRX,3,2026,12734,3041623.75,238.86
TRX,4,2026,14341,3767096.98,262.68
TRX,5,2026,15269,3307419.52,216.61
TRX,6,2026,13593,3780728.1,278.14
TUSD,8,2019,3302,1003540.86,303.92
TUSD,9,2019,1886,956419.12,507.12
TUSD,10,2019,1794,766533.4,427.28
TUSD,11,2019,1012,517848.35,511.71
TUSD,12,2019,956,372852.8,390.01
TUSD,1,2020,1316,580027.06,440.75
TUSD,2,2020,1873,1300052.91,694.1
TUSD,3,2020,2583,2859037.09,1106.87
TUSD,4,2020,2405,1362755.38,566.63
TUSD,5,2020,4028,3241146.61,804.65
TUSD,6,2020,4224,2122778.77,502.55
TUSD,7,2020,3507,1351984.67,385.51
TUSD,8,2020,4291,1820152.11,424.18
TUSD,9,2020,3078,1507104.25,489.64
TUSD,10,2020,4208,1102052.38,261.89
TUSD,11,2020,12352,2693626.97,218.07
TUSD,12,2020,5851,4139778.31,707.53
TUSD,1,2021,8347,4702427.78,563.37
TUSD,2,2021,11785,4596384.1,390.02
TUSD,3,2021,13351,4386096.15,328.52
TUSD,4,2021,21813,6793545.94,311.44
TUSD,5,2021,11409,6195267.43,543.02
TUSD,6,2021,4129,2150821.0,520.91
TUSD,7,2021,2982,1275440.92,427.71
TUSD,8,2021,4194,1465850.01,349.51
TUSD,9,2021,2918,1139397.5,390.47
TUSD,10,2021,2767,1140884.79,412.32
TUSD,11,2021,2157,954289.32,442.42
TUSD,12,2021,1248,633877.18,507.91
TUSD,1,2022,829,594716.78,717.39
TUSD,2,2022,637,389006.5,610.69
TUSD,3,2022,774,334753.49,432.5
TUSD,4,2022,619,253384.2,409.34
TUSD,5,2022,591,202817.97,343.18
TUSD,6,2022,496,287541.73,579.72
TUSD,7,2022,405,174571.38,431.04
TUSD,8,2022,464,172944.7,372.73
TUSD,9,2022,408,318707.76,781.15
TUSD,10,2022,375,201023.21,536.06
TUSD,11,2022,563,208808.69,370.89
TUSD,12,2022,169,34135.2,201.98
TUSD,1,2023,190,206263.29,1085.6
TUSD,2,2023,184,94005.15,510.9
TUSD,3,2023,248,289212.62,1166.18
TUSD,4,2023,382,168995.58,442.4
TUSD,5,2023,277,222061.12,801.66
TUSD,6,2023,154,122500.18,795.46
TUSD,7,2023,211,239765.21,1136.33
TUSD,8,2023,170,60887.48,358.16
TUSD,9,2023,131,60989.14,465.57
TUSD,10,2023,165,139279.83,844.12
TUSD,11,2023,192,92459.87,481.56
TUSD,12,2023,277,39530.98,142.71
TUSD,1,2024,309,117923.54,381.63
TUSD,2,2024,486,177681.25,365.6
TUSD,3,2024,891,227441.27,255.27
TUSD,4,2024,537,100872.63,187.84
TUSD,5,2024,432,82064.21,189.96
TUSD,6,2024,353,30929.02,87.62
TUSD,7,2024,297,41656.79,140.26
TUSD,8,2024,367,74237.7,202.28
TUSD,9,2024,271,70361.31,259.64
TUSD,10,2024,324,69275.56,213.81
TUSD,11,2024,640,129610.63,202.52
TUSD,12,2024,607,132003.65,217.47
TUSD,1,2025,674,155111.73,230.14
TUSD,2,2025,279,38490.78,137.96
TUSD,4,2025,77,12766.32,165.8
TUSD,6,2025,11,598.71,54.43
TUSD,7,2025,1,446.55,446.55
TUSD,8,2025,5,1325.72,265.14
UNI,9,2020,7,25.49,3.64
UNI,10,2020,5,8380.0,1676.0
UNI,11,2020,14,36436.58,2602.61
UNI,12,2020,7,4363.11,623.3
UNI,1,2021,30,21941.37,731.38
UNI,2,2021,60,122594.54,2043.24
UNI,3,2021,46,38930.58,846.32
UNI,4,2021,62,78470.87,1265.66
UNI,5,2021,45403,28907408.96,636.68
UNI,6,2021,18200,10117428.23,555.9
UNI,7,2021,17393,11618171.57,667.98
UNI,8,2021,40442,43377059.69,1072.57
UNI,9,2021,24526,21541851.94,878.33
UNI,10,2021,23334,16103056.04,690.11
UNI,11,2021,23915,12886668.15,538.85
UNI,12,2021,26115,9671757.13,370.35
UNI,1,2022,17694,6935433.23,391.97
UNI,2,2022,9236,3473421.36,376.07
UNI,3,2022,7459,4393439.85,589.01
UNI,4,2022,5982,5230345.44,874.35
UNI,5,2022,9444,26241347.83,2778.63
UNI,6,2022,10031,2017071.6,201.08
UNI,7,2022,7637,2636809.7,345.27
UNI,8,2022,6041,2423495.19,401.17
UNI,9,2022,5896,1311191.81,222.39
UNI,10,2022,28973,2002454.85,69.11
UNI,11,2022,41751,2773286.71,66.42
UNI,12,2022,22264,1538995.37,69.12
UNI,1,2023,139490,11468422.4,82.22
UNI,2,2023,114527,11057814.73,96.55
UNI,3,2023,114996,10764121.77,93.6
UNI,4,2023,104749,9187655.83,87.71
UNI,5,2023,84823,5774687.17,68.08
UNI,6,2023,94045,8366662.93,88.96
UNI,7,2023,125459,11696542.54,93.23
UNI,8,2023,141639,14131862.75,99.77
UNI,9,2023,72609,6425358.14,88.49
UNI,10,2023,134296,11506831.99,85.68
UNI,11,2023,181796,28653450.77,157.61
UNI,12,2023,134320,13322029.66,99.18
UNI,1,2024,191694,22671060.95,118.27
UNI,2,2024,221720,47384359.91,213.71
UNI,3,2024,357618,97095329.17,271.51
UNI,4,2024,200886,46024508.25,229.11
UNI,5,2024,182911,45176383.3,246.99
UNI,6,2024,230428,97516495.64,423.2
UNI,7,2024,146681,51316724.86,349.85
UNI,8,2024,130314,37437257.24,287.28
UNI,9,2024,141384,28242819.36,199.76
UNI,10,2024,176058,50519209.15,286.95
UNI,11,2024,413545,219434251.78,530.62
UNI,12,2024,659947,444612016.68,673.71
UNI,1,2025,315633,181429005.86,574.81
UNI,2,2025,178471,79589230.52,445.95
UNI,3,2025,192363,81190842.25,422.07
UNI,4,2025,131768,54336145.13,412.36
UNI,5,2025,204080,124986538.44,612.44
UNI,6,2025,189386,113685042.79,600.28
UNI,7,2025,274353,202967271.3,739.8
UNI,8,2025,200287,191471199.08,955.98
UNI,9,2025,131654,76972425.96,584.66
UNI,10,2025,156220,143883491.52,921.03
UNI,11,2025,173314,209942454.9,1211.34
UNI,12,2025,109203,43299829.1,396.51
UNI,1,2026,142885,93660974.6,655.5
UNI,2,2026,72348,54482722.62,753.06
UNI,3,2026,93712,44412632.94,473.93
UNI,4,2026,81778,40057904.82,489.84
UNI,5,2026,69991,43503354.46,621.56
UNI,6,2026,80810,51874424.14,641.93
USDC,11,2019,3,760520.0,253506.67
USDC,12,2019,2,86348.0,43174.0
USDC,1,2020,3,1542.11,514.04
USDC,2,2020,9,3217.77,357.53
USDC,3,2020,34,31473.33,925.69
USDC,4,2020,765,244558.91,319.68
USDC,5,2020,6632,3560540.45,536.87
USDC,6,2020,19766,9901481.25,500.94
USDC,7,2020,22097,8748662.71,395.92
USDC,8,2020,19657,176598792.38,8984.02
USDC,9,2020,14780,205071345.2,13874.92
USDC,10,2020,9207,413058494.61,44863.53
USDC,11,2020,24362,623845992.28,25607.34
USDC,12,2020,26935,635908211.24,23608.99
USDC,1,2021,52714,622086551.6,11801.16
USDC,2,2021,51339,736954446.24,14354.67
USDC,3,2021,57097,660665155.34,11570.93
USDC,4,2021,71823,799235702.4,11127.85
USDC,5,2021,54051,927463315.3,17159.04
USDC,6,2021,26173,1199764364.38,45839.77
USDC,7,2021,22028,1348269697.69,61207.09
USDC,8,2021,32682,1142212908.78,34949.3
USDC,9,2021,36569,838093506.17,22918.14
USDC,10,2021,43311,362655611.15,8373.29
USDC,11,2021,42531,673401016.09,15833.18
USDC,12,2021,38327,401789186.7,10483.19
USDC,1,2022,30362,1109445068.12,36540.58
USDC,2,2022,25238,1035713302.41,41037.85
USDC,3,2022,26407,795497954.54,30124.51
USDC,4,2022,24051,627729799.37,26099.95
USDC,5,2022,29035,1057938564.7,36436.66
USDC,6,2022,24566,849111836.99,34564.51
USDC,7,2022,30112,1029213459.8,34179.51
USDC,8,2022,26244,530620670.2,20218.74
USDC,9,2022,131669,354537893.87,2692.65
USDC,10,2022,110503,453168392.56,4100.96
USDC,11,2022,91188,782589436.39,8582.15
USDC,12,2022,79621,988296202.8,12412.51
USDC,1,2023,86459,793525529.76,9178.06
USDC,2,2023,77038,634520025.95,8236.46
USDC,3,2023,49111,435662731.99,8870.98
USDC,4,2023,28718,419442338.51,14605.56
USDC,5,2023,53735,1037895380.22,19315.07
USDC,6,2023,47372,1139734648.4,24059.25
USDC,7,2023,39949,1056969614.59,26457.97
USDC,8,2023,46323,1275470338.46,27534.28
USDC,9,2023,26088,1100229906.16,42173.79
USDC,10,2023,34348,1136834280.52,33097.54
USDC,11,2023,56443,1207841015.04,21399.31
USDC,12,2023,79703,858199358.44,10767.47
USDC,1,2024,59154,1310389333.14,22152.17
USDC,2,2024,187294,1077364353.72,5752.26
USDC,3,2024,515573,1663872954.38,3227.23
USDC,4,2024,487595,1361889221.81,2793.07
USDC,5,2024,418530,827204959.78,1976.45
USDC,6,2024,561236,1328426176.07,2366.97
USDC,7,2024,567651,1242612898.17,2189.04
USDC,8,2024,547864,1118572204.98,2041.7
USDC,9,2024,1096418,1480025308.35,1349.87
USDC,10,2024,1251142,1437023711.56,1148.57
USDC,11,2024,1853495,888319406.82,479.27
USDC,12,2024,2863659,1066396075.4,372.39
USDC,1,2025,2422921,968152225.68,399.58
USDC,2,2025,1872794,978251922.73,522.35
USDC,3,2025,2349234,1943341168.67,827.22
USDC,4,2025,2308282,1427900861.43,618.6
USDC,5,2025,2395066,2183209250.57,911.54
USDC,6,2025,2344829,1741643434.56,742.76
USDC,7,2025,2552573,2513241920.86,984.59
USDC,8,2025,2559708,2220768273.3,867.59
USDC,9,2025,2532227,3352990220.14,1324.13
USDC,10,2025,2774854,5636704672.54,2031.35
USDC,11,2025,2807959,5712168837.58,2034.28
USDC,12,2025,2133844,4448336325.98,2084.66
USDC,1,2026,2452725,4192153586.04,1709.18
USDC,2,2026,2650367,4183796622.82,1578.57
USDC,3,2026,2444337,3837838789.23,1570.09
USDC,4,2026,2607194,4792114486.34,1838.04
USDC,5,2026,2898957,7241823933.85,2498.08
USDC,6,2026,2646529,14061395168.84,5313.15
USDP,9,2021,3,131462.79,43820.93
USDP,10,2021,4,141289.88,35322.47
USDP,11,2021,289,42434.69,146.83
USDP,12,2021,614967,11275767.1,18.34
USDP,1,2022,437231,9922529.52,22.69
USDP,2,2022,275267,7801997.74,28.34
USDP,3,2022,313499,9809257.43,31.29
USDP,4,2022,342811,8907180.6,25.98
USDP,5,2022,311128,8568396.37,27.54
USDP,6,2022,214770,5193771.26,24.18
USDP,7,2022,168623,5213430.43,30.92
USDP,8,2022,217999,5096282.72,23.38
USDP,9,2022,318448,5409690.43,16.99
USDP,10,2022,183941,6701439.03,36.43
USDP,11,2022,170435,8327240.12,48.86
USDP,12,2022,134206,5085125.06,37.89
USDP,1,2023,167980,10916518.56,64.99
USDP,2,2023,139349,4577524.09,32.85
USDP,3,2023,155808,4776471.69,30.66
USDP,4,2023,114395,6922765.72,60.52
USDP,5,2023,102916,3300700.75,32.07
USDP,6,2023,96930,4187901.28,43.21
USDP,7,2023,120239,3522440.86,29.3
USDP,8,2023,145790,4320789.78,29.64
USDP,9,2023,89000,2803731.32,31.5
USDP,10,2023,97647,3217011.52,32.95
USDP,11,2023,88272,5329624.11,60.38
USDP,12,2023,210892,4433065.14,21.02
USDP,1,2024,86925,3624848.53,41.7
USDP,2,2024,74118,2360505.48,31.85
USDP,3,2024,95054,3271247.02,34.41
USDP,4,2024,95956,4235877.66,44.14
USDP,5,2024,72674,3304891.38,45.48
USDP,6,2024,81705,3900329.59,47.74
USDP,7,2024,76519,3855220.49,50.38
USDP,8,2024,1420,356886.23,251.33
USDP,9,2024,429,51386.06,119.78
USDP,10,2024,768,74744.25,97.32
USDP,11,2024,1505,140038.3,93.05
USDP,12,2024,1069,88487.77,82.78
USDP,1,2025,1159,84096.49,72.56
USDP,2,2025,435,55986.31,128.7
USDP,3,2025,265,12753.75,48.13
USDP,4,2025,336,18493.54,55.04
USDP,5,2025,284,8569.56,30.17
USDP,6,2025,240,231750.72,965.63
USDP,7,2025,492,2112492.96,4293.68
USDP,8,2025,445,2156682.8,4846.48
USDP,9,2025,250,7553.39,30.21
USDP,10,2025,353,8641.18,24.48
USDP,11,2025,121,7882.83,65.15
USDP,12,2025,207,34265.82,165.54
USDP,1,2026,356,19164.49,53.83
USDP,2,2026,260,9012.95,34.67
USDP,3,2026,236,8964.53,37.99
USDP,4,2026,251,262424.46,1045.52
USDP,5,2026,208,186845.44,898.3
USDP,6,2026,153,16666.53,108.93
USDT,8,2019,2277,25358737.2,11136.91
USDT,9,2019,4321,50664460.93,11725.17
USDT,10,2019,13570,110900835.82,8172.5
USDT,11,2019,4877,132570207.59,27182.74
USDT,12,2019,1761,415472650.33,235929.95
USDT,1,2020,3757,557167085.59,148301.06
USDT,2,2020,6344,669078377.12,105466.33
USDT,3,2020,7650,667717268.44,87283.3
USDT,4,2020,8925,91243796.91,10223.39
USDT,5,2020,16830,268506594.38,15954.05
USDT,6,2020,22812,1455582756.43,63807.77
USDT,7,2020,39312,3171267023.25,80669.19
USDT,8,2020,33797,2107079523.7,62345.16
USDT,9,2020,40425,2752379339.15,68086.07
USDT,10,2020,38961,2924537280.96,75063.2
USDT,11,2020,49700,4455303752.8,89643.94
USDT,12,2020,57083,5094251421.08,89242.88
USDT,1,2021,71133,3362769699.14,47274.4
USDT,2,2021,259865,3390822466.85,13048.4
USDT,3,2021,106622,3591184533.23,33681.46
USDT,4,2021,106193,5522750149.32,52006.73
USDT,5,2021,118096,6589232828.02,55795.56
USDT,6,2021,80351,7296691333.34,90810.21
USDT,7,2021,69338,6408057599.63,92417.69
USDT,8,2021,72960,5288454862.18,72484.3
USDT,9,2021,77237,4422488639.2,57258.68
USDT,10,2021,68044,4205881109.94,61811.2
USDT,11,2021,74890,8918991071.56,119094.55
USDT,12,2021,75129,7821654047.85,104109.65
USDT,1,2022,79581,8972423667.51,112745.8
USDT,2,2022,95655,7611783734.43,79575.39
USDT,3,2022,107631,8019192008.69,74506.34
USDT,4,2022,116565,8983890592.98,77071.94
USDT,5,2022,112569,11233126084.27,99788.81
USDT,6,2022,99371,9797238778.98,98592.53
USDT,7,2022,125130,9259421767.43,73998.42
USDT,8,2022,135835,10976090361.44,80804.58
USDT,9,2022,129357,8876656459.26,68621.38
USDT,10,2022,153000,11087683683.04,72468.52
USDT,11,2022,163850,12071767327.37,73675.72
USDT,12,2022,180417,11040418228.1,61193.89
USDT,1,2023,195309,14459899666.75,74036.01
USDT,2,2023,174785,13027295214.66,74533.26
USDT,3,2023,219970,17348715385.29,78868.55
USDT,4,2023,227507,19657216019.21,86402.69
USDT,5,2023,258054,15076464143.05,58423.68
USDT,6,2023,294402,18024562193.63,61224.32
USDT,7,2023,256729,19071297858.25,74285.72
USDT,8,2023,300812,20507125478.76,68172.56
USDT,9,2023,244447,14207761246.18,58122.05
USDT,10,2023,325160,18437534899.94,56702.96
USDT,11,2023,362593,18646660510.84,51425.87
USDT,12,2023,407703,20738552825.7,50866.81
USDT,1,2024,433449,21634460624.37,49912.36
USDT,2,2024,433392,14774193047.32,34089.68
USDT,3,2024,821158,18741766412.03,22823.58
USDT,4,2024,703613,20052802670.34,28499.76
USDT,5,2024,684359,20975128063.41,30649.31
USDT,6,2024,608234,19668025764.48,32336.28
USDT,7,2024,711502,21015380758.06,29536.64
USDT,8,2024,764141,23132842458.12,30273.0
USDT,9,2024,878329,26533341908.71,30208.89
USDT,10,2024,703871,22658008141.81,32190.57
USDT,11,2024,806786,20148967199.71,24974.36
USDT,12,2024,2584178,29339510063.99,11353.52
USDT,1,2025,7907642,29089650305.97,3678.68
USDT,2,2025,5042198,23642387048.1,4688.9
USDT,3,2025,2531009,25066474012.59,9903.75
USDT,4,2025,2042075,26676175218.37,13063.27
USDT,5,2025,1195935,22690472705.24,18973.0
USDT,6,2025,1058027,28640908377.42,27070.11
USDT,7,2025,1281642,27918777678.01,21783.6
USDT,8,2025,1385951,26087968647.46,18823.15
USDT,9,2025,1622058,24770052955.04,15270.76
USDT,10,2025,1699856,31759425522.8,18683.6
USDT,11,2025,1721172,34857586775.26,20252.24
USDT,12,2025,1567126,29587266179.21,18879.95
USDT,1,2026,1471079,28886341815.83,19636.16
USDT,2,2026,1570483,27670496809.21,17619.1
USDT,3,2026,2563762,31034681830.29,12105.13
USDT,4,2026,1818583,32944283824.25,18115.36
USDT,5,2026,1779696,44986268333.15,25277.5
USDT,6,2026,1663138,33959112651.71,20418.7
VET,5,2020,1,10.37,10.37
VET,8,2020,2,106507.75,53253.88
VET,9,2020,1,100.0,100.0
VET,11,2020,5,1776.38,355.28
VET,12,2020,3,189.61,63.2
VET,1,2021,17,26451.56,1555.97
VET,2,2021,40,57769.75,1444.24
VET,3,2021,121,90071.69,744.39
VET,4,2021,173,466461.51,2696.31
VET,5,2021,105,189501.35,1804.77
VET,6,2021,7922,3460044.33,436.76
VET,7,2021,5123,2607801.96,509.04
VET,8,2021,12931,8461862.47,654.39
VET,9,2021,10744,7502820.63,698.33
VET,10,2021,16526,14061459.07,850.87
VET,11,2021,14892,12252643.05,822.77
VET,12,2021,5505,2453891.6,445.76
VET,1,2022,3472,1184445.73,341.14
VET,2,2022,1935,634642.79,327.98
VET,3,2022,4584,2115008.15,461.39
VET,4,2022,2032,788280.38,387.93
VET,5,2022,2533,576074.36,227.43
VET,6,2022,1816,371924.62,204.8
VET,7,2022,1340,324972.18,242.52
VET,8,2022,1562,441363.66,282.56
VET,9,2022,1201,262963.85,218.95
VET,10,2022,670,103527.8,154.52
VET,11,2022,1272,244083.46,191.89
VET,12,2022,708,76663.86,108.28
VET,1,2023,1654,249009.62,150.55
VET,2,2023,1735,347354.87,200.2
VET,3,2023,1215,189822.49,156.23
VET,4,2023,806,130061.61,161.37
VET,5,2023,696,90191.55,129.59
VET,6,2023,1096,131155.1,119.67
VET,7,2023,794,85650.42,107.87
VET,8,2023,822,88404.58,107.55
VET,9,2023,1026,87925.69,85.7
VET,10,2023,1135,107678.74,94.87
VET,11,2023,8488,589561.59,69.46
VET,12,2023,24531,1654986.13,67.47
VET,1,2024,6472,485427.93,75.0
VET,2,2024,30915,2624862.39,84.91
VET,3,2024,289687,12836844.31,44.31
VET,4,2024,132671,4014860.02,30.26
VET,5,2024,29215,1183846.65,40.52
VET,6,2024,33383,1348817.84,40.4
VET,7,2024,10234,744581.78,72.76
VET,8,2024,28578,1025827.64,35.9
VET,9,2024,9786,1115300.52,113.97
VET,10,2024,3305,343969.35,104.08
VET,11,2024,8548,1099515.55,128.63
VET,12,2024,16022,2653376.01,165.61
VET,1,2025,7163,959229.31,133.91
VET,2,2025,2167,392994.68,181.35
VET,3,2025,1623,210538.24,129.72
VET,4,2025,1551,296439.83,191.13
VET,5,2025,1360,201307.26,148.02
VET,6,2025,944,187707.63,198.84
VET,7,2025,1685,347881.04,206.46
VET,8,2025,1331,390427.74,293.33
VET,9,2025,992,197009.19,198.6
VET,10,2025,750,238227.6,317.64
VET,11,2025,517,95148.3,184.04
VET,12,2025,385,50094.72,130.12
VET,1,2026,427,59740.49,139.91
VET,2,2026,293,29906.38,102.07
VET,3,2026,341,33819.63,99.18
VET,4,2026,475,50568.78,106.46
VET,5,2026,788,62598.39,79.44
VET,6,2026,642,51965.04,80.94
WAVES,8,2019,1,1500.0,1500.0
WAVES,9,2019,3,372.79,124.26
WAVES,10,2019,16,3410.17,213.14
WAVES,11,2019,1,26.96,26.96
WAVES,12,2019,2,99.23,49.61
WAVES,1,2020,8,1500.0,187.5
WAVES,2,2020,14,7468.17,533.44
WAVES,3,2020,4,2837.68,709.42
WAVES,4,2020,5,3337.33,667.47
WAVES,5,2020,13,6050.79,465.45
WAVES,6,2020,20,16003.2,800.16
WAVES,7,2020,3208,1976828.54,616.22
WAVES,8,2020,14809,13987342.86,944.52
WAVES,9,2020,3725,2790397.14,749.1
WAVES,10,2020,3134,2301930.38,734.5
WAVES,11,2020,6569,6660087.33,1013.87
WAVES,12,2020,5893,5258232.05,892.28
WAVES,1,2021,8625,6791511.29,787.42
WAVES,2,2021,12872,8561411.44,665.12
WAVES,3,2021,8997,6230769.73,692.54
WAVES,4,2021,25748,25156421.93,977.02
WAVES,5,2021,33343,48522755.72,1455.26
WAVES,6,2021,7494,10195528.45,1360.49
WAVES,7,2021,4185,5258634.88,1256.54
WAVES,8,2021,6801,5913198.34,869.46
WAVES,9,2021,4549,4147720.47,911.79
WAVES,10,2021,4351,4044983.46,929.67
WAVES,11,2021,2214,1570954.98,709.56
WAVES,12,2021,2106,1363476.67,647.42
WAVES,1,2022,1378,698086.92,506.59
WAVES,2,2022,1574,1024606.43,650.96
WAVES,3,2022,11264,13239907.38,1175.42
WAVES,4,2022,5310,5630296.07,1060.32
WAVES,5,2022,5933,3264821.49,550.28
WAVES,6,2022,8579,3928641.14,457.94
WAVES,7,2022,2970,1109582.15,373.6
WAVES,8,2022,2361,922108.88,390.56
WAVES,9,2022,1530,496578.94,324.56
WAVES,10,2022,1339,313667.87,234.26
WAVES,11,2022,1756,351627.25,200.24
WAVES,12,2022,1973,353563.2,179.2
WAVES,1,2023,1840,545448.89,296.44
WAVES,2,2023,1505,540041.6,358.83
WAVES,3,2023,598,156028.08,260.92
WAVES,4,2023,786,245063.55,311.79
WAVES,5,2023,890,232522.5,261.26
WAVES,6,2023,1383,270821.93,195.82
WAVES,7,2023,723,164386.25,227.37
WAVES,8,2023,319,64287.78,201.53
WAVES,9,2023,181,36617.55,202.31
WAVES,10,2023,295,103195.96,349.82
WAVES,11,2023,401,131595.7,328.17
WAVES,12,2023,619,180399.86,291.44
WAVES,1,2024,413,75878.17,183.72
WAVES,2,2024,454,133097.57,293.17
WAVES,3,2024,1256,363398.08,289.33
WAVES,4,2024,740,157146.64,212.36
WAVES,5,2024,567,88966.0,156.91
WAVES,6,2024,1360,200785.8,147.64
WAVES,7,2024,516,47691.61,92.43
WAVES,8,2024,235,18670.22,79.45
WAVES,9,2024,192,15167.1,79.0
WAVES,10,2024,299,27677.04,92.57
WAVES,11,2024,1459,158872.58,108.89
WAVES,12,2024,1208,140288.78,116.13
WAVES,1,2025,480,46865.56,97.64
WAVES,2,2025,305,30427.52,99.76
WAVES,3,2025,137,11640.82,84.97
WAVES,4,2025,115,7784.41,67.69
WAVES,5,2025,125,10952.56,87.62
WAVES,6,2025,73,5260.6,72.06
WAVES,7,2025,79,6906.8,87.43
WAVES,8,2025,109,8602.49,78.92
WAVES,9,2025,50,2869.44,57.39
WAVES,10,2025,249,26133.22,104.95
WAVES,11,2025,605,54333.05,89.81
WAVES,12,2025,272,28725.69,105.61
WAVES,1,2026,328,19946.89,60.81
WAVES,2,2026,168,10547.0,62.78
WAVES,3,2026,128,8190.23,63.99
WAVES,4,2026,85,5932.83,69.8
WAVES,5,2026,113,7459.93,66.02
WAVES,6,2026,197,14923.63,75.75
WBTC,6,2021,720,202428.55,281.15
WBTC,7,2021,620,174074.22,280.76
WBTC,8,2021,1289,506124.32,392.65
WBTC,9,2021,4096,2175911.24,531.23
WBTC,10,2021,10288,8477405.79,824.01
WBTC,11,2021,3940,1963845.3,498.44
WBTC,12,2021,1542,444686.48,288.38
WBTC,1,2022,1219,508009.2,416.74
WBTC,2,2022,1632,524219.51,321.21
WBTC,3,2022,1824,559548.67,306.77
WBTC,4,2022,1705,380108.17,222.94
WBTC,5,2022,1459,199677.91,136.86
WBTC,6,2022,1271,135494.13,106.6
WBTC,7,2022,1199,291261.95,242.92
WBTC,8,2022,765,145762.05,190.54
WBTC,9,2022,719,144781.32,201.36
WBTC,10,2022,1267,285029.38,224.96
WBTC,11,2022,1509,639449.67,423.76
WBTC,12,2022,873,223696.63,256.24
WBTC,1,2023,1484,200323.2,134.99
WBTC,2,2023,1238,132737.03,107.22
WBTC,3,2023,3341,980327.1,293.42
WBTC,4,2023,1883,560738.46,297.79
WBTC,5,2023,1393,254247.64,182.52
WBTC,6,2023,1328,204931.65,154.32
WBTC,7,2023,1590,262675.61,165.2
WBTC,8,2023,2737,229297.15,83.78
WBTC,9,2023,3305,235848.66,71.36
WBTC,10,2023,3709,447028.61,120.53
WBTC,11,2023,4188,1099492.68,262.53
WBTC,12,2023,5976,1143280.8,191.31
WBTC,1,2024,5852,1002753.1,171.35
WBTC,2,2024,8366,1406404.14,168.11
WBTC,3,2024,13417,3530365.45,263.13
WBTC,4,2024,6183,1126586.96,182.21
WBTC,5,2024,5848,2469911.65,422.35
WBTC,6,2024,4732,807383.15,170.62
WBTC,7,2024,5938,1399241.46,235.64
WBTC,8,2024,6807,1443006.9,211.99
WBTC,9,2024,4170,780278.85,187.12
WBTC,10,2024,6461,1499796.31,232.13
WBTC,11,2024,13406,2986904.84,222.8
WBTC,12,2024,7691,2004271.08,260.6
WBTC,1,2025,6329,1181228.95,186.64
WBTC,2,2025,3436,818509.12,238.22
WBTC,3,2025,3183,838173.93,263.33
WBTC,4,2025,3241,534359.87,164.87
WBTC,5,2025,3891,505924.4,130.02
WBTC,6,2025,2307,236529.67,102.53
WBTC,7,2025,3938,707476.94,179.65
WBTC,8,2025,2592,457493.22,176.5
WBTC,9,2025,2911,515516.72,177.09
WBTC,10,2025,2628,579812.09,220.63
WBTC,11,2025,1660,303886.61,183.06
WBTC,12,2025,1943,963794.3,496.03
WBTC,1,2026,2004,973038.62,485.55
WBTC,2,2026,1783,2980102.55,1671.4
WBTC,3,2026,1485,499553.5,336.4
WBTC,4,2026,1361,271781.35,199.69
WBTC,5,2026,896,165110.9,184.28
WBTC,6,2026,1061,132778.79,125.14
WBX,7,2020,58076,38723717.24,666.78
WBX,8,2020,40324,21456253.53,532.1
WBX,9,2020,29430,13037857.34,443.01
WBX,10,2020,17831,6513639.74,365.3
WBX,11,2020,42672,18429652.03,431.89
WBX,12,2020,70360,31509692.82,447.84
WBX,1,2021,47279,13493540.38,285.4
WBX,2,2021,60363,25852696.39,428.29
WBX,3,2021,653913,829359836.39,1268.3
WBX,4,2021,216331,219781658.15,1015.95
WBX,5,2021,115562,77770743.51,672.98
WBX,6,2021,75864,55286003.16,728.75
WBX,7,2021,64365,29585310.32,459.65
WBX,8,2021,172086,146736548.22,852.69
WBX,9,2021,101766,55737385.59,547.7
WBX,10,2021,93562,42354388.52,452.69
WBX,11,2021,83301,34902330.62,418.99
WBX,12,2021,53825,20207243.98,375.42
WBX,1,2022,42727,10665515.88,249.62
WBX,2,2022,45185,13594664.41,300.87
WBX,3,2022,33745,7219710.56,213.95
WBX,4,2022,20416,4328814.81,212.03
WBX,5,2022,24216,4669835.7,192.84
WBX,6,2022,19648,4618838.98,235.08
WBX,7,2022,26992,6318071.4,234.07
WBX,8,2022,16654,3748701.63,225.09
WBX,9,2022,13951,3189568.95,228.63
WBX,10,2022,37329,13413346.28,359.33
WBX,11,2022,35658,13349604.07,374.38
WBX,12,2022,15794,3838416.65,243.03
WBX,1,2023,25203,8129714.6,322.57
WBX,2,2023,46865,19914492.05,424.93
WBX,3,2023,22017,6266166.9,284.61
WBX,4,2023,16901,3394507.3,200.85
WBX,5,2023,20025,4014339.3,200.47
WBX,6,2023,13958,2889764.04,207.03
WBX,7,2023,19062,5189028.78,272.22
WBX,8,2023,19323,5430927.86,281.06
WBX,9,2023,19280,4519237.38,234.4
WBX,10,2023,16605,3785624.51,227.98
WBX,11,2023,17513,4138945.36,236.34
WBX,12,2023,17504,3719181.09,212.48
WBX,1,2024,18124,3959936.89,218.49
WBX,2,2024,33049,9846740.64,297.94
WBX,3,2024,39672,12027611.43,303.18
WBX,4,2024,19520,5435422.55,278.45
WBX,5,2024,20164,5770682.36,286.19
WBX,6,2024,23546,11958926.77,507.9
WBX,7,2024,22160,11504460.19,519.15
WBX,8,2024,25927,11452853.02,441.73
WBX,9,2024,24990,12844975.85,514.0
WBX,10,2024,19763,7870327.25,398.24
WBX,11,2024,30551,8845697.1,289.54
WBX,12,2024,53125,12039978.05,226.63
WBX,1,2025,57364,11986873.54,208.96
WBX,2,2025,24305,5321010.74,218.93
WBX,3,2025,16837,3169567.02,188.25
WBX,4,2025,13986,2290101.76,163.74
WBX,5,2025,9685,1550416.42,160.08
WBX,6,2025,7589,1602685.92,211.19
WBX,7,2025,29544,11703295.9,396.13
WBX,8,2025,56613,57858200.44,1021.99
WBX,9,2025,45639,42347104.1,927.87
WBX,10,2025,20070,11696684.12,582.79
WBX,11,2025,12091,6464968.94,534.69
WBX,12,2025,16286,6921227.89,424.98
WBX,1,2026,21175,6071864.79,286.75
WBX,2,2026,12461,3807216.89,305.53
WBX,3,2026,14184,3543755.85,249.84
WBX,4,2026,13159,3189391.12,242.37
WBX,5,2026,9461,2788088.32,294.69
WBX,6,2026,8742,3361308.5,384.5
XLM,8,2019,650,111618.43,171.72
XLM,9,2019,1212,681412.69,562.22
XLM,10,2019,991,273572.37,276.06
XLM,11,2019,1909,1109975.91,581.44
XLM,12,2019,926,360297.21,389.09
XLM,1,2020,3445,1236144.1,358.82
XLM,2,2020,2350,883344.58,375.89
XLM,3,2020,1559,369484.45,237.0
XLM,4,2020,3850,1243738.57,323.05
XLM,5,2020,3601,1071445.35,297.54
XLM,6,2020,4960,1825831.57,368.11
XLM,7,2020,4808,2512497.92,522.57
XLM,8,2020,4627,2242041.28,484.56
XLM,9,2020,1597,650638.49,407.41
XLM,10,2020,1256,735194.71,585.35
XLM,11,2020,7862,6765617.06,860.55
XLM,12,2020,6706,3702666.58,552.14
XLM,1,2021,32434,31185976.65,961.52
XLM,2,2021,30303,34250382.94,1130.26
XLM,3,2021,14165,10375865.18,732.5
XLM,4,2021,30589,26392158.34,862.8
XLM,5,2021,61348,34708902.04,565.77
XLM,6,2021,16033,5152745.28,321.38
XLM,7,2021,9564,3096188.31,323.73
XLM,8,2021,17688,7287966.15,412.03
XLM,9,2021,10880,3993796.3,367.08
XLM,10,2021,13326,6612863.93,496.24
XLM,11,2021,12160,4625048.05,380.35
XLM,12,2021,11036,2474154.58,224.19
XLM,1,2022,7799,1264763.98,162.17
XLM,2,2022,28847,4426717.93,153.46
XLM,3,2022,24315,5178170.31,212.96
XLM,4,2022,19531,4699770.79,240.63
XLM,5,2022,18153,1512412.1,83.31
XLM,6,2022,12683,2222708.01,175.25
XLM,7,2022,10137,1383455.6,136.48
XLM,8,2022,8371,1115382.2,133.24
XLM,9,2022,8003,1033007.72,129.08
XLM,10,2022,7908,994866.79,125.81
XLM,11,2022,6417,921941.13,143.67
XLM,12,2022,4968,1635287.4,329.16
XLM,1,2023,6502,1043251.21,160.45
XLM,2,2023,7232,963964.59,133.29
XLM,3,2023,10899,1304194.73,119.66
XLM,4,2023,9182,3175544.83,345.84
XLM,5,2023,6133,627837.68,102.37
XLM,6,2023,8496,1278158.8,150.44
XLM,7,2023,39317,5053805.78,128.54
XLM,8,2023,34537,2372703.65,68.7
XLM,9,2023,9272,1171319.21,126.33
XLM,10,2023,10189,2058065.77,201.99
XLM,11,2023,13223,2683394.72,202.93
XLM,12,2023,16542,2375961.17,143.63
XLM,1,2024,35523,2160406.03,60.82
XLM,2,2024,120037,9771527.57,81.4
XLM,3,2024,256206,34661144.51,135.29
XLM,4,2024,157585,15079726.17,95.69
XLM,5,2024,126349,12120845.7,95.93
XLM,6,2024,112967,9620563.49,85.16
XLM,7,2024,145285,15537126.61,106.94
XLM,8,2024,111834,10027169.99,89.66
XLM,9,2024,97074,8302659.85,85.53
XLM,10,2024,103768,10387770.02,100.11
XLM,11,2024,1103950,1575910773.14,1427.52
XLM,12,2024,746281,863887553.05,1157.59
XLM,1,2025,489068,413247357.3,844.97
XLM,2,2025,232090,119144378.3,513.35
XLM,3,2025,315346,160270052.13,508.24
XLM,4,2025,113248,43588500.84,384.89
XLM,5,2025,104261,41533057.69,398.36
XLM,6,2025,78249,17500429.97,223.65
XLM,7,2025,230324,252276994.67,1095.31
XLM,8,2025,120728,114357136.04,947.23
XLM,9,2025,76826,41965821.51,546.25
XLM,10,2025,81240,59337505.6,730.4
XLM,11,2025,59633,31443556.82,527.28
XLM,12,2025,16491,5704712.15,345.93
XLM,1,2026,50634,22320002.46,440.81
XLM,2,2026,42679,14646064.41,343.17
XLM,3,2026,41674,15544757.24,373.01
XLM,4,2026,46983,11448042.43,243.66
XLM,5,2026,95741,53257551.34,556.27
XLM,6,2026,116088,69917433.61,602.28
XMR,8,2019,4,3293.6,823.4
XMR,9,2019,7,7991.01,1141.57
XMR,12,2019,1,120.0,120.0
XMR,1,2020,8,3377.86,422.23
XMR,2,2020,20,5255.06,262.75
XMR,3,2020,9,2527.51,280.83
XMR,4,2020,33,37533.64,1137.38
XMR,5,2020,17,26397.4,1552.79
XMR,6,2020,2640,1638474.65,620.63
XMR,7,2020,1583,876885.6,553.94
XMR,8,2020,1808,1092792.37,604.42
XMR,9,2020,961,755532.41,786.19
XMR,10,2020,1769,1484593.86,839.23
XMR,11,2020,1972,1981044.56,1004.59
XMR,12,2020,2530,2002156.44,791.37
XMR,1,2021,6234,4968524.45,797.0
XMR,2,2021,9368,7315955.99,780.95
XMR,3,2021,5519,3664566.18,663.99
XMR,4,2021,12744,10521954.64,825.64
XMR,5,2021,9212,8232394.89,893.66
XMR,6,2021,2544,1744880.44,685.88
XMR,7,2021,1513,1566861.54,1035.6
XMR,8,2021,2596,2772629.47,1068.04
XMR,9,2021,1540,1233752.97,801.14
XMR,10,2021,1938,1631778.64,841.99
XMR,11,2021,1310,930576.48,710.36
XMR,12,2021,1037,593747.53,572.56
XMR,1,2022,830,471053.7,567.53
XMR,2,2022,667,423605.71,635.09
XMR,3,2022,1266,781434.3,617.25
XMR,4,2022,1354,980525.27,724.17
XMR,5,2022,1439,884659.65,614.77
XMR,6,2022,1269,859153.65,677.03
XMR,7,2022,1083,706200.73,652.08
XMR,8,2022,700,348597.54,498.0
XMR,9,2022,773,699534.1,904.96
XMR,10,2022,722,585737.0,811.27
XMR,11,2022,786,470794.38,598.98
XMR,12,2022,629,390878.72,621.43
XMR,1,2023,830,463061.17,557.91
XMR,2,2023,746,384344.23,515.21
XMR,3,2023,768,338396.85,440.62
XMR,4,2023,893,586322.07,656.58
XMR,5,2023,1244,878605.22,706.27
XMR,6,2023,652,594364.91,911.6
XMR,7,2023,726,405399.99,558.4
XMR,8,2023,1193,596184.54,499.74
XMR,9,2023,805,643931.63,799.92
XMR,10,2023,1307,784976.3,600.59
XMR,11,2023,1041,691501.23,664.27
XMR,12,2023,1239,680004.75,548.83
XMR,1,2024,1171,625665.49,534.3
XMR,2,2024,2921,819640.37,280.6
XMR,3,2024,2288,407798.13,178.23
XMR,4,2024,1438,253902.68,176.57
XMR,5,2024,1363,192734.17,141.4
XMR,6,2024,1174,156077.49,132.95
XMR,7,2024,1621,214279.66,132.19
XMR,8,2024,1044,130822.79,125.31
XMR,9,2024,1982,196738.19,99.26
XMR,10,2024,1746,224292.62,128.46
XMR,11,2024,1783,209053.88,117.25
XMR,12,2024,3661,378815.23,103.47
XMR,1,2025,556,83092.62,149.45
XMR,2,2025,547,126583.83,231.41
XMR,3,2025,516,236373.56,458.09
XMR,4,2025,407,233433.63,573.55
XMR,5,2025,1078,580193.33,538.21
XMR,6,2025,386,177339.08,459.43
XMR,7,2025,839,275549.51,328.43
XMR,8,2025,911,196830.7,216.06
XMR,9,2025,320,98980.14,309.31
XMR,10,2025,838,159413.64,190.23
XMR,11,2025,2743,454619.36,165.74
XMR,12,2025,2013,289483.61,143.81
XMR,1,2026,3519,665795.17,189.2
XMR,2,2026,1047,175736.62,167.85
XMR,3,2026,1238,335492.03,271.0
XMR,4,2026,346,428152.49,1237.43
XMR,5,2026,438,488917.28,1116.25
XMR,6,2026,1422,152152.76,107.0
XRP,8,2019,79818,22457571.71,281.36
XRP,9,2019,92469,1549125776.36,16752.92
XRP,10,2019,70879,748097588.68,10554.57
XRP,11,2019,69932,1017527745.77,14550.25
XRP,12,2019,37066,587244369.28,15843.21
XRP,1,2020,66675,1222420644.85,18334.02
XRP,2,2020,105442,2555948262.41,24240.32
XRP,3,2020,92525,3244708889.71,35068.46
XRP,4,2020,73821,3476559503.9,47094.45
XRP,5,2020,90978,2897678811.28,31850.32
XRP,6,2020,57109,2216755756.17,38816.22
XRP,7,2020,70205,3405352974.57,48505.85
XRP,8,2020,102450,2975606482.16,29044.48
XRP,9,2020,50774,40793101.35,803.43
XRP,10,2020,42901,45412272.93,1058.54
XRP,11,2020,324662,383426368.61,1181.0
XRP,12,2020,388703,393474515.55,1012.28
XRP,1,2021,484953,423301469.49,872.87
XRP,2,2021,802041,924781760.97,1153.04
XRP,3,2021,417322,387685579.87,928.98
XRP,4,2021,1510861,2335450780.09,1545.77
XRP,5,2021,778726,1205792705.83,1548.42
XRP,6,2021,254128,243354646.07,957.61
XRP,7,2021,182974,181054058.4,989.51
XRP,8,2021,461316,551167973.54,1194.77
XRP,9,2021,294981,326292074.12,1106.15
XRP,10,2021,266429,271257775.55,1018.12
XRP,11,2021,232798,248084415.83,1065.66
XRP,12,2021,154408,124352754.8,805.35
XRP,1,2022,105795,76847400.94,726.38
XRP,2,2022,122884,70230754.0,571.52
XRP,3,2022,100585,55674010.41,553.5
XRP,4,2022,82669,38742908.26,468.65
XRP,5,2022,89755,38741897.96,431.64
XRP,6,2022,71639,29376529.54,410.06
XRP,7,2022,68716,24714867.08,359.67
XRP,8,2022,59203,22832215.96,385.66
XRP,9,2022,84935,42425393.09,499.5
XRP,10,2022,76973,40962416.43,532.17
XRP,11,2022,96666,56709702.97,586.66
XRP,12,2022,47759,25286276.25,529.46
XRP,1,2023,61119,26311692.25,430.5
XRP,2,2023,48266,18961168.79,392.85
XRP,3,2023,103755,42928681.86,413.75
XRP,4,2023,62114,22607289.51,363.96
XRP,5,2023,45525,24395589.53,535.87
XRP,6,2023,46766,29962681.09,640.69
XRP,7,2023,122537,76438951.56,623.8
XRP,8,2023,102357,28472487.43,278.17
XRP,9,2023,75874,20464744.61,269.72
XRP,10,2023,100438,32397280.3,322.56
XRP,11,2023,116022,54516939.37,469.88
XRP,12,2023,100265,51225533.49,510.9
XRP,1,2024,99897,35935950.4,359.73
XRP,2,2024,104657,41220157.36,393.86
XRP,3,2024,182482,91433805.45,501.06
XRP,4,2024,153843,51348324.47,333.77
XRP,5,2024,131608,35463791.01,269.47
XRP,6,2024,110569,37436587.94,338.58
XRP,7,2024,148696,74996805.7,504.36
XRP,8,2024,124840,141359224.48,1132.32
XRP,9,2024,104510,56066651.96,536.47
XRP,10,2024,117694,72268554.36,614.04
XRP,11,2024,457473,579395070.06,1266.51
XRP,12,2024,676116,810461410.95,1198.7
XRP,1,2025,1218169,1051316216.59,863.03
XRP,2,2025,749070,661009456.47,882.44
XRP,3,2025,949594,872957716.58,919.3
XRP,4,2025,411549,382163382.69,928.6
XRP,5,2025,415154,345773615.32,832.88
XRP,6,2025,280875,241263181.7,858.97
XRP,7,2025,591184,692076925.39,1170.66
XRP,8,2025,469170,457237912.8,974.57
XRP,9,2025,330578,258272303.69,781.27
XRP,10,2025,409978,418405056.32,1020.55
XRP,11,2025,386586,312349653.02,807.97
XRP,12,2025,175177,147565906.77,842.38
XRP,1,2026,363427,281015490.6,773.24
XRP,2,2026,340211,214645708.27,630.92
XRP,3,2026,247109,125394719.19,507.45
XRP,4,2026,222818,92030819.53,413.03
XRP,5,2026,262559,100510731.64,382.81
XRP,6,2026,260393,101535638.3,389.93
XTZ,8,2019,42,255784.15,6090.1
XTZ,9,2019,15,21025.53,1401.7
XTZ,11,2019,46,613023.48,13326.6
XTZ,12,2019,27,65189.72,2414.43
XTZ,1,2020,18,198543.59,11030.2
XTZ,2,2020,181,1088254.24,6012.45
XTZ,3,2020,29,209201.47,7213.84
XTZ,4,2020,1697,1798980.6,1060.09
XTZ,5,2020,4390,3114118.48,709.37
XTZ,6,2020,1913,1186386.26,620.17
XTZ,7,2020,3445,2808782.82,815.32
XTZ,8,2020,5792,5131219.29,885.91
XTZ,9,2020,1980,1182234.69,597.09
XTZ,10,2020,1677,913679.42,544.83
XTZ,11,2020,2714,1716640.52,632.51
XTZ,12,2020,1986,992547.42,499.77
XTZ,1,2021,5556,3470143.55,624.58
XTZ,2,2021,8888,5574087.47,627.15
XTZ,3,2021,5592,3298827.53,589.92
XTZ,4,2021,9644,6722867.38,697.1
XTZ,5,2021,7178,5631967.08,784.62
XTZ,6,2021,2181,796995.91,365.43
XTZ,7,2021,1188,424237.68,357.1
XTZ,8,2021,5489,4503763.86,820.51
XTZ,9,2021,10264,11351185.87,1105.92
XTZ,10,2021,6554,6761246.41,1031.62
XTZ,11,2021,2749,1945422.36,707.68
XTZ,12,2021,3288,2675943.99,813.85
XTZ,1,2022,14135,5297184.46,374.76
XTZ,2,2022,16781,3591118.71,214.0
XTZ,3,2022,9156,1581535.91,172.73
XTZ,4,2022,7927,1157607.79,146.03
XTZ,5,2022,9223,1090077.4,118.19
XTZ,6,2022,8243,1880015.53,228.07
XTZ,7,2022,6206,874023.17,140.84
XTZ,8,2022,4274,840394.22,196.63
XTZ,9,2022,3933,524468.97,133.35
XTZ,10,2022,2113,277227.92,131.2
XTZ,11,2022,2487,458349.44,184.3
XTZ,12,2022,1152,258262.46,224.19
XTZ,1,2023,3170,984841.64,310.68
XTZ,2,2023,3374,699841.83,207.42
XTZ,3,2023,1997,295147.25,147.8
XTZ,4,2023,1940,402418.36,207.43
XTZ,5,2023,1158,88019.32,76.01
XTZ,6,2023,1504,98456.7,65.46
XTZ,7,2023,1885,177276.1,94.05
XTZ,8,2023,2713,128477.8,47.36
XTZ,9,2023,1444,57023.55,39.49
XTZ,10,2023,1779,176920.47,99.45
XTZ,11,2023,2095,254716.76,121.58
XTZ,12,2023,2500,239954.17,95.98
XTZ,1,2024,3735,363308.82,97.27
XTZ,2,2024,4172,386163.91,92.56
XTZ,3,2024,6036,1004700.85,166.45
XTZ,4,2024,3742,599838.08,160.3
XTZ,5,2024,2990,557975.4,186.61
XTZ,6,2024,1661,331743.25,199.73
XTZ,7,2024,1901,342859.64,180.36
XTZ,8,2024,1511,137201.36,90.8
XTZ,9,2024,1152,112314.16,97.49
XTZ,10,2024,1444,108188.61,74.92
XTZ,11,2024,7065,2051984.27,290.44
XTZ,12,2024,7707,1691730.24,219.51
XTZ,1,2025,3436,382295.52,111.26
XTZ,2,2025,1942,211359.6,108.84
XTZ,3,2025,1631,332801.3,204.05
XTZ,4,2025,1510,154546.67,102.35
XTZ,5,2025,34648,6509652.11,187.88
XTZ,6,2025,14256,1494295.4,104.82
XTZ,7,2025,58431,55662538.26,952.62
XTZ,8,2025,34796,32353820.79,929.81
XTZ,9,2025,17600,12947580.19,735.66
XTZ,10,2025,18037,9910201.76,549.44
XTZ,11,2025,19217,11709918.08,609.35
XTZ,12,2025,729,52608.91,72.17
XTZ,1,2026,15540,7500421.36,482.65
XTZ,2,2026,7914,2238967.0,282.91
XTZ,3,2026,9347,2971880.17,317.95
XTZ,4,2026,8251,1707393.95,206.93
XTZ,5,2026,9226,3408393.66,369.43
XTZ,6,2026,8546,1869503.74,218.76
YFI,9,2020,90,1666606.16,18517.85
YFI,10,2020,36,17643.27,490.09
YFI,11,2020,410,345864.98,843.57
YFI,12,2020,451,1466287.56,3251.19
YFI,1,2021,6073,106600473.12,17553.18
YFI,2,2021,4062,69901199.07,17208.57
YFI,3,2021,598,1561517.43,2611.23
YFI,4,2021,877,1386992.68,1581.52
YFI,5,2021,54853,201169449.94,3667.43
YFI,6,2021,14229,18761968.58,1318.57
YFI,7,2021,9978,7489376.28,750.59
YFI,8,2021,15174,11088915.17,730.78
YFI,9,2021,9952,6137987.36,616.76
YFI,10,2021,12416,7869180.84,633.79
YFI,11,2021,8679,6707335.14,772.82
YFI,12,2021,49953,26335616.26,527.21
YFI,1,2022,11059,9078877.71,820.95
YFI,2,2022,4392,1981452.98,451.15
YFI,3,2022,3293,2154981.39,654.41
YFI,4,2022,2304,1103398.73,478.91
YFI,5,2022,4229,1022071.74,241.68
YFI,6,2022,6163,1663958.02,269.99
YFI,7,2022,5355,2396780.08,447.58
YFI,8,2022,4521,2289631.09,506.44
YFI,9,2022,2837,1087777.35,383.43
YFI,10,2022,1478,506610.67,342.77
YFI,11,2022,2503,722937.8,288.83
YFI,12,2022,1650,300411.36,182.07
YFI,1,2023,1873,330659.94,176.54
YFI,2,2023,2992,710865.56,237.59
YFI,3,2023,4348,1326700.46,305.13
YFI,4,2023,1778,308753.63,173.65
YFI,5,2023,1860,278243.45,149.59
YFI,6,2023,1798,477416.95,265.53
YFI,7,2023,1808,208416.31,115.27
YFI,8,2023,1674,337263.03,201.47
YFI,9,2023,1272,185794.27,146.06
YFI,10,2023,1900,655611.94,345.06
YFI,11,2023,7270,2355511.76,324.0
YFI,12,2023,3680,877110.38,238.35
YFI,1,2024,4121,719091.32,174.49
YFI,2,2024,4614,938973.24,203.51
YFI,3,2024,7730,1612336.73,208.58
YFI,4,2024,4959,1246547.77,251.37
YFI,5,2024,2586,596113.22,230.52
YFI,6,2024,2244,1999597.35,891.09
YFI,7,2024,2492,5239452.13,2102.51
YFI,8,2024,2301,28972707.13,12591.35
YFI,9,2024,1725,388619.7,225.29
YFI,10,2024,1820,287159.48,157.78
YFI,11,2024,4936,1953903.83,395.85
YFI,12,2024,7657,3554310.77,464.19
YFI,1,2025,2762,1477092.04,534.79
YFI,2,2025,1557,767595.05,493.0
YFI,3,2025,1049,217136.85,206.99
YFI,4,2025,1112,783421.67,704.52
YFI,5,2025,1061,204651.77,192.89
YFI,6,2025,714,105285.35,147.46
YFI,7,2025,1115,208863.99,187.32
YFI,8,2025,1000,1087777.01,1087.78
YFI,9,2025,2110,753537.9,357.13
YFI,10,2025,3193,750992.66,235.2
YFI,11,2025,2447,518622.2,211.94
YFI,12,2025,2366,870318.86,367.84
YFI,1,2026,2301,599951.55,260.74
YFI,2,2026,2973,241427.51,81.21
YFI,3,2026,2360,241840.37,102.47
YFI,4,2026,1955,105239.99,53.83
YFI,5,2026,1938,128716.33,66.42
YFI,6,2026,2039,336044.51,164.81
ZEC,8,2019,9530,870615.56,91.36
ZEC,9,2019,3951,415716.53,105.22
ZEC,10,2019,3676,341409.96,92.88
ZEC,11,2019,2432,262651.72,108.0
ZEC,12,2019,2576,301528.71,117.05
ZEC,1,2020,10361,1506241.25,145.38
ZEC,2,2020,9191,1763433.22,191.87
ZEC,3,2020,12513,1349465.35,107.85
ZEC,4,2020,7026,1009176.64,143.63
ZEC,5,2020,253,41796.04,165.2
ZEC,6,2020,159,8979.21,56.47
ZEC,7,2020,258,47668.7,184.76
ZEC,8,2020,577,146229.77,253.43
ZEC,9,2020,205,18397.67,89.74
ZEC,10,2020,185,121528.2,656.91
ZEC,11,2020,351,63515.22,180.96
ZEC,12,2020,254,56859.35,223.86
ZEC,1,2021,9,5121.65,569.07
ZEC,2,2021,594,802844.28,1351.59
ZEC,3,2021,445,297480.89,668.5
ZEC,4,2021,593,489613.42,825.66
ZEC,5,2021,582,7407617.25,12727.86
ZEC,6,2021,78,1156473.65,14826.59
ZEC,7,2021,43,218114.08,5072.42
ZEC,8,2021,78,748740.67,9599.24
ZEC,9,2021,82,1433227.85,17478.39
ZEC,10,2021,21,150251.9,7154.85
ZEC,11,2021,4280,4613350.93,1077.89
ZEC,12,2021,769,561691.04,730.42
ZEC,1,2022,264,206159.67,780.91
ZEC,2,2022,275,230722.64,838.99
ZEC,3,2022,925,1477474.18,1597.27
ZEC,4,2022,418,586669.47,1403.52
ZEC,5,2022,310,365041.02,1177.55
ZEC,6,2022,126,34018.48,269.99
ZEC,7,2022,115,79212.52,688.8
ZEC,8,2022,163,131530.58,806.94
ZEC,9,2022,93,39184.94,421.34
ZEC,10,2022,49,49762.91,1015.57
ZEC,11,2022,103,49020.56,475.93
ZEC,12,2022,54,7436.3,137.71
ZEC,1,2023,480,144391.22,300.82
ZEC,2,2023,534,97466.13,182.52
ZEC,3,2023,502,140343.83,279.57
ZEC,4,2023,94,11372.49,120.98
ZEC,5,2023,134,13556.69,101.17
ZEC,6,2023,129,17814.46,138.1
ZEC,7,2023,131,23472.98,179.18
ZEC,8,2023,125,19221.62,153.77
ZEC,9,2023,64,3569.3,55.77
ZEC,10,2023,117,14725.14,125.86
ZEC,11,2023,242,34804.91,143.82
ZEC,12,2023,201,47682.48,237.23
ZEC,1,2024,330,141688.98,429.36
ZEC,2,2024,240,63175.51,263.23
ZEC,3,2024,323,100706.32,311.78
ZEC,4,2024,345,1256041.49,3640.7
ZEC,5,2024,332,2423031.53,7298.29
ZEC,6,2024,153,140279.17,916.86
ZEC,7,2024,246,41043.61,166.84
ZEC,8,2024,341,223629.11,655.8
ZEC,9,2024,196,51354.64,262.01
ZEC,10,2024,434,58128.76,133.94
ZEC,11,2024,629,94441.25,150.15
ZEC,12,2024,1232,158229.29,128.43
ZEC,1,2025,328,85828.83,261.67
ZEC,2,2025,198,131257.69,662.92
ZEC,3,2025,177,52721.74,297.86
ZEC,4,2025,248,161618.05,651.69
ZEC,5,2025,286,50342.92,176.02
ZEC,6,2025,115,14336.26,124.66
ZEC,7,2025,151,24972.79,165.38
ZEC,8,2025,82,43562.55,531.25
ZEC,9,2025,110,33076.51,300.7
ZEC,10,2025,4035,10583996.88,2623.05
ZEC,11,2025,7233,27495801.25,3801.44
ZEC,12,2025,4974,11421184.91,2296.18
ZEC,1,2026,3569,11587567.44,3246.73
ZEC,2,2026,1818,1197899.98,658.91
ZEC,3,2026,1952,651627.56,333.83
ZEC,4,2026,1628,1334983.72,820.01
ZEC,5,2026,4027,3906128.85,969.98
ZEC,6,2026,4573,8323788.35,1820.2
ZRX,9,2019,5,51233.81,10246.76
ZRX,10,2019,35,70741.36,2021.18
ZRX,11,2019,50,4810.49,96.21
ZRX,12,2019,121,6283.56,51.93
ZRX,1,2020,135,4561.04,33.79
ZRX,2,2020,294,27192.95,92.49
ZRX,3,2020,137,9324.99,68.07
ZRX,4,2020,180,13329.48,74.05
ZRX,5,2020,770,97462.89,126.58
ZRX,6,2020,429,82258.49,191.74
ZRX,7,2020,860,69635.49,80.97
ZRX,8,2020,1662,222277.74,133.74
ZRX,9,2020,428,40025.72,93.52
ZRX,10,2020,346,69304.2,200.3
ZRX,11,2020,379,48327.6,127.51
ZRX,12,2020,346,49040.73,141.74
ZRX,1,2021,9,10483.18,1164.8
ZRX,2,2021,1356,490023.05,361.37
ZRX,3,2021,1027,64638.09,62.94
ZRX,4,2021,817,187661.89,229.7
ZRX,5,2021,35067,24134484.51,688.24
ZRX,6,2021,14532,4540634.89,312.46
ZRX,7,2021,16358,5267184.96,321.99
ZRX,8,2021,49000,8743813.17,178.45
ZRX,9,2021,53061,7504862.86,141.44
ZRX,10,2021,20141,12276934.88,609.55
ZRX,11,2021,18851,11393590.79,604.4
ZRX,12,2021,6356,2136219.78,336.09
ZRX,1,2022,5205,2123255.14,407.93
ZRX,2,2022,3547,1006462.96,283.75
ZRX,3,2022,5137,2070828.45,403.12
ZRX,4,2022,7905,3509476.05,443.96
ZRX,5,2022,5583,24600652.11,4406.35
ZRX,6,2022,4057,1159698.44,285.85
ZRX,7,2022,3606,645163.67,178.91
ZRX,8,2022,2789,534029.98,191.48
ZRX,9,2022,2512,279187.47,111.14
ZRX,10,2022,2572,151054.67,58.73
ZRX,11,2022,3789,339845.58,89.69
ZRX,12,2022,3317,624523.68,188.28
ZRX,1,2023,9146,408531.83,44.67
ZRX,2,2023,10239,425851.09,41.59
ZRX,3,2023,11902,526080.27,44.2
ZRX,4,2023,13310,777639.9,58.43
ZRX,5,2023,4518,177444.17,39.27
ZRX,6,2023,3560,167713.2,47.11
ZRX,7,2023,6205,293093.92,47.24
ZRX,8,2023,4005,141145.74,35.24
ZRX,9,2023,2542,60648.34,23.86
ZRX,10,2023,7148,525156.07,73.47
ZRX,11,2023,6984,1102774.86,157.9
ZRX,12,2023,3337,322369.63,96.6
ZRX,1,2024,9315,464539.24,49.87
ZRX,2,2024,4010,415163.91,103.53
ZRX,3,2024,25087,6978370.15,278.17
ZRX,4,2024,5839,1054575.56,180.61
ZRX,5,2024,4272,783111.38,183.31
ZRX,6,2024,2859,594592.55,207.97
ZRX,7,2024,6325,1008623.85,159.47
ZRX,8,2024,4265,606074.3,142.1
ZRX,9,2024,1614,124753.39,77.29
ZRX,10,2024,2172,298351.49,137.36
ZRX,11,2024,5648,1319922.64,233.7
ZRX,12,2024,6426,1642978.07,255.68
ZRX,1,2025,4358,556338.48,127.66
ZRX,2,2025,2165,321054.04,148.29
ZRX,3,2025,1473,203928.06,138.44
ZRX,4,2025,1201,162781.94,135.54
ZRX,5,2025,1276,118668.88,93.0
ZRX,6,2025,770,100289.75,130.25
ZRX,7,2025,1133,112984.55,99.72
ZRX,8,2025,1328,404996.55,304.97
ZRX,9,2025,739,93502.49,126.53
ZRX,10,2025,1050,132382.8,126.08
ZRX,11,2025,906,262730.4,289.99
ZRX,12,2025,1183,279568.11,236.32
ZRX,1,2026,880,421513.41,478.99
ZRX,2,2026,467,185169.97,396.51
ZRX,3,2026,515,63684.47,123.66
ZRX,4,2026,281,29179.23,103.84
ZRX,5,2026,352,37082.6,105.35
ZRX,6,2026,348,40154.37,115.39
